rainfall_mm,temperature_c,road_condition,traffic_level,slope_risk,historical_incidents,previous_landslides,flood_risk,bridge_condition,disruption_probability,is_disrupted
30.5,16.7,0,1,55.6,3,3,2,3,31.0,0
195.7,25.8,3,1,19.5,4,1,0,2,53.4,0
85.6,24.7,0,0,45.6,4,1,2,1,31.8,0
59.3,28.7,0,0,64.8,7,2,0,2,29.2,0
11.0,18.3,1,1,88.9,6,2,1,0,38.0,0
11.0,23.2,1,1,81.3,5,5,3,0,46.3,0
3.9,14.8,0,3,17.0,3,0,0,1,14.3,0
130.7,27.2,0,0,30.8,1,1,2,0,24.2,0
59.7,26.1,1,2,83.7,6,4,2,0,43.4,0
80.0,26.0,1,0,61.6,5,3,0,0,27.5,0
1.4,23.0,0,1,60.3,3,3,0,1,21.6,0
227.7,25.5,1,1,69.7,6,4,0,2,55.4,1
116.1,32.6,1,0,36.0,2,4,0,3,45.5,0
15.5,21.3,2,0,62.1,3,2,1,1,26.8,0
13.0,23.8,0,0,50.0,3,1,2,0,14.7,0
13.2,16.5,0,0,80.6,4,2,0,0,18.4,0
23.6,17.8,1,1,46.9,5,4,3,0,21.5,0
48.4,23.6,2,0,56.1,0,2,0,1,21.1,0
36.8,29.6,0,1,30.2,3,2,1,0,13.0,0
22.4,21.5,1,0,82.5,5,6,3,1,47.5,0
61.5,21.6,0,2,64.2,4,4,1,1,29.5,0
9.8,20.6,0,2,46.8,7,3,0,0,13.5,0
22.5,19.8,1,2,33.2,5,5,1,0,24.1,0
29.7,24.8,0,1,36.3,5,3,1,0,22.1,0
39.6,14.0,2,0,30.9,3,2,0,1,21.7,0
100.0,30.7,1,2,48.8,3,5,0,0,33.0,0
14.5,19.0,1,0,72.9,9,3,1,0,26.9,0
46.9,27.3,1,0,81.1,1,5,2,0,31.6,0
58.3,15.4,1,0,32.2,3,4,0,1,20.2,0
3.1,27.0,0,1,66.8,8,1,2,0,23.0,0
60.8,27.0,2,1,94.0,4,1,0,0,40.0,0
12.2,25.3,3,1,31.6,0,4,1,0,24.7,0
4.4,17.0,0,1,65.4,6,1,2,0,29.5,0
193.3,24.5,0,0,42.6,4,2,2,0,40.5,0
219.1,15.9,0,2,48.8,7,3,3,0,45.3,0
107.4,21.5,1,1,42.6,7,0,2,1,38.7,0
23.6,29.2,1,1,31.2,4,2,1,0,21.8,0
6.7,27.8,2,1,50.4,3,3,1,0,33.8,0
74.9,23.1,2,0,85.6,9,2,1,1,40.2,0
37.7,17.2,1,0,31.6,3,1,1,0,22.0,0
8.5,26.9,1,1,23.8,9,3,2,0,27.7,0
44.4,23.1,1,0,74.1,5,3,0,3,28.9,0
2.3,9.1,1,0,37.7,1,7,2,2,36.3,0
156.0,27.7,1,2,62.0,3,1,1,2,44.4,0
19.5,22.9,1,1,74.6,6,4,0,0,31.0,0
70.6,30.2,1,1,75.9,2,2,1,1,36.3,0
24.3,16.4,1,1,66.1,4,5,1,0,30.8,0
47.7,8.0,1,3,51.5,2,1,0,2,29.8,0
51.4,24.7,2,0,34.5,7,4,1,0,27.2,0
13.3,24.7,1,2,88.5,2,0,2,1,39.5,0
227.0,12.9,1,1,34.4,4,2,0,0,44.9,0
97.0,17.1,1,0,56.6,4,3,1,0,27.8,0
182.3,38.0,1,0,47.5,4,1,0,1,34.6,0
146.4,21.2,0,1,21.1,5,2,0,1,28.5,0
59.2,27.4,0,1,75.3,3,2,2,2,39.1,0
165.7,19.1,1,0,86.7,6,4,2,0,52.5,0
6.0,10.5,1,1,83.7,1,1,1,3,41.0,0
14.2,22.0,3,1,54.6,2,1,1,2,30.1,0
3.0,21.4,1,1,63.2,2,3,0,1,23.3,0
25.6,20.6,1,2,31.3,3,2,1,0,27.9,0
32.0,22.3,0,2,74.5,6,1,2,0,31.6,0
20.6,24.6,0,1,43.2,6,4,0,0,14.3,0
114.7,22.1,2,3,62.2,2,2,1,2,45.1,0
28.7,15.4,0,0,74.3,5,1,2,0,27.0,0
21.4,25.9,1,0,75.0,3,1,0,0,21.5,0
50.9,11.3,1,0,64.7,4,2,0,0,33.9,0
9.9,10.7,1,1,33.5,6,2,1,0,20.6,0
105.3,27.4,2,1,27.5,6,3,1,0,31.6,0
5.0,26.0,1,1,83.9,6,4,1,1,40.5,0
281.7,22.7,0,0,72.1,2,0,0,2,48.3,0
96.2,14.6,2,0,69.1,2,4,1,0,42.5,0
14.4,18.8,2,2,56.6,8,3,0,2,43.8,0
0.4,21.4,0,2,51.5,2,0,0,1,24.2,0
109.8,13.4,0,1,27.6,6,1,0,0,23.2,0
79.8,18.6,0,1,79.1,1,2,0,0,31.4,0
84.9,26.9,0,1,59.0,3,2,2,0,37.6,0
95.9,31.6,3,0,68.6,7,2,0,0,35.7,0
5.0,20.5,1,1,69.4,2,7,1,3,34.5,0
28.9,27.5,1,1,94.3,2,4,2,2,52.8,0
8.0,11.5,2,1,39.4,5,4,2,2,31.6,0
129.3,27.0,1,0,60.6,4,4,3,0,53.4,0
63.5,18.2,0,3,78.2,5,2,0,2,35.1,0
26.1,24.8,3,2,66.9,6,2,0,0,33.0,0
4.3,21.5,2,0,37.1,2,1,1,1,26.7,0
24.2,30.9,2,1,54.6,6,2,3,0,31.2,0
25.6,17.8,1,2,32.6,6,3,0,0,33.0,0
85.0,26.8,2,0,66.6,7,4,1,1,49.8,0
66.0,21.3,0,1,55.1,2,6,0,1,35.4,0
141.8,22.1,1,1,13.9,5,4,1,0,26.1,0
41.5,21.9,3,1,76.8,4,0,0,2,45.6,0
8.3,17.9,0,2,24.8,7,0,3,1,30.1,0
81.2,22.9,2,0,32.1,0,4,2,2,39.2,0
93.0,22.6,1,0,84.8,8,2,2,0,44.8,0
53.6,24.4,0,0,65.3,5,1,0,0,23.5,0
95.8,23.5,2,0,76.1,5,7,2,0,43.2,0
44.3,27.8,0,1,74.0,2,4,1,0,27.8,0
48.1,28.5,1,1,85.8,4,2,2,0,37.0,0
36.3,16.7,0,0,60.6,6,1,2,1,21.9,0
1.7,28.2,3,1,63.2,5,0,1,1,37.8,0
7.4,15.9,0,1,56.3,5,3,0,0,23.5,0
2.1,26.5,0,0,86.6,7,1,1,1,28.6,0
65.8,26.7,0,1,54.4,5,2,2,0,37.6,0
24.5,11.5,3,1,64.8,2,6,1,0,41.1,0
46.2,23.6,2,1,72.6,1,0,2,0,36.5,0
154.8,20.2,2,0,59.6,4,0,1,0,37.8,0
18.6,18.4,1,1,40.8,4,5,2,1,33.1,0
34.3,31.1,1,3,49.3,4,1,1,1,21.8,0
91.6,19.1,0,1,65.0,5,1,2,0,40.8,0
16.9,18.2,1,0,66.6,11,6,0,2,35.4,0
5.2,23.5,0,1,76.2,4,4,1,1,33.9,0
22.2,27.1,3,0,33.4,5,0,0,3,35.1,0
11.4,22.2,2,1,65.1,3,1,0,1,32.1,0
172.6,30.0,1,0,83.6,3,2,0,0,36.9,0
107.3,26.2,0,0,75.1,4,1,0,1,17.3,0
65.2,9.9,2,1,15.5,6,1,1,0,34.9,0
133.3,19.8,0,0,65.6,6,0,1,0,31.8,0
105.8,19.6,0,1,35.8,4,2,2,0,28.7,0
13.4,25.9,0,0,46.8,5,0,0,0,11.3,0
145.0,8.0,1,0,34.2,5,1,3,0,36.1,0
50.4,38.0,2,2,52.9,4,1,0,1,33.2,0
107.1,26.2,0,2,93.5,2,2,0,1,39.1,0
147.2,23.9,0,0,56.1,6,5,2,0,40.0,0
24.9,30.1,1,1,54.2,4,3,1,0,26.3,0
7.6,37.1,2,0,23.9,4,3,0,0,21.4,0
16.8,28.2,0,1,45.4,4,2,1,0,22.6,0
36.2,28.7,0,1,81.5,5,2,0,0,23.7,0
110.7,23.8,3,0,29.7,1,4,0,0,34.1,0
128.1,22.2,3,1,48.4,3,2,0,1,37.8,0
0.5,20.1,3,0,25.1,6,6,0,0,27.5,0
46.5,18.0,2,0,34.9,9,1,0,0,30.3,0
35.1,18.9,0,2,52.2,9,1,2,0,32.7,0
16.3,14.9,0,1,52.3,3,2,1,0,20.4,0
8.3,22.5,0,1,87.3,0,4,1,0,24.1,0
26.8,12.9,0,1,16.8,5,0,2,2,24.7,0
186.1,24.1,3,1,80.7,6,3,1,0,55.0,0
25.4,22.8,2,1,28.6,5,3,1,0,26.6,0
47.5,23.9,2,0,79.3,6,2,1,0,38.9,0
78.9,19.9,0,1,59.1,4,1,1,1,27.1,0
29.4,38.0,3,1,49.3,7,1,1,0,34.1,0
231.9,31.2,2,1,39.6,4,3,0,0,41.6,0
213.3,15.5,0,1,90.1,7,6,0,1,51.3,0
18.9,24.4,2,0,71.8,6,1,0,0,25.4,0
44.7,19.4,0,1,63.3,7,1,1,3,38.9,0
23.3,16.9,0,0,71.6,2,1,1,0,22.5,0
21.8,15.0,1,1,7.9,6,3,1,2,21.0,0
2.4,25.6,1,1,90.0,7,3,0,0,28.2,0
61.1,18.9,0,2,90.3,4,3,2,0,43.9,0
45.4,28.8,0,1,48.2,7,6,1,0,21.8,0
3.4,29.0,3,2,34.0,9,3,0,0,26.5,0
21.2,31.2,1,1,17.0,3,1,0,0,9.7,0
155.3,17.9,2,3,93.5,8,5,1,2,66.2,1
17.8,25.9,0,1,27.5,6,3,0,0,15.1,0
10.2,26.8,0,3,63.5,6,1,0,0,23.1,0
43.7,20.2,0,0,22.2,4,4,0,0,13.8,0
275.9,18.4,0,0,87.6,7,2,3,3,62.0,1
18.0,32.7,0,1,15.0,5,2,0,1,9.7,0
72.5,24.4,0,3,79.0,5,7,0,1,43.7,0
93.2,26.8,1,1,34.6,6,2,1,0,24.0,0
17.6,18.1,0,0,59.1,5,1,0,1,17.8,0
84.7,15.7,2,1,54.5,2,3,2,1,46.5,0
29.8,19.6,0,1,38.7,3,8,1,2,31.6,0
65.0,22.3,1,0,69.3,2,1,1,0,26.6,0
65.2,16.6,0,1,54.4,4,2,0,2,31.3,0
49.9,22.9,1,3,45.6,1,3,1,0,28.9,0
6.2,12.9,0,2,55.0,3,0,0,0,17.5,0
117.2,16.3,3,0,25.0,4,0,0,1,29.6,0
25.1,27.0,2,0,38.8,3,5,0,0,18.3,0
13.4,26.6,1,0,63.9,8,2,0,2,27.6,0
2.7,20.6,0,0,77.5,2,1,1,0,25.6,0
58.1,16.9,1,0,79.6,5,2,0,0,33.9,0
73.6,16.8,2,2,63.6,8,1,0,0,39.3,0
1.1,20.8,0,0,83.2,3,4,0,0,24.6,0
46.6,26.9,1,2,94.0,4,4,1,3,51.8,0
16.7,28.6,2,2,22.2,6,6,0,0,25.9,0
67.3,20.0,2,0,68.8,5,2,0,0,27.1,0
12.5,16.1,2,3,61.2,6,2,1,0,36.4,0
76.3,24.6,2,1,44.8,6,1,1,2,42.3,0
31.8,18.1,3,1,79.0,3,2,2,0,46.4,0
179.4,19.9,1,0,88.4,0,0,1,1,46.6,0
9.6,31.0,1,1,62.6,10,1,0,0,25.4,0
27.1,28.0,2,0,44.3,3,2,1,1,22.9,0
7.8,23.9,1,1,44.6,2,1,0,1,26.6,0
168.1,15.4,3,0,65.3,3,0,3,3,60.4,1
136.4,24.3,0,1,86.8,6,3,2,0,36.5,0
19.4,29.4,1,0,26.5,4,0,2,0,18.6,0
70.1,20.7,0,0,35.7,2,2,0,1,19.8,0
110.5,31.1,0,1,45.3,4,2,2,0,34.5,0
52.7,30.8,0,1,80.9,4,3,2,1,37.1,0
49.0,33.0,2,1,54.4,3,0,2,1,34.1,0
18.0,24.8,0,0,79.1,4,1,2,2,29.8,0
6.4,26.5,2,2,72.5,3,5,1,1,39.8,0
147.9,31.5,1,1,62.3,2,1,0,0,34.5,0
149.9,25.7,0,0,60.1,1,2,1,0,40.6,0
65.2,20.0,0,1,45.5,5,0,0,0,18.2,0
26.9,20.3,1,1,8.7,6,6,2,1,24.9,0
27.9,24.4,2,0,49.2,3,2,0,1,30.6,0
84.1,15.3,2,1,85.2,6,2,0,0,39.7,0
147.8,22.1,2,2,25.3,6,3,0,3,49.1,0
141.8,29.6,3,1,65.0,3,2,1,0,47.5,0
98.4,9.9,1,0,74.9,8,5,1,2,47.9,0
66.8,32.2,3,2,43.5,4,3,1,0,44.7,0
5.7,29.7,2,0,48.8,10,3,0,3,38.2,0
11.5,20.2,2,3,72.5,4,1,0,0,36.0,0
148.7,26.3,0,0,56.6,6,3,2,2,34.8,0
60.6,23.0,3,1,69.1,5,5,3,0,44.8,0
0.6,30.4,1,1,54.1,5,2,0,0,22.0,0
7.0,28.9,2,0,76.4,3,3,0,3,30.1,0
70.8,14.6,0,2,78.9,10,1,3,0,37.4,0
0.3,26.5,1,1,80.1,8,1,0,1,32.2,0
11.4,21.8,0,0,15.5,4,2,2,0,11.5,0
51.7,23.5,0,1,25.4,6,5,0,1,19.9,0
76.5,18.6,0,1,71.4,8,2,2,1,36.6,0
68.6,33.5,2,0,72.5,3,1,0,1,38.8,0
16.5,29.2,0,3,77.6,6,2,0,0,33.1,0
81.0,18.6,0,2,71.3,4,0,1,0,41.0,0
17.6,15.0,0,0,69.2,6,1,0,0,22.0,0
25.6,20.7,1,1,64.0,6,2,0,1,34.6,0
89.2,25.6,0,0,42.7,7,1,0,1,20.5,0
68.2,24.4,0,2,31.6,4,0,1,1,19.4,0
123.0,30.5,1,3,69.2,5,3,0,2,49.5,0
69.7,27.7,1,0,51.9,4,1,1,0,26.2,0
54.6,28.8,0,2,38.1,5,4,0,2,35.3,0
6.4,25.0,0,1,39.2,0,5,0,0,14.3,0
29.8,14.7,0,0,51.6,6,4,0,0,16.8,0
20.0,21.8,3,3,95.2,6,0,2,0,47.4,0
18.2,29.4,1,1,61.7,3,1,0,0,22.3,0
234.8,22.7,1,1,84.1,0,2,1,0,52.1,0
32.5,26.0,0,1,63.4,10,4,0,0,26.1,0
144.7,21.1,1,0,57.0,6,6,3,3,61.2,1
64.8,16.8,0,0,62.1,3,1,0,0,16.3,0
102.9,22.3,0,3,47.4,4,0,0,0,31.6,0
45.4,24.9,1,1,49.9,2,3,1,1,33.3,0
55.9,19.1,1,2,75.6,4,1,1,0,36.3,0
44.1,21.6,0,0,48.7,3,4,2,0,27.6,0
14.1,17.4,1,1,55.5,4,1,3,1,32.0,0
83.3,29.7,3,3,70.3,4,2,1,0,42.4,0
21.4,21.2,1,0,84.6,3,3,1,3,39.9,0
1.6,31.7,1,0,25.1,7,3,0,1,15.2,0
67.4,32.2,3,1,47.1,5,3,0,0,37.4,0
12.7,22.5,2,0,18.7,7,3,0,3,25.0,0
183.4,16.9,1,0,50.2,5,4,0,2,46.7,0
200.0,10.5,2,2,19.5,4,1,0,0,43.1,0
160.1,14.2,0,3,70.2,5,2,2,0,51.0,0
30.0,14.8,1,1,63.3,1,4,1,0,34.7,0
1.0,31.3,0,2,50.0,2,2,0,0,17.4,0
171.3,23.7,0,2,17.7,6,2,1,1,39.3,0
36.3,25.3,1,1,46.4,5,3,0,0,22.4,0
221.1,9.7,0,0,33.7,4,2,1,0,33.3,0
215.4,15.8,1,0,27.2,6,1,0,0,34.2,0
124.6,28.3,1,0,84.4,6,3,2,1,52.8,0
22.7,24.7,1,0,83.7,5,2,0,3,33.8,0
31.6,22.1,0,0,24.4,7,1,0,0,14.9,0
123.8,26.4,0,0,65.0,5,0,1,0,26.3,0
24.8,32.8,1,0,46.6,2,1,1,0,13.3,0
12.1,21.7,3,0,47.7,5,1,0,0,23.4,0
52.9,23.4,0,1,92.4,3,4,1,0,34.2,0
178.8,24.2,0,0,68.4,5,3,0,0,40.1,0
77.4,37.4,2,2,37.6,3,1,0,1,31.6,0
54.9,10.4,0,0,62.3,5,3,0,3,37.0,0
6.6,27.1,2,2,44.4,6,3,0,1,31.8,0
62.0,22.3,1,3,65.5,4,1,2,0,38.3,0
299.7,26.4,1,1,62.3,3,4,1,2,63.3,1
9.8,19.1,0,1,73.5,2,2,2,2,28.4,0
47.5,22.7,0,3,58.5,2,6,1,0,32.5,0
136.4,27.3,0,0,8.9,3,1,0,0,16.7,0
87.8,38.0,2,3,34.2,6,3,2,0,43.0,0
77.6,27.8,2,2,46.2,4,3,2,0,39.5,0
78.8,17.9,1,1,56.0,4,1,2,0,36.2,0
29.0,20.5,2,0,26.5,5,3,0,3,22.4,0
22.6,20.3,0,1,29.8,6,0,3,2,32.2,0
107.7,12.2,1,1,65.0,6,2,3,0,43.9,0
108.0,21.0,1,1,67.6,2,0,2,1,43.7,0
131.2,27.4,2,1,43.5,5,0,1,0,41.3,0
158.9,15.4,0,0,41.6,6,0,0,1,29.5,0
46.5,29.3,1,0,41.9,3,1,0,2,27.8,0
45.3,25.9,2,1,81.9,5,2,1,0,39.6,0
104.1,18.6,1,0,26.1,4,4,2,0,32.8,0
68.2,22.2,0,0,93.6,4,4,0,1,31.5,0
78.7,32.6,1,0,31.4,5,2,0,0,26.6,0
103.3,27.4,0,0,63.2,2,3,0,2,32.4,0
143.5,23.1,1,1,53.0,1,3,1,1,46.2,0
26.8,21.6,3,0,48.5,4,2,0,2,28.5,0
30.6,23.5,1,3,22.0,7,1,1,0,22.7,0
6.4,19.9,1,2,36.3,6,1,2,0,21.7,0
56.1,10.4,1,1,50.6,2,1,1,2,36.7,0
2.4,35.3,0,0,82.2,2,3,1,2,31.4,0
40.7,23.9,0,1,63.2,5,3,0,0,17.5,0
50.8,25.4,3,1,59.3,3,4,0,2,38.2,0
21.9,22.7,1,3,43.9,0,2,0,2,24.8,0
58.1,18.6,0,1,74.4,5,2,1,0,34.1,0
2.0,21.9,0,1,55.9,2,2,0,2,26.5,0
2.5,13.4,1,2,78.6,2,0,1,0,26.7,0
112.4,36.7,2,0,32.1,9,2,1,0,25.6,0
29.0,15.6,2,0,55.6,5,0,0,0,15.7,0
8.8,16.8,0,1,82.5,5,3,0,2,34.9,0
48.0,20.4,3,0,56.2,1,2,0,0,35.3,0
95.5,30.7,1,0,15.5,6,3,1,0,31.1,0
15.8,23.1,1,1,53.8,5,1,0,0,20.8,0
63.4,15.6,1,0,47.9,5,4,0,0,17.3,0
5.8,30.5,0,1,53.4,6,2,0,1,22.1,0
3.4,27.4,3,2,60.7,5,2,0,1,33.5,0
49.3,26.2,0,0,85.7,8,0,0,1,34.4,0
50.6,27.3,0,0,44.3,3,4,0,0,21.6,0
65.9,37.4,2,0,57.2,6,0,3,2,44.1,0
84.2,36.1,1,0,60.7,6,3,3,2,43.2,0
242.0,18.9,2,0,73.1,3,2,2,0,61.8,1
47.2,32.7,1,0,42.3,8,5,2,1,31.2,0
25.4,25.3,1,1,41.5,2,6,0,0,18.3,0
103.1,26.0,3,0,23.8,6,2,0,0,31.3,0
20.5,12.8,0,1,70.3,1,2,0,0,25.1,0
37.6,22.0,2,2,70.9,4,4,0,2,47.8,0
5.3,18.1,0,2,29.0,8,3,0,3,18.3,0
1.7,28.0,2,1,64.3,2,3,1,1,38.1,0
213.7,29.4,0,0,72.7,9,4,2,0,49.2,0
117.5,10.6,1,1,60.2,8,3,2,0,45.6,0
77.4,22.9,2,0,13.0,3,1,1,0,17.9,0
34.2,29.7,1,0,72.1,5,0,0,0,21.9,0
12.4,21.9,2,2,23.6,6,6,0,1,31.8,0
11.1,27.4,2,0,48.8,4,2,0,0,22.1,0
18.7,25.1,2,0,60.7,5,1,3,0,34.1,0
51.8,25.0,3,2,56.7,6,3,2,1,46.1,0
81.5,21.4,1,2,27.4,4,3,0,0,26.6,0
70.2,15.7,0,0,52.3,3,2,2,1,29.9,0
21.3,16.3,0,0,64.6,7,2,1,0,18.1,0
201.4,27.3,0,1,39.1,5,4,0,2,39.0,0
87.0,23.1,0,1,67.4,5,3,0,2,36.8,0
52.5,22.2,1,0,21.9,7,2,0,2,22.7,0
61.5,20.5,0,1,61.0,7,5,0,0,29.9,0
35.4,21.2,0,3,85.0,7,1,0,3,38.1,0
18.5,29.3,0,0,53.6,4,0,0,0,11.6,0
28.6,21.0,2,2,23.1,4,5,2,2,42.5,0
92.2,15.0,1,3,73.5,4,1,1,0,43.1,0
0.9,27.5,1,0,49.7,3,3,0,3,25.6,0
8.0,21.8,2,2,87.1,2,3,0,0,37.6,0
3.1,23.2,0,0,48.0,5,2,0,1,18.6,0
2.7,32.6,3,1,41.9,6,3,0,3,33.6,0
125.7,22.9,1,2,79.5,6,3,0,1,45.4,0
79.1,24.7,0,0,68.9,6,2,1,1,33.1,0
41.8,15.9,1,1,89.5,5,2,0,1,36.6,0
6.7,21.7,2,2,34.2,8,1,0,3,38.8,0
44.0,26.7,1,0,46.7,8,3,1,1,31.9,0
41.7,13.7,2,0,70.7,6,3,0,0,33.9,0
12.4,24.2,0,0,27.5,4,4,1,0,11.0,0
37.0,23.6,0,1,89.6,3,0,0,1,38.2,0
33.0,23.2,0,3,47.7,4,2,2,0,24.6,0
62.2,29.2,0,2,45.8,4,4,0,0,23.1,0
65.5,25.0,0,1,57.7,3,0,0,1,22.0,0
3.0,31.9,3,1,42.6,6,3,2,0,33.5,0
30.5,17.0,0,0,79.5,1,6,2,0,28.4,0
63.9,23.8,1,0,72.9,5,0,0,1,22.7,0
45.5,23.5,1,1,36.6,2,3,0,2,31.9,0
126.2,16.6,2,1,54.8,6,4,0,0,37.8,0
69.9,28.7,3,1,65.1,4,1,0,0,28.1,0
11.6,36.9,2,3,63.6,5,3,0,0,32.3,0
4.8,22.9,3,1,50.9,0,1,0,2,33.1,0
66.8,26.0,2,1,19.2,7,4,2,0,27.4,0
1.7,23.5,3,0,51.7,9,0,1,0,31.2,0
57.3,18.7,2,3,87.9,5,2,0,2,48.5,0
183.1,12.1,0,2,61.0,6,3,2,1,46.0,0
55.7,18.8,1,2,55.1,4,0,1,2,36.3,0
31.9,14.6,1,1,52.1,2,3,1,0,33.4,0
67.0,33.2,1,1,43.9,4,2,0,0,25.3,0
39.8,22.3,0,1,63.9,8,0,0,0,19.7,0
51.3,20.9,1,0,71.7,4,0,1,1,27.5,0
184.5,28.3,3,1,23.8,7,2,1,0,52.4,0
31.7,16.3,0,2,43.5,4,3,2,0,26.6,0
211.2,18.4,2,0,31.3,4,4,1,3,51.0,0
153.2,23.4,2,0,37.3,6,1,0,0,37.2,0
14.2,29.2,3,1,84.7,3,4,0,1,42.6,0
4.7,26.0,3,0,77.1,2,4,0,1,29.7,0
6.9,24.5,2,1,69.8,4,3,2,0,36.8,0
1.2,23.5,1,1,53.6,4,4,0,1,23.2,0
6.4,25.4,0,0,27.3,5,4,0,0,16.4,0
74.7,24.2,1,2,40.9,4,4,1,0,28.3,0
4.8,16.8,2,1,76.7,6,1,1,0,35.6,0
25.0,23.3,2,2,40.4,5,2,1,1,25.0,0
121.1,16.6,2,2,16.4,9,0,1,3,44.9,0
1.5,23.5,0,2,41.0,7,3,0,0,21.4,0
109.5,20.1,1,0,35.3,7,2,1,2,31.3,0
21.5,38.0,0,0,45.5,2,1,0,2,21.7,0
8.2,22.8,0,0,27.9,7,2,1,0,13.5,0
77.6,14.6,0,1,35.5,1,3,1,0,15.1,0
64.4,22.2,0,2,55.2,3,1,1,0,28.6,0
136.5,26.1,2,1,60.7,9,1,0,0,36.8,0
86.3,33.0,0,2,71.8,4,3,1,0,39.0,0
105.8,19.5,0,0,45.2,5,5,0,1,34.1,0
21.5,13.5,3,0,50.0,6,1,0,1,28.1,0
12.7,27.9,1,2,88.5,2,1,0,0,24.9,0
90.3,14.7,0,1,72.5,4,1,0,0,28.0,0
106.9,20.4,0,2,55.8,8,3,0,0,35.0,0
302.7,21.5,0,0,73.7,4,2,0,0,45.9,0
34.6,22.6,0,3,51.2,6,3,3,1,40.1,0
30.2,27.1,0,1,62.8,3,2,0,0,24.5,0
97.4,18.9,1,2,51.7,5,1,1,0,39.2,0
27.1,21.4,0,0,33.6,3,2,0,0,13.9,0
173.6,22.9,1,1,61.9,6,2,1,0,36.4,0
127.1,23.9,2,2,94.3,1,2,2,1,54.7,0
36.4,23.6,1,2,81.8,3,6,0,2,40.1,0
90.3,25.6,3,0,35.4,6,2,1,1,38.4,0
91.3,28.1,1,0,31.5,5,4,1,1,20.7,0
7.1,25.4,1,1,32.6,2,6,1,0,20.3,0
151.3,25.7,2,0,32.4,8,0,0,2,36.8,0
45.7,13.5,0,1,36.0,5,4,2,0,28.1,0
113.8,23.3,0,0,59.2,4,2,1,0,38.9,0
25.1,25.9,1,0,31.8,2,2,0,0,18.1,0
146.8,27.4,1,1,13.5,4,6,0,1,29.7,0
32.0,18.8,2,1,44.6,3,0,1,0,23.4,0
0.7,19.0,3,1,53.9,7,4,1,1,34.7,0
153.3,19.6,1,3,59.2,7,0,0,0,38.8,0
6.2,26.2,1,0,83.2,6,3,1,0,30.4,0
25.0,29.2,1,1,85.3,9,3,1,1,34.0,0
194.8,20.6,3,0,33.6,6,0,1,0,42.6,0
195.5,28.4,2,1,49.1,2,1,2,2,52.5,0
55.4,23.7,3,0,30.6,5,2,0,0,28.6,0
64.9,22.3,0,0,14.3,2,1,0,0,9.4,0
38.7,21.7,2,0,66.3,9,1,1,2,34.6,0
22.6,27.5,0,0,34.2,3,5,2,0,18.9,0
25.9,25.0,0,2,48.2,3,7,1,0,29.8,0
72.6,36.7,3,1,58.2,4,3,0,3,42.6,0
90.7,17.9,0,3,34.0,0,3,3,0,38.7,0
101.9,26.1,3,1,77.1,3,2,0,1,47.0,0
101.3,19.8,0,0,33.3,4,3,2,2,28.7,0
6.2,17.8,2,0,28.9,5,3,2,0,30.6,0
44.3,22.9,0,0,28.5,3,3,0,1,17.1,0
3.9,23.8,1,0,72.0,6,3,2,1,30.4,0
51.8,38.0,0,1,76.5,4,4,0,0,35.4,0
37.9,21.9,1,1,73.5,2,2,0,1,30.1,0
142.1,16.2,0,0,37.8,6,1,0,2,31.5,0
28.1,24.6,1,0,21.8,3,6,0,0,18.2,0
8.1,10.6,0,0,30.6,5,2,1,0,19.6,0
10.0,22.4,0,0,50.6,3,1,0,0,20.2,0
93.2,23.1,0,0,15.5,5,2,0,3,25.1,0
62.6,27.8,1,2,50.6,7,2,0,0,29.6,0
6.9,28.8,2,0,81.3,4,4,2,0,40.6,0
5.7,20.0,2,1,24.9,2,3,2,0,24.3,0
78.5,22.1,0,0,95.0,3,4,0,0,32.8,0
4.9,18.4,1,0,68.9,6,4,0,0,21.6,0
112.1,16.2,2,2,59.8,5,1,1,0,49.3,0
79.6,24.9,0,1,74.7,10,1,1,2,42.5,0
5.5,15.4,1,0,79.2,3,0,1,2,37.2,0
5.8,20.5,1,2,70.0,4,2,1,0,27.9,0
280.5,17.0,0,0,79.7,5,3,0,0,52.2,0
30.5,26.3,0,0,31.2,6,0,0,0,12.9,0
30.1,33.8,0,2,26.2,6,2,0,0,18.1,0
108.9,15.2,1,1,44.2,6,1,0,0,35.6,0
191.2,11.9,0,0,31.0,1,1,1,0,26.3,0
277.5,22.3,0,0,78.6,0,2,2,0,49.7,0
91.0,23.1,0,2,42.6,2,1,3,0,31.8,0
30.7,24.3,0,0,59.8,6,2,2,0,19.8,0
5.7,20.3,0,0,70.3,4,4,0,0,11.9,0
97.6,21.8,3,1,75.6,2,1,1,0,43.5,0
53.1,25.2,0,2,65.7,3,5,1,0,35.4,0
35.9,29.2,1,0,57.7,7,1,2,1,30.8,0
153.9,11.3,1,2,58.0,4,2,0,0,35.7,0
7.7,20.8,1,1,84.4,4,1,3,0,41.1,0
44.1,24.3,1,1,65.0,4,2,1,1,28.5,0
0.7,17.5,0,1,13.6,3,1,0,0,0.0,0
41.1,33.4,2,3,75.7,4,2,0,0,31.4,0
3.8,19.2,1,0,30.1,3,2,0,0,19.6,0
8.2,22.8,2,0,86.8,2,2,1,2,36.7,0
8.1,26.3,1,2,53.0,5,3,0,0,29.8,0
68.1,19.5,3,1,52.9,4,3,2,2,52.9,0
89.1,11.9,2,1,53.7,3,0,0,1,25.9,0
56.9,20.4,3,1,77.8,5,4,2,2,53.4,0
212.9,29.2,1,1,67.9,2,2,2,1,56.3,1
30.5,21.0,1,2,66.5,3,1,0,0,22.7,0
21.9,17.9,2,2,98.9,5,3,0,1,36.7,0
131.9,28.6,2,1,74.3,3,2,2,1,52.7,0
16.5,21.0,3,0,34.9,6,2,2,1,29.1,0
214.7,19.9,0,1,66.7,5,5,1,1,50.9,0
0.8,23.9,2,1,63.8,6,3,0,0,31.1,0
227.7,27.6,0,1,55.9,7,1,1,0,46.4,0
2.9,37.3,1,1,77.8,9,2,3,3,48.3,0
144.2,28.0,0,0,64.7,4,3,0,2,42.1,0
48.8,30.0,0,1,24.6,6,1,1,0,14.4,0
322.2,20.0,3,1,29.4,9,1,2,3,77.7,1
5.0,16.8,0,2,28.3,7,3,1,0,17.4,0
52.5,23.4,1,1,71.6,1,2,0,0,23.9,0
226.4,23.6,1,0,68.5,1,5,2,1,59.3,1
48.1,16.5,0,1,73.9,2,5,1,1,36.0,0
64.5,21.9,0,2,43.6,6,2,2,2,28.9,0
77.3,25.4,1,1,79.6,4,2,1,1,42.8,0
39.4,25.2,0,1,40.5,4,0,0,1,19.5,0
64.2,26.0,2,1,23.6,5,2,2,3,39.9,0
57.1,24.7,3,0,53.2,4,2,2,1,39.1,0
150.4,20.0,0,2,56.0,6,5,0,0,43.1,0
3.0,19.9,0,0,64.2,5,5,0,1,28.7,0
21.4,15.8,1,1,58.0,5,3,3,1,39.9,0
195.3,33.7,2,0,42.0,5,2,0,2,39.9,0
143.6,23.1,0,0,59.7,13,1,3,0,36.6,0
39.5,21.7,0,1,68.4,4,1,0,0,18.9,0
62.9,17.4,1,1,52.8,8,2,0,0,31.6,0
21.1,38.0,3,1,36.6,5,3,0,2,32.4,0
13.5,16.6,1,1,42.8,10,0,0,3,29.9,0
40.5,20.4,1,1,78.0,9,7,1,0,36.8,0
28.3,25.5,3,1,17.8,6,4,0,1,34.9,0
57.0,26.6,1,1,58.6,7,3,1,0,27.7,0
5.3,28.7,2,1,44.2,3,4,0,1,26.4,0
238.2,33.8,1,1,28.6,2,3,3,0,48.6,0
278.5,26.0,3,1,44.8,3,3,0,3,65.8,1
77.9,16.7,1,3,57.2,4,2,3,0,44.9,0
49.9,21.5,2,0,66.1,5,2,1,1,41.7,0
24.1,24.8,1,2,32.3,7,1,0,0,26.0,0
109.3,35.4,2,0,79.2,3,2,0,2,40.3,0
75.0,14.6,0,0,28.1,4,2,0,1,19.2,0
11.5,30.2,0,0,20.5,1,4,1,0,12.9,0
157.2,24.1,2,1,25.1,6,4,0,0,34.8,0
112.4,28.0,0,0,94.3,4,1,0,1,28.9,0
194.5,22.4,1,2,27.6,5,4,0,0,39.2,0
84.1,17.9,0,2,36.1,7,2,1,1,34.0,0
61.8,27.5,2,1,32.6,3,2,0,1,29.4,0
35.2,26.9,0,1,60.3,7,2,2,0,30.2,0
175.4,28.8,2,3,57.6,6,1,0,2,58.1,1
130.7,22.9,1,2,38.8,4,3,0,0,30.3,0
3.0,19.4,0,1,13.4,2,3,3,2,21.1,0
1.7,13.6,1,1,83.2,5,1,0,0,24.0,0
30.7,27.9,0,1,76.8,2,2,2,2,39.7,0
108.1,25.5,0,1,75.0,7,2,2,1,45.3,0
283.7,17.2,1,0,31.4,6,1,3,1,55.3,1
10.6,19.8,0,1,26.9,3,2,0,1,20.1,0
58.6,20.2,3,0,70.9,7,1,1,1,37.6,0
31.2,14.1,0,0,38.1,3,5,0,2,20.3,0
227.7,18.1,1,1,34.3,6,0,3,3,57.3,1
120.0,16.2,1,3,35.8,4,5,1,0,39.0,0
118.4,20.5,1,3,70.0,6,2,1,1,50.2,0
41.1,18.6,1,1,40.0,3,1,0,0,27.3,0
34.8,13.2,1,1,35.2,2,1,0,0,18.1,0
20.8,35.1,2,0,53.8,3,3,1,0,29.8,0
3.8,30.5,1,1,62.8,6,4,0,0,28.9,0
130.0,18.3,0,0,48.6,6,0,0,1,30.4,0
108.9,24.6,1,0,43.5,4,2,1,0,37.3,0
350.0,25.5,0,1,68.7,6,3,2,2,69.7,1
350.0,30.1,0,0,79.7,4,1,1,0,56.8,1
52.7,18.1,1,0,59.7,3,3,0,2,26.6,0
95.2,29.6,1,2,28.0,6,3,0,0,30.1,0
188.3,19.7,1,0,44.9,3,5,1,2,42.8,0
123.2,15.0,2,0,67.6,3,0,2,2,43.0,0
18.5,27.3,0,0,23.0,3,3,2,0,18.7,0
38.9,30.7,0,0,36.3,8,5,0,2,22.7,0
9.0,38.0,0,0,67.0,8,0,1,0,10.5,0
200.2,15.8,1,2,79.0,2,1,0,0,55.4,1
60.6,27.2,1,0,49.7,3,2,2,0,23.8,0
16.9,20.5,0,2,87.6,3,0,1,1,29.8,0
72.4,27.7,2,0,38.3,9,3,2,0,30.7,0
62.6,14.2,1,1,95.3,5,5,0,0,37.2,0
28.8,15.4,1,1,56.2,6,2,0,0,22.6,0
7.8,18.3,1,1,87.1,4,1,0,2,29.5,0
72.4,23.5,1,1,70.0,3,5,0,1,35.8,0
47.7,19.2,1,2,33.9,2,3,2,0,26.3,0
96.2,27.0,0,0,82.7,6,3,0,2,38.6,0
47.7,29.2,0,1,66.4,8,4,1,1,34.7,0
124.3,26.6,0,2,58.3,2,2,2,1,41.0,0
52.2,32.7,1,0,70.5,4,5,1,0,35.1,0
53.5,25.5,2,0,40.9,7,1,3,1,41.6,0
136.0,15.7,1,0,66.4,3,3,0,1,31.9,0
33.6,31.2,0,1,70.0,4,3,0,1,33.1,0
9.4,19.4,2,0,30.5,5,4,3,0,37.3,0
1.9,28.5,2,0,74.7,5,4,0,0,32.2,0
91.5,32.4,2,1,36.3,8,2,2,0,36.7,0
62.9,25.7,1,1,22.3,8,4,2,0,38.8,0
79.1,14.0,2,0,61.4,3,2,1,2,44.3,0
15.6,17.5,0,0,8.9,3,3,0,1,4.0,0
9.5,30.9,0,1,92.5,6,2,1,2,32.9,0
1.0,22.0,0,3,40.6,5,2,0,1,23.9,0
28.1,23.5,2,1,47.1,3,5,0,0,23.5,0
57.9,27.6,0,2,60.8,3,3,0,2,36.3,0
32.4,27.2,1,0,50.6,9,1,0,0,20.5,0
37.4,24.7,1,0,50.7,5,3,1,1,24.5,0
152.4,21.7,0,1,73.3,4,2,3,1,47.5,0
27.8,21.1,2,2,18.4,3,3,2,0,27.5,0
46.9,28.1,0,1,69.7,3,2,0,0,17.0,0
99.5,26.3,1,2,30.5,5,2,0,0,28.2,0
32.8,21.5,2,3,69.9,9,0,3,0,43.5,0
63.3,29.5,0,0,88.8,6,2,0,0,28.5,0
128.9,22.2,1,0,83.8,5,4,0,0,34.9,0
194.1,17.9,2,0,38.9,8,0,0,0,38.4,0
10.3,18.4,3,0,14.4,6,1,0,3,36.5,0
169.8,17.1,2,0,51.4,1,2,0,0,32.6,0
44.0,21.4,0,2,24.7,5,3,1,2,27.5,0
19.4,30.4,1,0,60.7,3,2,1,2,31.0,0
39.9,18.2,0,0,28.0,4,0,1,0,14.5,0
254.4,24.1,0,0,27.0,7,3,2,2,48.0,0
44.1,19.1,0,3,32.7,8,0,1,0,24.2,0
25.9,21.4,0,1,38.0,2,3,0,0,14.5,0
65.2,13.9,2,2,17.8,5,2,0,0,33.1,0
17.9,21.7,0,3,21.7,5,4,1,0,23.7,0
5.1,21.8,1,1,68.3,3,0,1,0,22.3,0
9.0,26.2,1,0,49.4,6,2,1,2,32.2,0
8.9,24.3,1,0,51.2,8,3,0,0,17.8,0
10.7,15.8,3,0,62.4,1,4,0,0,25.3,0
9.7,29.5,0,1,25.5,3,3,0,0,10.7,0
66.6,24.3,1,0,76.3,2,3,0,1,38.0,0
13.0,24.2,1,0,71.3,9,1,0,0,19.0,0
27.6,22.9,0,1,78.6,1,0,0,0,20.0,0
147.6,19.9,1,1,27.8,6,7,0,0,33.2,0
41.8,24.3,2,1,56.4,0,2,0,0,31.2,0
71.6,25.9,0,0,76.6,8,2,0,2,28.1,0
12.3,12.5,0,2,75.0,4,1,0,1,28.4,0
13.9,19.8,0,1,71.9,3,1,0,2,20.1,0
2.7,21.5,2,0,38.2,5,0,0,0,21.9,0
12.0,24.5,2,2,99.9,2,3,2,0,46.4,0
21.2,30.2,1,3,86.6,4,3,1,0,41.0,0
12.7,18.4,1,0,61.7,8,2,1,2,31.5,0
6.0,20.0,2,0,60.7,2,3,0,0,20.1,0
8.4,19.9,2,1,66.1,7,2,0,0,31.8,0
40.1,18.2,2,0,27.4,3,3,1,0,27.1,0
15.0,20.9,2,2,38.3,3,4,2,1,33.1,0
29.4,27.6,1,0,59.0,1,1,2,0,21.8,0
45.5,16.7,1,2,96.3,2,3,1,1,42.4,0
76.2,25.6,2,1,34.1,5,4,1,0,34.3,0
2.6,12.8,3,1,76.7,5,2,1,0,39.8,0
104.4,19.6,0,0,85.7,5,1,0,0,27.7,0
64.3,21.0,0,0,91.4,4,3,3,0,40.5,0
5.5,33.0,3,0,91.0,5,1,3,0,47.3,0
134.4,21.4,0,0,93.1,8,1,1,0,30.6,0
164.9,9.8,2,0,62.1,5,0,0,2,34.5,0
4.1,11.0,1,2,62.6,5,0,2,0,30.6,0
21.1,23.2,0,0,93.8,6,2,0,2,31.3,0
106.7,26.7,0,2,51.0,5,1,1,1,31.6,0
89.7,25.3,0,1,79.0,6,2,2,1,34.4,0
13.3,24.0,0,2,25.7,9,1,0,1,25.0,0
15.3,30.0,1,3,14.0,8,3,0,1,23.8,0
30.1,19.8,2,0,48.7,1,3,0,0,24.5,0
43.1,28.4,3,2,77.2,4,4,2,2,51.7,0
62.6,13.2,1,1,34.5,6,2,2,0,29.5,0
29.9,17.6,1,2,41.0,8,1,0,0,22.3,0
40.4,12.2,1,1,64.9,2,2,0,2,36.8,0
89.5,21.4,1,1,80.7,5,3,3,1,58.6,1
2.4,22.7,1,0,44.7,7,3,1,0,18.6,0
18.9,23.7,0,0,84.2,3,2,0,2,31.4,0
81.2,23.4,0,1,76.7,5,2,0,0,35.8,0
146.6,17.4,0,3,55.2,5,2,3,0,43.0,0
46.6,21.9,0,1,65.3,3,2,0,0,20.8,0
49.4,14.0,2,0,39.6,2,1,3,3,35.7,0
7.4,31.2,0,2,36.3,1,1,1,0,15.0,0
38.6,21.2,2,2,94.8,5,1,1,0,37.9,0
49.4,20.1,3,0,61.3,4,1,0,0,30.6,0
18.1,32.5,3,0,53.7,13,3,0,0,26.6,0
20.4,15.5,3,0,47.5,1,2,2,0,34.9,0
30.8,16.2,0,2,42.5,3,2,0,0,22.6,0
1.3,16.4,1,2,38.6,6,4,1,2,29.4,0
25.3,22.6,0,0,10.4,5,6,0,0,7.9,0
15.4,25.6,2,0,47.6,3,2,1,1,28.8,0
25.8,27.4,2,2,83.4,4,1,2,1,44.6,0
8.3,38.0,2,3,32.2,7,0,0,0,21.7,0
143.8,9.5,1,2,84.8,3,3,0,1,45.0,0
58.5,26.7,2,1,72.9,4,2,1,0,35.5,0
73.9,19.7,0,0,12.3,2,2,2,0,22.3,0
101.2,19.5,0,1,11.2,5,2,0,0,19.1,0
44.9,19.3,2,0,17.4,7,2,2,0,19.6,0
5.9,17.5,1,2,78.1,2,2,1,0,40.4,0
50.1,33.1,3,0,69.0,2,6,0,0,35.7,0
57.5,28.1,0,2,32.7,2,6,0,1,29.3,0
88.9,23.1,2,0,80.6,7,1,1,1,42.5,0
36.7,31.1,1,2,71.7,2,2,1,2,36.0,0
8.9,13.9,2,0,56.1,3,5,1,0,33.2,0
21.7,15.0,2,1,79.6,3,4,0,2,45.9,0
29.3,9.9,3,1,30.1,5,2,0,1,25.1,0
67.5,18.8,0,0,60.7,6,4,1,1,27.7,0
55.0,24.0,3,3,11.9,5,4,1,3,50.0,0
28.6,23.6,0,1,60.2,4,2,0,0,28.8,0
279.9,23.9,0,1,64.7,5,0,0,2,51.7,0
60.5,14.5,1,2,25.1,4,4,2,1,39.8,0
17.6,27.8,2,2,53.2,8,1,0,0,26.7,0
7.0,24.4,1,1,63.6,4,3,0,1,20.0,0
10.8,27.4,2,2,74.3,3,1,1,0,33.6,0
18.3,11.6,2,0,54.6,2,3,0,0,30.1,0
11.4,24.9,0,0,64.5,3,3,0,1,17.8,0
13.4,15.9,3,1,26.4,9,1,1,0,34.6,0
21.8,20.6,0,0,46.3,6,2,3,0,30.4,0
12.4,26.2,2,1,7.3,2,2,0,1,19.0,0
147.6,23.5,0,0,31.4,5,2,0,0,36.1,0
5.4,17.9,1,1,36.6,5,5,0,0,20.2,0
48.3,23.0,1,2,70.5,5,1,0,0,25.0,0
34.3,13.8,0,1,85.6,6,1,2,0,31.2,0
262.5,29.9,1,3,54.1,7,0,3,0,61.8,1
7.7,21.8,0,2,22.3,3,1,0,0,9.2,0
33.0,29.7,0,0,74.0,1,0,0,0,15.7,0
226.8,19.8,0,0,11.5,2,0,2,0,34.2,0
130.4,19.9,1,0,50.9,4,2,2,0,40.6,0
110.4,18.4,2,2,32.1,5,3,0,0,35.9,0
19.4,28.3,1,0,62.5,7,4,2,2,36.5,0
12.2,18.7,2,0,13.3,3,4,1,0,17.9,0
71.8,26.9,1,2,55.0,7,2,3,0,38.2,0
172.3,20.7,1,1,56.0,4,3,0,1,40.7,0
52.9,11.1,1,0,55.9,4,2,2,1,28.1,0
55.1,19.6,1,0,66.7,7,1,0,0,23.7,0
21.4,15.9,1,2,52.7,5,1,1,2,33.8,0
95.4,23.2,0,2,22.7,6,2,3,0,28.1,0
13.5,15.9,2,0,58.1,5,3,0,2,22.6,0
25.4,28.6,2,1,43.1,2,5,0,2,30.6,0
36.0,22.5,0,2,64.8,6,2,0,1,23.0,0
46.1,21.9,2,2,56.6,10,3,0,0,32.7,0
18.0,26.9,0,2,67.8,6,0,0,0,25.3,0
7.9,28.8,0,1,53.4,1,2,1,2,28.2,0
61.3,22.9,0,2,67.4,3,1,1,0,29.3,0
22.1,18.4,2,0,35.5,2,1,1,1,27.3,0
56.6,12.4,2,0,52.4,9,2,0,0,36.9,0
10.9,18.9,2,1,39.6,1,0,1,2,27.3,0
42.6,19.3,0,1,18.2,2,2,0,2,14.3,0
49.4,23.6,1,2,70.7,5,3,1,0,38.4,0
3.5,20.9,2,0,79.4,6,3,1,1,33.1,0
26.7,27.1,0,2,68.9,6,2,0,0,20.7,0
9.4,19.3,1,0,47.8,3,2,0,1,19.1,0
4.3,22.7,0,1,52.1,3,2,0,1,20.4,0
299.1,30.1,0,0,93.6,4,0,0,0,51.4,0
25.3,25.1,1,1,51.7,5,3,2,0,24.9,0
107.9,22.6,1,1,76.0,3,5,0,1,42.7,0
19.1,19.4,0,0,51.1,1,1,1,0,10.9,0
74.4,19.2,0,0,25.5,1,0,0,1,10.4,0
92.8,17.9,0,1,48.8,4,1,0,2,34.3,0
58.9,19.8,0,2,58.5,3,1,0,0,17.3,0
41.5,27.5,0,0,59.6,8,0,0,0,9.0,0
34.5,21.7,1,0,44.3,4,3,0,0,22.3,0
27.9,14.9,1,0,81.7,6,4,0,0,26.7,0
172.4,33.6,1,3,35.2,5,2,2,3,52.0,0
115.4,24.9,2,0,82.5,5,2,0,1,48.3,0
218.0,14.6,2,0,40.1,3,2,1,0,48.4,0
8.6,20.3,0,2,26.7,5,4,0,2,25.5,0
85.3,23.7,0,1,76.8,6,4,1,0,35.6,0
181.1,33.2,2,0,59.6,2,2,1,2,51.4,0
13.0,16.4,0,3,91.8,5,3,1,0,32.7,0
4.5,28.9,0,1,55.9,6,1,2,0,21.1,0
87.8,31.4,0,1,75.3,5,2,2,0,36.4,0
55.5,19.2,1,0,36.8,6,6,0,0,27.3,0
119.9,21.3,1,2,31.3,7,1,0,1,39.0,0
9.8,16.8,3,0,41.1,3,2,2,1,37.8,0
103.1,21.8,2,0,15.0,9,1,2,1,37.2,0
14.6,22.8,1,0,65.1,4,4,2,2,35.3,0
11.6,27.0,1,2,43.3,6,2,2,0,28.0,0
11.7,29.5,0,1,53.5,4,3,0,1,22.1,0
109.5,18.5,0,1,64.5,1,3,0,0,30.2,0
71.1,11.2,0,0,36.2,5,0,0,2,17.0,0
48.1,22.9,0,1,61.1,6,4,0,2,29.1,0
28.9,24.8,0,2,59.8,3,3,0,0,23.6,0
136.3,24.5,0,0,44.3,7,5,2,1,41.6,0
32.4,21.0,0,2,56.5,7,6,1,0,30.5,0
110.2,23.7,3,0,40.6,7,2,0,1,45.8,0
37.6,32.1,1,2,87.7,6,3,0,0,32.4,0
30.8,25.3,3,0,19.1,2,1,0,2,26.8,0
40.4,20.8,1,1,56.3,7,1,0,1,27.0,0
23.3,20.0,1,3,26.2,3,3,1,3,35.5,0
89.5,22.0,0,3,90.5,3,1,0,1,38.7,0
45.4,32.8,0,0,85.1,10,2,0,0,25.5,0
17.2,21.9,0,1,83.5,2,2,0,0,25.6,0
149.4,22.9,3,0,6.3,9,3,0,0,30.8,0
31.5,20.1,3,2,78.5,9,2,0,2,40.5,0
51.0,29.6,0,1,48.6,5,3,1,1,31.6,0
154.0,34.8,0,0,75.1,8,1,0,0,34.1,0
63.6,25.7,1,0,60.9,3,6,1,1,41.5,0
8.1,23.5,0,3,45.0,5,0,1,1,24.4,0
182.7,23.2,1,1,70.6,4,1,1,1,41.2,0
64.2,8.7,0,0,80.0,6,4,0,0,30.0,0
26.5,27.5,1,0,59.6,3,3,0,1,18.0,0
9.7,23.8,0,0,69.2,7,3,0,3,21.6,0
102.7,25.6,1,1,54.3,3,2,3,0,40.5,0
62.9,18.7,0,2,74.3,6,3,2,0,38.2,0
49.6,20.7,1,2,96.1,2,2,0,1,38.7,0
145.8,20.5,3,1,63.7,5,5,0,0,45.2,0
101.0,29.1,0,2,36.7,5,5,0,0,25.5,0
10.7,20.7,2,1,54.2,3,5,0,1,41.7,0
24.3,35.5,2,0,56.5,5,1,2,0,26.5,0
18.6,25.6,3,3,63.6,8,2,1,0,38.3,0
88.6,15.3,2,0,82.9,3,1,2,1,50.5,0
2.2,22.2,1,0,62.1,5,3,3,0,28.0,0
54.8,19.1,2,3,68.5,3,3,0,0,37.1,0
93.4,9.8,0,0,59.1,2,4,1,0,29.3,0
136.1,32.6,1,2,45.8,4,0,2,0,38.0,0
27.2,27.2,3,3,45.3,3,4,1,0,43.7,0
111.9,26.2,2,1,33.9,2,4,0,1,39.7,0
7.6,24.0,3,0,41.5,4,3,3,1,41.1,0
121.8,14.7,2,0,47.4,2,3,1,0,42.5,0
8.9,20.1,2,0,7.1,9,0,0,0,12.7,0
32.9,28.1,2,1,40.3,7,1,1,2,38.7,0
103.7,16.7,2,2,76.9,7,2,0,1,47.2,0
10.6,8.0,1,1,66.6,5,3,1,0,25.0,0
16.9,21.6,3,1,20.5,3,6,0,0,29.1,0
83.3,22.1,2,1,58.5,4,5,0,0,34.9,0
82.8,23.8,2,1,82.4,2,4,0,2,39.0,0
66.6,27.4,1,2,28.1,9,3,2,2,32.8,0
77.0,26.8,0,0,76.1,2,1,2,0,27.4,0
50.9,24.6,0,2,88.5,3,1,2,0,42.3,0
18.9,30.2,3,1,32.0,9,0,1,0,17.9,0
27.6,13.9,1,0,47.0,7,2,3,0,29.3,0
13.0,26.0,0,0,21.6,6,3,0,2,18.1,0
155.4,26.8,0,0,26.6,5,1,2,0,29.5,0
56.9,15.6,2,1,66.3,2,2,1,0,33.9,0
33.3,14.0,2,0,62.9,3,2,1,0,27.0,0
40.3,18.5,2,2,82.2,3,3,0,1,45.7,0
191.3,19.0,1,1,32.8,5,3,1,0,38.1,0
10.8,27.5,1,2,42.1,5,1,0,0,15.9,0
57.4,19.3,0,0,96.6,5,4,1,3,40.0,0
45.8,17.9,0,0,83.7,4,2,3,0,35.7,0
61.4,19.3,2,0,85.7,2,3,1,0,35.2,0
1.2,29.7,0,0,58.0,2,5,1,0,22.3,0
133.7,23.1,1,2,39.8,5,3,0,1,37.1,0
174.8,21.9,1,0,50.9,3,3,2,1,46.4,0
54.1,22.3,1,1,99.1,6,1,2,0,46.8,0
77.5,30.8,3,0,46.9,1,2,0,0,24.3,0
166.2,18.5,0,1,28.7,3,4,0,0,28.0,0
79.8,30.9,2,2,70.3,4,0,1,2,41.1,0
10.8,24.3,0,1,23.1,6,0,2,0,13.7,0
55.8,22.0,0,1,79.2,3,4,1,0,32.5,0
60.7,38.0,1,0,72.8,10,0,0,1,30.4,0
35.9,16.7,0,3,63.2,1,2,0,0,18.8,0
86.7,20.9,2,1,8.6,1,0,1,2,24.9,0
177.0,15.6,1,1,10.7,6,1,0,0,33.5,0
168.9,28.7,0,1,62.8,6,2,3,2,45.6,0
39.0,33.1,0,2,57.6,5,1,1,3,36.8,0
7.8,33.0,1,1,83.3,5,2,0,0,19.6,0
272.3,30.3,2,1,72.6,6,1,3,0,58.5,1
118.7,21.8,1,1,91.5,5,2,1,1,48.2,0
8.7,20.8,1,0,51.9,5,2,2,0,31.5,0
164.9,13.0,2,1,24.4,4,2,3,0,48.8,0
132.6,35.2,1,1,47.0,9,1,2,0,37.5,0
47.6,25.8,0,1,27.8,1,2,3,0,22.0,0
58.2,20.0,1,1,57.5,6,0,0,0,27.3,0
33.1,31.0,1,0,37.6,2,0,0,0,8.9,0
3.7,17.2,2,2,69.8,5,4,3,0,44.4,0
26.5,25.4,1,3,52.0,3,2,1,0,28.1,0
105.5,22.0,3,2,88.6,2,5,2,0,63.8,1
0.3,26.8,0,0,23.1,4,4,1,0,14.5,0
26.4,22.6,3,1,74.6,3,2,2,2,46.1,0
33.0,14.3,1,2,78.4,4,1,0,0,30.8,0
50.1,23.5,1,1,40.6,5,0,0,0,19.6,0
164.1,29.3,0,1,61.5,5,5,2,0,46.3,0
27.6,22.8,1,2,54.0,4,0,0,0,20.0,0
27.7,27.7,2,1,22.8,5,4,0,0,27.6,0
86.9,16.7,2,1,85.5,7,2,2,0,45.6,0
39.1,22.8,0,0,62.3,3,5,3,3,43.7,0
16.5,19.3,1,0,78.4,3,2,1,1,33.4,0
39.1,27.5,0,0,62.1,4,4,1,0,25.5,0
9.9,23.2,3,2,69.6,4,2,2,0,44.3,0
12.6,27.1,2,1,36.2,4,2,0,1,23.0,0
44.8,29.5,0,1,84.8,4,3,1,0,34.0,0
35.3,27.1,2,2,26.0,5,1,2,2,29.6,0
160.1,24.6,3,1,94.4,2,3,1,1,54.6,0
29.3,17.0,1,1,44.5,8,0,1,0,23.3,0
56.5,23.0,2,0,18.0,5,3,2,0,21.0,0
65.0,19.8,1,2,34.1,7,1,0,1,28.2,0
0.9,20.9,1,0,80.5,4,4,1,0,37.3,0
70.8,20.8,0,0,74.6,3,2,0,0,22.1,0
12.7,17.1,0,0,83.6,3,3,0,1,24.8,0
211.0,11.3,1,0,72.7,4,5,2,0,48.8,0
10.5,19.0,0,0,57.2,10,2,2,0,28.7,0
34.8,24.2,2,1,51.4,5,3,0,0,27.8,0
5.8,14.9,0,0,78.0,4,2,1,1,25.4,0
350.0,23.1,1,1,30.7,5,6,0,2,59.6,1
45.3,34.4,2,0,79.1,4,4,0,0,32.6,0
58.8,29.1,1,0,74.0,9,4,0,0,26.6,0
4.5,32.9,1,1,69.5,6,2,0,3,33.3,0
90.1,25.3,3,2,43.0,2,2,1,1,41.9,0
15.3,30.0,2,2,51.6,3,2,2,0,28.2,0
148.4,18.7,0,3,50.5,5,2,1,2,36.9,0
14.9,19.1,1,1,17.1,6,4,3,0,26.5,0
13.8,8.0,3,1,78.9,7,2,0,1,37.2,0
2.4,30.1,1,1,27.5,5,3,1,0,14.7,0
41.5,32.2,1,1,38.0,6,2,2,0,32.0,0
54.1,19.7,0,0,86.3,10,1,0,1,27.4,0
4.4,21.5,0,1,42.9,6,1,2,0,23.2,0
97.1,18.5,2,0,76.9,5,4,0,0,35.3,0
39.2,25.3,2,1,89.9,4,6,3,2,53.3,0
48.3,29.7,3,1,11.1,3,2,2,1,31.2,0
37.8,12.5,2,0,70.2,3,1,1,2,34.9,0
33.3,25.5,0,0,80.1,2,0,2,0,27.5,0
53.3,21.3,0,0,79.8,6,2,1,0,27.4,0
11.0,23.7,3,3,22.4,5,2,0,0,30.7,0
13.1,25.8,0,0,61.0,3,1,0,0,10.8,0
128.6,21.9,0,0,74.3,3,2,1,0,31.1,0
189.9,22.4,3,2,26.6,2,2,1,0,48.3,0
30.4,21.7,1,1,13.3,1,3,2,0,25.6,0
20.5,28.8,0,0,95.7,6,4,1,0,30.8,0
67.1,25.5,2,0,24.6,4,2,1,2,34.6,0
34.2,24.3,3,0,14.0,3,4,0,0,19.6,0
1.7,15.4,0,0,23.4,4,8,0,0,12.2,0
11.0,20.7,2,0,45.0,2,3,0,0,24.0,0
81.8,28.4,1,1,58.9,4,3,1,0,32.5,0
69.9,23.2,1,2,42.8,3,2,0,0,25.4,0
1.8,27.0,3,1,15.0,7,2,1,1,26.2,0
16.3,33.6,3,1,39.7,7,2,2,2,35.3,0
17.1,29.2,0,0,67.6,3,0,2,0,18.7,0
72.4,23.6,0,0,49.0,5,1,0,1,19.6,0
1.3,19.9,0,2,58.0,3,2,2,0,31.7,0
7.1,8.0,1,0,66.1,4,5,3,0,32.5,0
104.6,22.0,0,2,43.9,5,2,0,1,28.7,0
12.8,21.0,1,1,54.0,3,2,2,1,33.4,0
68.8,25.3,0,2,46.3,7,4,0,0,27.0,0
17.7,22.1,1,0,35.0,1,3,1,1,20.2,0
6.8,21.1,0,0,63.0,3,4,1,0,21.2,0
18.1,12.3,2,2,31.1,6,2,1,0,24.3,0
83.3,17.4,0,2,38.2,1,2,2,0,24.8,0
125.8,25.9,0,0,77.6,6,2,1,1,41.9,0
115.3,33.3,2,3,39.7,8,3,0,1,43.9,0
32.9,22.4,2,0,21.1,4,3,1,1,18.0,0
71.7,25.0,0,0,68.5,6,1,0,0,27.0,0
14.9,28.7,0,1,55.1,9,2,3,0,28.9,0
22.6,18.1,2,1,89.1,7,2,0,1,36.3,0
147.3,25.2,1,3,56.7,3,1,0,3,50.7,0
0.9,18.6,2,1,64.4,2,4,0,2,29.3,0
5.8,28.2,1,0,51.4,4,5,2,0,28.0,0
15.1,23.9,0,1,24.1,7,2,2,0,25.3,0
1.7,24.8,1,0,84.2,3,3,0,3,31.8,0
13.0,18.3,2,1,46.6,6,4,0,0,25.2,0
56.9,27.2,3,1,68.8,3,1,0,1,45.0,0
35.6,35.5,0,0,60.7,6,4,2,0,26.1,0
145.1,17.0,1,1,80.2,2,5,0,0,45.3,0
110.5,21.0,0,1,66.0,7,2,0,0,25.7,0
27.2,24.4,1,1,83.3,6,4,0,0,34.8,0
19.5,27.7,2,1,60.8,6,1,0,0,25.1,0
31.0,19.6,1,0,61.0,7,4,1,2,37.9,0
58.0,8.0,3,0,26.2,4,4,3,2,41.4,0
20.3,31.2,1,0,28.7,7,2,1,1,24.1,0
63.6,27.6,3,0,50.4,7,2,0,1,27.7,0
34.2,12.5,2,1,30.8,5,3,0,0,24.1,0
52.2,19.4,0,3,76.2,1,2,0,0,30.1,0
37.2,32.4,0,1,37.2,2,0,3,1,22.9,0
22.7,31.7,1,1,88.7,10,5,0,2,40.0,0
192.7,28.6,0,1,42.8,6,2,0,1,47.4,0
93.7,21.9,1,0,56.0,1,2,0,0,22.8,0
9.8,23.5,1,2,19.0,3,2,1,0,21.6,0
131.9,22.2,3,3,66.0,2,2,0,0,45.7,0
43.4,29.8,1,1,42.0,5,2,1,1,33.5,0
146.2,17.7,2,0,53.3,4,0,3,1,48.3,0
104.6,18.2,3,2,21.5,3,0,0,1,33.1,0
36.0,29.1,2,0,43.8,2,4,0,0,25.5,0
1.5,22.7,0,2,69.9,5,6,1,1,39.2,0
20.3,31.3,1,2,55.2,5,5,0,1,29.1,0
50.7,19.0,0,0,20.1,1,2,1,0,18.3,0
65.2,22.7,1,3,59.0,0,1,2,0,32.7,0
19.4,17.5,1,3,58.9,2,2,1,0,32.3,0
9.8,23.0,2,3,36.2,2,0,0,1,26.1,0
117.1,14.1,1,1,61.9,4,1,2,0,44.1,0
270.4,20.1,1,0,60.6,5,3,1,0,50.9,0
48.5,14.4,3,1,80.3,2,5,2,0,52.6,0
12.2,27.2,0,1,42.7,4,5,3,0,25.2,0
20.7,27.3,1,0,65.6,3,1,0,0,16.3,0
1.2,12.6,2,1,65.2,1,2,0,0,22.0,0
159.7,31.0,0,1,29.5,3,1,0,1,30.7,0
8.1,38.0,1,0,70.3,4,2,0,2,23.2,0
55.9,23.3,0,0,52.7,4,3,1,0,14.8,0
20.8,19.2,2,0,16.0,4,2,1,1,21.2,0
52.5,38.0,0,1,17.9,6,5,0,0,18.7,0
68.5,15.1,0,1,57.1,5,2,2,1,31.7,0
115.1,23.1,1,0,66.5,6,2,0,0,28.2,0
15.0,24.1,0,3,66.8,2,2,0,0,29.2,0
0.7,31.1,0,0,75.6,8,3,0,2,29.3,0
9.6,25.2,1,1,55.5,4,6,1,0,30.4,0
149.7,20.0,1,2,42.8,6,4,0,0,43.3,0
134.6,17.3,1,2,79.8,5,2,2,0,44.7,0
59.1,20.9,1,0,85.7,4,4,1,1,37.5,0
59.6,17.0,1,2,60.9,4,3,2,1,45.1,0
71.1,23.3,1,2,75.4,8,4,1,1,44.1,0
12.5,19.6,0,1,76.3,6,1,0,2,33.9,0
159.8,14.0,0,1,69.9,2,1,0,3,34.9,0
35.3,30.5,2,0,87.5,7,1,0,0,25.0,0
31.4,20.0,2,1,52.0,2,1,1,0,26.9,0
47.6,15.4,0,1,38.5,5,3,3,0,31.7,0
3.1,22.0,1,2,78.4,3,0,2,1,37.8,0
11.8,23.4,1,1,38.7,6,3,0,0,19.2,0
87.1,12.5,1,1,66.9,7,3,0,0,37.8,0
5.6,25.0,1,0,20.4,1,2,2,0,19.3,0
60.1,16.7,0,0,78.9,9,1,1,2,34.6,0
18.3,33.3,2,0,19.4,4,6,0,2,31.6,0
32.1,26.1,0,0,87.2,5,3,2,0,32.2,0
22.1,20.6,1,1,78.3,2,2,1,2,32.6,0
28.6,18.5,2,2,38.6,1,2,2,2,36.7,0
82.5,22.4,1,1,42.2,9,1,2,1,32.2,0
22.9,26.7,0,1,91.3,5,3,1,0,30.0,0
54.3,22.8,3,1,65.5,2,2,1,0,35.6,0
42.0,21.7,2,0,61.7,5,3,1,0,27.1,0
70.8,23.4,2,0,68.9,2,2,0,0,29.6,0
179.5,19.4,1,0,46.9,7,2,3,2,44.9,0
85.7,20.9,0,1,63.2,6,5,3,0,43.5,0
15.7,10.5,3,0,77.7,6,3,0,1,39.3,0
2.1,28.8,1,0,19.4,3,0,2,1,22.5,0
19.8,24.8,2,1,26.9,6,2,3,0,29.5,0
58.8,18.4,0,3,41.6,4,0,0,0,24.3,0
3.4,34.4,0,1,50.1,5,2,0,0,11.7,0
44.6,23.5,3,2,47.6,1,1,1,0,33.0,0
59.0,16.8,1,1,29.2,3,4,0,2,32.5,0
26.4,28.1,0,1,32.9,10,2,3,2,36.8,0
95.8,25.4,0,1,41.7,2,2,0,2,28.7,0
7.3,25.4,1,2,75.3,4,0,0,2,33.8,0
5.1,20.4,0,0,56.9,6,3,1,1,21.9,0
84.7,25.7,1,0,55.3,7,2,2,0,38.4,0
44.5,21.4,1,0,40.5,5,1,0,0,15.5,0
75.8,26.3,2,1,46.8,3,7,0,0,35.7,0
37.1,11.6,1,2,42.2,7,2,0,1,32.5,0
18.4,20.4,3,0,81.4,3,3,1,2,40.7,0
111.1,33.3,0,0,52.1,6,1,1,1,30.4,0
104.4,18.4,1,2,56.0,5,1,1,3,46.0,0
77.1,19.4,0,1,54.9,5,1,2,3,42.1,0
20.6,20.3,2,1,83.7,2,3,0,1,32.5,0
58.0,15.7,3,2,62.9,6,3,1,1,47.5,0
29.1,9.8,2,1,31.5,5,2,0,0,27.1,0
6.2,21.6,1,1,14.4,7,1,2,0,23.6,0
162.0,23.8,1,0,85.8,11,0,1,2,49.4,0
9.6,22.7,2,0,12.9,4,3,0,1,17.1,0
195.0,22.1,3,1,43.4,4,3,2,3,61.4,1
38.4,23.3,3,1,64.0,6,2,3,0,42.1,0
13.3,29.1,1,3,76.1,8,5,0,1,39.9,0
50.7,21.9,3,3,39.4,0,3,2,0,42.2,0
134.1,19.6,0,2,62.9,2,1,2,0,29.2,0
85.6,21.3,0,0,32.6,4,0,1,0,21.1,0
106.8,26.5,0,3,45.8,1,0,0,0,25.2,0
69.9,31.5,0,1,57.7,1,3,0,2,30.2,0
76.6,19.2,2,0,19.0,4,3,0,0,29.8,0
123.0,23.6,2,1,34.2,4,3,0,3,38.1,0
18.7,25.0,2,0,43.6,6,4,0,1,25.6,0
43.7,17.0,1,0,47.9,3,3,1,0,24.3,0
16.3,23.1,1,2,40.6,7,5,0,1,23.1,0
285.7,14.2,2,1,39.4,3,0,0,2,53.5,0
187.4,12.4,1,0,44.2,5,3,0,1,40.6,0
2.6,25.2,2,1,66.5,5,4,1,0,31.3,0
79.5,20.7,1,2,17.4,7,2,0,0,26.5,0
168.6,24.2,1,1,70.1,3,0,0,0,44.1,0
12.9,22.9,1,0,75.6,5,4,3,1,35.9,0
54.5,17.1,2,0,62.2,4,2,0,0,28.6,0
160.6,22.7,0,0,54.9,1,2,1,1,34.2,0
2.2,15.6,1,3,85.9,4,1,3,0,47.8,0
77.7,31.3,2,1,76.5,4,4,0,1,43.6,0
22.9,14.9,1,1,70.0,5,2,0,0,30.5,0
167.8,21.8,2,1,78.5,2,3,1,2,54.4,0
230.3,16.7,0,2,42.1,4,2,2,0,53.3,0
187.7,26.4,1,1,76.9,4,3,3,0,58.8,1
41.8,21.0,2,1,41.5,5,0,0,1,23.5,0
128.8,19.9,1,0,63.1,6,2,0,0,28.7,0
121.0,28.1,1,0,30.7,5,1,0,0,25.1,0
25.0,23.2,0,3,51.0,7,4,3,2,43.4,0
114.8,26.1,0,3,61.8,5,1,2,1,41.3,0
2.5,17.1,1,3,48.7,4,2,3,0,31.3,0
59.0,14.6,0,3,22.1,7,1,0,2,29.8,0
17.0,23.6,2,2,32.4,2,1,0,0,23.9,0
8.4,21.1,2,1,89.7,1,2,3,1,43.8,0
5.2,26.8,0,2,29.0,8,3,0,0,13.6,0
77.5,22.5,1,1,49.4,2,1,1,0,28.7,0
27.0,24.2,1,0,84.7,4,2,0,0,23.9,0
83.9,13.3,0,0,70.2,3,5,1,1,38.1,0
4.4,34.3,0,3,79.5,4,3,3,0,40.6,0
24.6,22.0,1,0,40.4,4,3,1,0,18.4,0
50.4,27.2,1,2,63.6,3,2,0,0,25.7,0
101.7,18.0,1,0,61.5,6,2,2,2,47.6,0
24.9,24.8,1,0,74.9,1,3,0,2,33.4,0
63.9,15.2,2,0,27.7,8,3,0,0,28.3,0
141.1,25.7,2,0,42.6,7,6,1,3,54.8,0
62.2,20.9,1,0,51.1,3,5,0,2,27.9,0
17.2,23.2,2,0,72.6,4,4,0,1,31.3,0
1.6,27.2,0,2,63.6,5,0,1,0,30.1,0
132.7,15.6,2,0,26.8,7,1,1,2,44.6,0
1.4,18.9,1,0,68.9,4,3,3,2,39.9,0
135.0,25.7,2,0,56.1,3,1,0,0,35.5,0
48.9,35.6,1,1,78.1,6,3,0,1,36.7,0
181.9,22.2,0,1,47.0,8,1,1,2,41.9,0
104.2,26.5,1,1,24.5,9,3,1,2,33.4,0
350.0,22.4,1,0,81.6,5,1,1,3,66.0,1
28.1,34.7,1,0,61.9,8,1,1,2,40.2,0
94.7,12.5,1,1,91.8,4,1,0,1,36.8,0
33.4,23.6,2,2,45.4,4,2,1,2,41.2,0
42.5,13.2,1,0,59.0,7,1,0,0,14.7,0
64.2,8.0,1,1,39.0,4,3,1,0,26.1,0
134.5,24.8,0,0,90.0,4,2,1,0,37.6,0
269.1,23.8,3,0,40.6,6,2,0,0,48.8,0
95.0,21.3,2,1,45.1,7,3,1,1,37.0,0
35.2,22.4,2,1,34.5,5,1,3,0,37.1,0
35.6,38.0,0,0,44.4,4,2,0,0,17.1,0
87.0,21.5,1,0,64.9,5,1,0,1,28.8,0
17.7,26.1,0,3,59.1,5,2,0,0,21.6,0
7.6,19.1,1,2,87.9,8,5,0,0,29.1,0
28.5,24.8,0,2,39.4,6,4,2,0,23.6,0
22.0,21.6,1,1,52.7,7,0,2,1,26.4,0
22.8,20.5,1,1,12.7,7,4,0,2,20.9,0
17.3,33.9,1,0,71.3,5,1,2,0,41.5,0
2.8,30.1,1,0,14.6,6,1,0,0,7.9,0
1.2,23.8,2,1,28.8,4,5,1,0,24.0,0
286.0,9.2,0,1,88.9,3,0,1,3,58.8,1
36.3,20.8,2,0,80.6,6,3,0,2,39.8,0
31.5,38.0,0,2,49.2,4,0,1,0,17.2,0
74.0,21.6,0,0,31.2,2,1,2,2,23.2,0
16.0,29.6,0,0,60.3,8,4,3,0,34.6,0
194.7,31.7,2,0,61.1,3,2,0,0,43.7,0
100.3,24.3,1,1,75.6,3,5,2,1,47.5,0
6.1,17.9,2,0,77.9,4,6,1,0,38.4,0
35.1,8.4,1,0,67.6,5,0,1,2,31.5,0
137.3,27.1,0,1,52.1,1,2,0,0,24.0,0
188.2,18.1,2,1,50.7,4,4,1,3,57.9,1
40.9,24.1,0,1,42.3,4,2,0,2,25.8,0
61.8,15.5,2,0,54.6,6,3,0,0,23.9,0
11.9,21.4,0,1,77.4,2,0,0,1,23.5,0
307.4,23.2,0,1,68.3,5,1,0,0,51.9,0
17.1,24.6,2,0,69.6,6,4,1,1,38.3,0
185.9,16.3,3,2,70.4,5,4,1,0,61.6,1
68.2,30.2,1,1,41.2,7,2,0,1,29.9,0
60.8,19.4,2,0,75.5,8,2,1,0,41.1,0
46.7,13.0,0,3,15.7,5,0,2,0,19.1,0
17.0,22.3,2,2,30.6,2,3,0,1,33.0,0
12.6,23.2,1,3,37.2,6,2,0,2,21.4,0
16.2,24.0,0,1,36.3,3,1,0,0,16.6,0
13.4,31.2,0,0,77.4,6,0,1,2,23.6,0
98.3,21.6,0,0,62.1,7,1,1,1,36.5,0
28.0,22.3,1,1,46.0,3,5,1,0,30.5,0
3.9,16.4,0,3,80.6,8,2,1,0,29.2,0
226.0,27.9,1,1,74.8,0,2,0,0,44.8,0
139.9,24.1,3,2,50.4,4,0,2,0,46.9,0
170.8,20.5,0,0,36.7,5,1,0,0,30.0,0
343.2,11.6,1,1,61.0,2,2,1,0,53.2,0
12.4,31.7,1,2,58.4,3,0,0,0,21.6,0
32.8,15.6,3,2,61.5,4,4,0,0,39.5,0
92.3,19.5,1,3,50.4,7,1,0,1,28.6,0
77.4,25.2,1,2,45.6,3,1,1,0,25.7,0
10.9,15.8,1,1,49.5,4,2,0,0,25.4,0
110.0,14.0,0,1,73.2,7,1,0,0,23.6,0
16.5,10.3,0,2,26.1,1,1,2,1,18.3,0
16.5,27.3,1,1,70.4,4,4,0,3,41.9,0
50.0,19.7,0,0,33.2,4,4,1,2,27.1,0
58.4,38.0,1,1,82.2,3,3,2,2,49.7,0
56.4,17.0,0,1,25.1,4,4,2,0,21.8,0
6.2,17.5,1,0,76.9,1,6,1,0,24.0,0
136.5,19.6,0,1,23.1,5,5,0,0,27.6,0
20.1,24.5,3,0,34.6,2,3,2,0,33.0,0
9.0,20.2,2,1,65.2,3,3,0,0,21.6,0
142.7,26.7,0,2,29.4,0,3,0,2,33.2,0
202.5,17.1,0,1,23.4,1,2,3,0,36.3,0
128.8,14.7,1,2,73.8,12,7,0,0,47.4,0
107.8,12.2,0,0,62.1,6,2,1,0,34.5,0
69.2,9.7,1,3,61.2,6,4,0,0,35.0,0
52.0,19.9,0,0,68.8,4,4,2,1,38.3,0
5.9,21.2,3,0,41.5,4,1,1,3,33.6,0
34.1,19.2,2,2,40.8,6,2,2,2,43.8,0
30.3,30.5,1,2,80.9,3,2,1,2,43.0,0
19.6,30.4,1,0,97.4,3,5,0,0,33.9,0
83.5,21.0,3,3,39.6,6,0,3,0,48.1,0
44.5,12.2,3,1,21.6,7,2,0,0,34.4,0
5.5,19.6,3,3,70.0,5,4,2,0,46.7,0
16.2,19.4,0,1,41.0,4,3,2,1,28.7,0
74.7,19.1,0,1,77.7,7,4,1,0,29.0,0
5.1,18.8,1,1,80.7,6,0,1,1,33.8,0
123.8,19.1,1,0,43.1,4,1,0,1,34.0,0
44.4,20.7,0,1,62.4,5,2,1,3,32.6,0
42.6,19.2,0,1,55.0,2,1,1,1,30.3,0
58.3,24.2,2,0,84.4,5,1,0,3,37.4,0
113.2,25.2,2,0,11.8,6,4,2,0,30.5,0
27.8,17.5,1,0,70.5,4,3,0,0,26.8,0
73.7,30.6,2,2,79.6,3,3,2,0,48.0,0
54.2,17.1,1,1,33.5,11,6,3,0,35.8,0
20.2,13.3,2,2,79.0,5,2,3,0,39.2,0
137.1,25.3,1,3,62.7,5,2,2,2,57.6,1
103.8,18.1,0,1,64.5,4,0,2,1,29.9,0
69.8,24.9,1,3,93.1,4,2,2,0,48.3,0
123.6,8.6,1,0,94.8,6,2,1,1,41.9,0
131.3,31.4,1,0,91.8,1,4,0,0,40.9,0
80.1,27.0,0,1,62.1,4,3,0,0,26.5,0
117.9,14.0,3,1,93.0,7,2,1,2,64.2,1
77.7,14.1,0,2,89.7,5,1,1,0,41.9,0
74.1,33.0,0,1,85.0,3,3,0,3,38.0,0
62.7,18.6,1,0,31.7,2,1,3,0,32.9,0
90.8,18.0,1,1,56.1,4,3,0,0,23.5,0
11.2,9.4,1,1,79.5,2,1,0,0,24.4,0
138.3,20.9,2,0,42.4,9,0,2,2,44.1,0
133.5,21.6,1,1,66.9,3,3,1,0,32.2,0
1.9,27.3,1,2,47.9,3,0,0,0,17.6,0
113.6,14.6,2,2,59.3,8,2,0,0,45.1,0
9.0,13.9,0,1,73.6,0,1,1,1,25.7,0
26.5,25.7,1,0,24.8,6,5,0,1,23.3,0
88.4,29.0,2,0,97.6,2,4,0,0,36.6,0
11.4,13.6,0,1,93.1,9,4,2,0,32.0,0
110.7,29.5,1,2,37.1,3,4,0,0,31.6,0
116.0,23.2,3,0,70.7,2,0,0,0,39.8,0
46.0,29.6,1,0,71.8,8,0,0,3,36.0,0
0.4,22.6,1,3,47.6,3,1,0,3,30.7,0
22.0,8.0,3,2,50.0,3,1,0,3,36.6,0
62.4,22.1,0,1,56.7,1,2,0,0,20.2,0
258.3,29.4,0,0,41.5,1,2,0,1,36.4,0
64.9,17.6,2,0,63.3,3,2,1,2,35.8,0
19.6,20.7,2,0,34.4,2,2,0,0,16.0,0
65.3,21.9,1,1,65.0,4,8,0,0,37.3,0
50.5,8.0,1,0,81.2,5,1,2,1,37.4,0
98.4,33.0,2,2,81.7,1,1,1,0,45.6,0
7.4,17.6,2,3,47.9,3,3,1,1,34.1,0
93.0,26.0,0,0,21.7,5,1,0,0,15.9,0
50.7,22.5,0,1,37.7,1,2,1,1,15.9,0
214.3,30.5,1,1,56.0,2,3,0,2,50.9,0
27.2,25.4,2,3,32.7,6,4,0,0,31.7,0
65.1,21.6,2,2,83.0,5,1,0,0,38.9,0
174.8,17.6,3,0,83.8,2,1,1,2,60.2,1
7.0,27.8,2,0,57.0,1,3,0,1,32.9,0
179.9,11.8,1,2,13.8,5,5,1,0,36.2,0
75.7,26.9,1,1,75.4,6,3,0,3,47.6,0
4.6,16.4,2,0,41.4,5,5,0,0,28.4,0
23.3,30.5,2,1,27.3,7,3,1,1,27.7,0
80.1,24.0,1,2,32.7,4,4,0,0,24.1,0
4.5,26.9,0,0,20.0,6,2,1,0,12.8,0
56.7,23.5,3,2,27.0,4,2,1,0,38.9,0
27.6,12.5,1,0,54.4,4,4,0,0,17.9,0
63.0,17.8,1,2,59.1,5,5,1,2,37.1,0
3.0,27.0,1,1,86.6,5,3,3,0,40.9,0
133.4,24.0,1,0,35.9,5,1,1,1,33.7,0
236.0,30.1,0,1,60.2,4,4,0,0,46.7,0
225.5,25.4,2,2,41.1,3,4,0,3,57.6,1
90.0,17.2,0,3,33.8,5,1,2,3,41.5,0
9.1,18.2,0,0,38.5,4,3,0,2,18.9,0
92.3,23.6,1,1,35.4,6,1,0,1,28.4,0
1.6,9.1,2,1,49.8,2,3,0,0,26.7,0
1.5,33.0,3,1,27.2,6,1,1,0,20.8,0
25.4,25.7,2,2,69.2,3,5,1,2,43.5,0
43.6,30.4,3,0,35.0,3,2,1,0,27.9,0
95.6,13.5,0,0,37.9,5,3,2,1,29.1,0
74.7,30.5,0,1,65.7,5,2,0,0,29.1,0
38.4,36.4,1,0,73.5,3,1,0,1,30.4,0
20.8,15.1,0,2,86.7,9,2,0,1,34.8,0
350.0,27.6,2,1,36.8,5,1,0,0,58.5,1
36.1,23.0,1,1,84.4,5,5,1,0,37.9,0
39.0,13.7,3,2,67.2,3,2,1,1,37.3,0
11.6,26.0,0,1,71.5,2,6,2,2,35.4,0
102.9,28.0,1,1,93.0,5,2,0,0,40.6,0
76.9,19.4,1,0,85.3,3,2,1,2,41.0,0
16.2,30.0,0,0,25.7,5,2,0,0,13.9,0
5.6,13.0,1,0,31.3,6,5,2,1,28.3,0
74.2,14.0,1,1,66.8,5,2,0,0,31.1,0
69.1,23.8,1,1,56.7,4,1,2,0,30.3,0
20.7,23.2,1,0,51.6,8,1,2,0,25.3,0
195.9,18.7,0,1,59.0,3,4,0,0,42.8,0
10.6,27.9,1,0,45.7,2,1,0,2,20.0,0
36.8,26.2,0,2,90.3,4,3,0,0,33.9,0
186.9,28.1,0,0,47.1,4,3,2,2,37.4,0
35.4,22.3,0,2,52.0,2,3,1,2,27.6,0
66.1,26.6,0,1,65.2,4,3,2,0,26.5,0
32.9,20.3,1,1,73.2,4,3,1,0,22.8,0
20.8,35.3,0,0,50.1,4,2,0,0,8.1,0
268.7,18.1,1,3,33.8,5,6,0,2,56.9,1
34.2,35.6,1,0,51.6,8,1,0,1,29.8,0
145.9,23.2,1,1,60.1,4,2,0,0,29.8,0
17.0,14.7,2,3,69.3,4,1,0,0,32.9,0
15.6,31.2,1,2,35.0,2,0,1,2,25.6,0
2.1,23.8,1,1,99.6,5,4,0,0,32.2,0
68.5,28.1,2,3,92.8,5,1,0,0,42.1,0
29.9,30.3,1,1,48.8,3,1,0,0,18.3,0
129.9,25.0,2,0,29.0,4,3,1,1,28.1,0
41.7,19.4,1,1,26.9,4,2,1,3,32.8,0
224.1,28.9,1,0,89.6,7,4,2,0,61.3,1
13.3,23.0,2,0,82.1,5,2,0,2,34.6,0
131.9,27.1,0,2,18.8,8,3,3,2,42.7,0
97.4,10.1,0,1,75.1,5,1,2,1,33.6,0
95.8,25.7,0,0,55.6,4,5,0,1,27.6,0
121.1,19.2,1,2,32.3,7,2,2,1,42.9,0
93.0,32.9,0,0,70.1,6,2,0,0,23.2,0
64.0,26.7,1,3,49.5,4,2,0,2,35.5,0
9.1,24.4,2,3,85.5,5,4,2,3,61.9,1
2.1,25.9,2,3,81.6,4,3,2,0,43.3,0
164.9,17.0,1,2,62.0,3,1,0,0,35.0,0
62.3,32.7,3,0,23.4,5,3,0,0,38.7,0
103.5,34.9,1,1,55.4,4,1,0,1,34.2,0
42.7,25.4,1,0,38.3,4,2,2,0,22.6,0
8.1,32.5,2,0,45.1,5,2,1,0,24.4,0
8.7,19.6,2,1,77.4,4,9,0,1,32.8,0
75.2,18.2,2,0,51.1,5,3,0,1,29.7,0
36.6,23.2,0,3,49.7,4,2,1,1,33.4,0
14.5,25.6,1,2,46.6,6,4,2,3,35.1,0
44.0,20.6,2,0,30.5,2,4,3,0,27.5,0
4.3,26.2,1,1,45.6,4,0,2,1,30.3,0
56.7,24.8,1,1,61.3,6,1,2,1,45.3,0
20.4,17.0,1,2,78.8,4,1,0,0,30.9,0
103.8,26.1,2,1,37.7,5,3,2,0,46.6,0
24.2,28.2,0,0,71.3,7,2,2,1,25.6,0
39.5,24.0,1,1,53.1,4,1,1,0,28.4,0
0.8,29.9,0,1,80.0,2,2,0,0,25.6,0
4.9,15.7,1,3,65.4,8,1,2,3,40.8,0
32.4,25.8,2,0,53.0,2,3,1,0,25.0,0
42.5,16.0,0,0,69.7,2,12,2,0,37.1,0
59.6,16.3,1,2,70.0,6,2,0,2,39.3,0
22.4,19.2,1,2,67.0,4,1,0,0,25.7,0
77.2,17.3,0,2,96.0,7,2,2,0,43.3,0
127.9,19.7,1,1,31.1,3,2,3,0,33.3,0
98.4,21.7,0,1,57.3,7,1,3,1,40.7,0
2.6,28.0,1,1,73.3,6,2,3,0,38.2,0
42.6,21.1,1,0,69.5,3,1,0,2,30.6,0
7.2,13.5,2,1,30.3,2,2,1,0,20.0,0
18.0,29.8,2,0,95.3,8,1,2,0,32.6,0
280.6,18.0,1,0,32.1,5,1,0,0,41.5,0
10.0,22.6,0,3,77.8,4,2,0,0,24.6,0
44.9,25.7,3,0,59.8,5,1,0,3,45.5,0
62.6,24.2,1,3,79.0,6,4,0,2,50.0,0
78.8,29.6,0,0,50.2,5,1,0,0,13.0,0
53.3,25.9,2,0,27.4,5,3,0,0,22.4,0
0.6,17.8,0,1,85.0,4,2,0,0,19.6,0
25.7,36.1,1,2,61.4,3,4,2,1,33.1,0
47.4,24.2,1,1,65.4,6,3,0,1,31.1,0
6.0,22.1,1,2,13.7,4,4,1,2,22.8,0
28.1,28.8,2,0,87.2,6,1,3,1,40.2,0
2.2,24.5,1,2,23.1,3,1,1,1,17.4,0
5.3,25.4,0,0,48.5,5,4,0,0,21.1,0
32.9,38.0,3,2,59.2,5,1,0,0,33.6,0
9.3,21.3,3,1,61.1,2,2,2,1,39.2,0
54.5,21.1,1,2,70.5,3,2,0,1,38.9,0
76.0,23.7,1,1,39.1,2,3,0,0,24.1,0
104.8,29.4,0,0,72.0,2,2,2,3,43.5,0
14.5,14.0,2,2,55.7,4,3,1,1,32.6,0
11.9,11.2,0,0,52.6,2,3,1,0,16.7,0
7.2,19.5,0,0,45.7,6,0,1,1,18.3,0
65.8,13.2,1,2,32.1,8,1,1,0,29.4,0
79.7,20.5,0,0,73.3,6,3,2,0,37.2,0
2.1,26.0,0,0,40.6,4,3,1,1,22.9,0
178.9,17.7,1,1,36.7,4,1,0,2,39.0,0
3.5,14.4,0,2,32.7,6,2,0,0,19.8,0
50.7,23.4,0,0,55.5,9,3,0,1,21.4,0
80.3,28.2,0,1,58.7,11,1,2,0,36.1,0
133.1,12.8,0,1,33.9,5,2,1,0,26.4,0
81.4,27.9,2,2,46.2,6,1,3,0,40.2,0
105.2,27.9,2,3,76.2,3,1,1,1,52.8,0
27.0,28.7,1,2,55.0,4,3,0,1,20.4,0
109.6,30.3,1,1,92.3,2,1,3,0,50.0,0
5.4,36.2,0,1,24.6,4,2,3,0,21.9,0
146.4,20.9,0,0,75.3,8,2,1,1,40.9,0
51.6,23.7,0,1,48.7,5,1,1,0,29.6,0
110.5,20.5,1,3,67.1,3,1,1,1,39.1,0
39.1,23.0,2,1,39.8,3,4,0,2,27.8,0
67.1,32.2,1,0,20.5,3,0,2,2,32.2,0
48.6,14.9,1,1,65.7,4,4,2,2,40.8,0
85.5,17.8,0,1,32.5,3,4,1,0,30.5,0
5.5,31.3,2,1,34.8,6,2,0,0,24.4,0
4.0,29.1,1,1,65.2,4,1,2,0,30.0,0
18.4,20.8,2,1,47.6,7,4,2,2,39.1,0
11.3,28.1,1,0,66.5,6,3,2,0,29.0,0
133.5,25.0,2,3,31.0,2,2,0,0,45.1,0
16.1,32.0,3,1,50.1,6,1,0,0,26.4,0
242.1,23.4,3,0,28.3,4,2,0,2,54.6,0
26.7,29.2,1,0,41.2,3,2,0,1,16.8,0
13.1,38.0,1,2,55.6,3,2,1,1,26.5,0
101.3,26.6,0,2,34.9,9,2,1,0,30.7,0
69.9,23.3,3,1,64.8,0,2,3,0,45.7,0
44.8,27.3,1,0,18.1,2,3,0,2,24.9,0
52.7,20.8,0,0,35.4,4,2,1,0,17.9,0
82.6,37.3,1,0,24.1,7,3,0,3,28.2,0
16.9,24.1,0,1,74.2,5,2,0,2,22.7,0
350.0,21.4,1,1,57.8,6,4,2,0,74.8,1
239.2,18.0,1,1,37.2,5,0,0,3,41.4,0
68.3,29.6,0,1,76.8,2,1,0,2,44.0,0
14.5,28.2,0,0,73.4,5,4,0,2,29.7,0
74.1,20.0,3,0,51.3,4,3,3,2,51.1,0
4.9,26.5,2,0,70.8,3,1,0,2,23.9,0
2.0,13.9,2,0,58.9,5,2,0,1,28.4,0
19.4,24.1,1,0,68.4,5,3,1,0,21.3,0
40.4,25.7,2,1,61.4,4,6,0,0,33.3,0
131.8,33.2,1,2,67.9,7,1,1,0,46.4,0
84.4,18.4,0,2,91.3,6,1,0,1,31.2,0
88.2,15.3,0,2,73.1,5,0,1,0,35.7,0
36.0,17.6,0,1,53.9,4,3,0,0,19.5,0
27.6,15.0,0,1,74.5,7,3,0,0,27.5,0
30.1,31.0,3,0,64.3,5,1,1,3,36.4,0
285.6,32.3,0,3,75.7,4,2,1,0,62.6,1
2.7,24.9,1,0,92.9,5,4,0,0,31.2,0
131.1,30.3,1,0,38.0,5,9,0,1,34.6,0
56.2,23.8,0,0,28.5,5,2,0,1,14.5,0
37.5,22.4,1,3,85.9,7,3,1,0,45.6,0
84.0,21.0,0,3,27.6,6,2,1,0,26.5,0
43.3,21.1,2,2,63.4,8,2,0,2,36.2,0
134.3,13.7,0,1,75.8,8,3,0,0,38.6,0
150.1,24.6,1,1,23.7,11,2,0,0,34.2,0
35.6,22.8,2,3,36.0,2,2,0,2,31.5,0
21.1,27.5,2,1,71.3,6,1,0,2,40.7,0
58.3,23.6,2,3,80.2,8,1,1,0,43.8,0
158.2,22.0,1,0,70.5,5,4,3,0,53.2,0
15.4,17.8,1,0,37.7,6,2,1,0,24.0,0
63.4,23.4,1,2,91.0,4,1,0,1,32.9,0
64.9,27.4,2,0,75.2,1,2,0,1,39.2,0
85.9,16.1,2,3,44.4,3,5,1,0,45.8,0
9.2,23.5,0,1,66.1,7,2,0,1,24.7,0
81.8,24.4,1,2,47.7,6,3,0,2,27.0,0
155.8,18.7,2,0,93.8,2,4,1,0,51.3,0
12.9,19.5,1,1,67.5,1,1,1,0,22.1,0
17.6,24.4,0,1,32.8,2,2,0,0,7.8,0
231.0,16.2,1,1,29.4,3,4,0,2,45.0,0
13.0,25.1,1,1,46.7,3,4,0,0,13.2,0
125.2,17.6,3,3,35.5,4,2,0,0,41.5,0
44.1,29.4,1,1,51.0,5,2,1,0,32.2,0
18.5,37.0,0,0,72.7,4,4,2,2,35.9,0
133.0,17.8,0,2,65.3,4,1,2,3,52.7,0
38.3,26.2,0,0,73.6,2,1,0,0,18.9,0
47.0,18.6,1,0,40.2,4,1,1,0,24.2,0
28.9,29.2,1,0,81.5,7,4,3,2,40.4,0
58.4,15.4,0,2,64.6,4,3,2,0,26.6,0
11.6,25.9,1,0,90.6,3,1,1,0,24.1,0
32.2,17.8,2,0,11.1,2,1,0,1,14.8,0
226.7,21.8,0,2,34.6,4,2,0,0,34.4,0
19.4,16.8,0,2,86.1,6,3,0,0,33.7,0
69.5,27.9,3,0,38.0,6,3,2,0,37.5,0
25.6,18.0,1,2,28.1,6,1,1,2,37.0,0
96.5,26.3,2,2,59.0,4,0,0,0,41.5,0
9.1,20.9,1,0,76.2,3,1,2,2,30.1,0
227.5,22.3,2,2,40.6,5,4,2,0,59.9,1
39.3,23.9,2,1,23.1,4,2,2,1,35.7,0
17.5,18.4,1,1,47.8,6,4,2,1,31.5,0
5.0,24.3,2,1,10.5,7,5,0,0,20.2,0
12.1,32.2,3,1,14.7,5,3,2,2,32.4,0
47.7,18.3,1,0,53.2,4,2,0,2,37.6,0
26.7,30.0,0,2,76.9,3,5,2,1,44.5,0
114.8,32.0,1,0,70.6,7,5,2,0,42.3,0
36.6,18.1,2,1,68.6,1,0,1,1,40.3,0
18.6,14.3,1,0,34.9,2,2,1,0,17.0,0
62.4,24.8,0,2,64.1,3,2,0,0,30.5,0
79.7,19.7,0,0,64.5,3,2,0,1,27.5,0
11.9,34.2,1,1,30.1,1,1,1,0,17.8,0
11.9,23.2,0,1,43.4,3,2,1,0,14.4,0
2.4,18.2,1,2,18.3,7,10,0,0,22.5,0
86.7,16.1,2,1,59.7,3,1,2,0,42.0,0
70.9,29.5,1,2,18.8,14,5,0,3,37.3,0
41.8,19.6,0,0,34.7,7,0,0,2,17.4,0
120.8,23.3,0,0,81.3,4,4,0,0,39.4,0
106.5,28.7,0,1,70.5,6,4,2,0,40.2,0
57.2,20.1,0,3,89.9,3,2,0,0,33.7,0
131.8,22.7,1,0,64.9,3,4,0,2,38.3,0
15.0,22.9,1,0,72.6,5,2,0,0,24.8,0
7.7,27.1,0,0,19.7,5,1,2,3,24.3,0
20.4,26.5,0,1,66.2,9,2,1,0,26.4,0
3.8,21.7,0,0,59.3,7,4,2,1,30.2,0
49.2,23.4,3,2,31.9,5,0,0,3,34.9,0
179.3,20.8,1,0,33.6,9,2,1,0,32.5,0
2.6,14.1,2,0,46.1,6,1,3,0,29.4,0
8.5,24.5,2,0,52.1,4,2,0,1,26.9,0
39.1,34.4,1,1,28.8,3,2,2,1,32.4,0
176.6,17.7,2,1,85.3,4,0,3,1,67.9,1
24.7,18.4,0,0,71.1,4,2,0,1,25.2,0
46.0,17.8,1,3,55.6,3,4,0,0,23.6,0
2.8,27.3,0,0,69.5,4,3,0,1,25.8,0
10.4,25.7,2,1,54.1,3,1,2,0,32.5,0
280.5,22.0,0,1,50.9,8,4,1,0,47.7,0
218.1,17.5,2,0,83.1,7,3,0,1,57.6,1
0.3,23.6,0,2,78.0,6,4,2,0,34.6,0
197.1,13.6,2,2,64.4,7,3,0,0,48.6,0
66.2,23.9,0,0,78.8,5,2,0,2,31.8,0
131.6,28.2,1,1,98.1,6,2,0,1,42.1,0
39.4,15.5,1,0,81.4,5,2,1,1,33.0,0
47.1,13.8,1,1,62.4,4,0,1,1,25.6,0
43.6,32.5,1,0,16.1,3,5,0,1,21.9,0
71.4,19.3,3,2,85.3,3,2,0,1,48.0,0
9.8,29.8,0,0,29.5,6,3,1,0,19.7,0
2.0,22.1,3,0,69.5,6,4,2,2,48.0,0
23.9,22.0,1,0,47.7,4,0,2,0,21.2,0
79.3,25.6,2,0,54.9,6,4,1,0,37.7,0
14.7,17.7,1,1,79.0,6,3,0,0,30.2,0
72.7,23.8,1,0,50.0,3,4,1,2,31.7,0
227.7,20.7,2,2,49.1,6,3,0,0,53.8,0
6.4,15.1,1,0,81.6,2,1,1,0,24.7,0
72.6,25.0,1,1,66.4,3,1,0,2,31.6,0
38.1,21.4,0,1,49.7,3,0,0,3,24.4,0
131.7,22.1,0,3,23.3,4,5,0,1,27.0,0
12.7,15.7,1,3,21.8,3,2,0,0,12.5,0
76.7,32.5,2,2,40.1,5,4,0,0,36.3,0
118.4,28.3,1,2,58.2,3,1,0,1,34.1,0
188.1,28.8,0,0,41.9,3,1,0,1,26.9,0
74.7,21.2,1,2,52.6,1,2,1,0,25.8,0
44.7,12.6,1,3,17.9,3,2,3,1,29.6,0
62.5,34.7,1,0,78.1,6,1,1,0,29.0,0
132.1,22.6,2,1,81.1,3,2,2,3,49.4,0
55.0,18.5,2,0,62.4,6,1,0,0,31.5,0
2.0,25.5,0,1,60.6,9,6,0,1,27.9,0
173.7,30.0,2,1,75.7,3,2,2,0,49.3,0
76.0,22.9,1,1,86.1,3,2,0,0,39.3,0
73.4,30.7,2,1,34.0,8,0,1,1,30.2,0
15.8,29.5,0,3,45.2,3,6,0,0,24.4,0
69.9,16.5,1,1,93.9,2,4,1,2,50.7,0
32.5,19.0,0,2,77.5,3,1,3,0,34.0,0
68.5,28.7,1,0,40.9,5,0,2,1,33.2,0
7.3,8.0,0,1,44.1,3,1,3,0,26.6,0
69.7,22.1,0,1,56.4,4,4,0,0,23.9,0
350.0,14.4,0,0,48.2,7,1,0,2,52.1,0
3.2,20.1,0,0,23.1,5,1,0,0,2.1,0
245.7,21.2,0,1,58.1,4,1,1,0,32.9,0
34.0,20.9,1,1,52.5,3,8,0,1,28.8,0
133.0,19.7,0,1,57.3,5,3,2,0,39.3,0
99.1,16.4,1,0,67.8,1,4,1,0,30.2,0
54.4,36.8,0,0,88.9,4,1,1,1,34.0,0
87.2,34.2,3,1,82.5,4,5,2,1,53.4,0
137.0,16.0,3,0,76.0,6,5,1,0,55.1,1
33.7,32.5,0,0,64.8,6,6,1,1,25.9,0
25.7,20.6,1,0,79.2,4,3,3,0,36.5,0
71.6,23.8,0,0,19.8,4,2,0,2,14.9,0
107.2,22.6,3,0,46.6,2,2,0,3,35.0,0
93.4,19.0,1,0,25.5,2,3,1,0,24.4,0
103.9,28.9,0,0,22.5,6,1,0,0,13.0,0
37.2,23.8,0,1,21.7,3,6,1,0,20.4,0
110.7,20.1,0,0,37.2,3,0,1,0,24.5,0
8.3,15.2,1,1,79.4,3,2,1,1,26.2,0
51.1,17.6,1,2,64.6,8,5,0,0,37.6,0
0.4,13.2,1,2,49.4,5,4,1,0,22.7,0
25.5,23.1,1,0,69.0,5,3,0,0,22.1,0
29.7,15.8,0,2,20.5,6,6,2,1,26.3,0
32.8,21.4,0,0,64.0,5,4,2,0,29.2,0
77.3,31.2,0,0,34.2,6,4,1,0,26.1,0
32.0,30.2,2,3,28.8,4,2,1,0,32.7,0
38.7,22.8,0,2,60.8,4,1,0,1,22.9,0
17.6,22.5,1,1,77.5,7,6,0,0,34.0,0
30.4,34.3,0,1,55.7,7,2,0,0,24.2,0
16.8,26.1,0,1,63.1,2,2,1,2,25.6,0
4.9,21.0,1,0,57.1,4,3,1,0,17.3,0
60.1,14.4,1,0,73.1,6,0,0,0,25.2,0
71.7,25.4,1,1,32.3,4,3,2,2,40.8,0
62.8,28.0,1,2,63.7,6,1,3,0,47.5,0
40.5,19.2,1,0,34.2,3,5,0,0,12.3,0
31.0,24.7,0,2,30.7,7,5,0,3,30.2,0
129.4,20.8,1,0,23.0,5,5,2,1,38.9,0
47.6,21.9,1,1,57.5,3,4,0,2,38.7,0
42.4,8.1,0,1,67.0,4,3,0,0,24.9,0
1.7,21.7,1,1,23.9,7,2,2,1,25.6,0
27.1,28.8,0,0,46.8,4,0,1,0,15.3,0
31.1,19.2,0,1,64.7,7,6,0,3,30.8,0
33.1,23.3,1,1,52.3,4,2,0,0,21.1,0
56.4,18.5,2,0,46.3,5,2,2,1,37.4,0
49.6,25.2,2,0,14.1,8,3,0,0,16.7,0
60.9,21.7,0,1,54.3,4,3,0,0,28.4,0
94.1,17.4,1,1,15.6,14,3,0,0,27.4,0
109.0,31.0,1,0,38.9,5,2,2,1,29.4,0
82.3,28.6,0,1,35.1,3,1,1,2,29.3,0
202.3,19.4,2,2,39.3,1,2,0,2,46.2,0
1.2,26.0,2,0,26.6,10,3,2,0,32.9,0
14.2,26.2,3,1,71.8,1,5,0,1,31.8,0
0.5,26.9,0,0,12.3,3,1,0,2,9.3,0
67.8,12.8,0,0,56.9,4,1,0,2,22.4,0
148.4,29.0,2,0,25.7,2,3,0,0,34.4,0
18.1,19.6,1,1,83.8,7,2,2,1,42.3,0
170.2,20.9,2,2,26.1,6,3,0,0,34.3,0
4.0,38.0,0,0,53.6,3,5,1,1,23.8,0
177.1,24.8,1,1,39.4,8,3,0,0,44.3,0
28.2,20.7,1,1,62.4,4,2,2,1,37.7,0
7.0,9.8,0,0,76.6,3,2,3,0,35.2,0
43.2,31.3,1,1,57.3,5,1,2,0,32.8,0
19.3,14.9,1,2,20.2,4,3,1,2,22.1,0
21.8,17.0,0,2,88.9,6,0,2,1,29.4,0
23.9,21.0,0,2,57.0,7,3,2,2,33.4,0
105.6,31.5,1,0,64.4,2,2,0,2,32.6,0
50.4,27.6,1,2,63.3,9,3,0,0,39.1,0
24.2,22.1,2,0,36.5,7,2,0,1,32.6,0
61.3,24.8,0,1,13.4,1,3,2,1,26.5,0
81.9,19.4,0,3,64.6,6,1,0,0,33.5,0
20.7,23.8,3,0,62.8,2,2,0,2,31.0,0
34.7,23.4,3,1,59.3,5,1,3,1,47.0,0
8.4,28.8,0,1,49.0,4,2,0,0,10.6,0
13.0,28.8,2,1,57.9,4,2,0,1,24.7,0
74.3,26.0,0,0,91.3,2,2,2,1,43.7,0
13.0,20.8,0,3,46.4,2,4,2,0,30.1,0
48.4,27.5,0,1,59.9,2,1,1,3,35.0,0
80.2,22.4,0,0,64.9,5,0,0,1,15.4,0
7.3,16.5,2,0,66.8,7,4,0,2,31.8,0
54.5,20.6,2,2,23.3,6,4,0,0,26.6,0
19.3,23.5,3,0,51.3,1,1,2,0,36.5,0
214.2,28.5,2,0,49.5,2,1,0,2,50.1,0
42.9,21.9,1,1,72.2,3,1,1,0,33.9,0
106.6,15.7,1,1,92.6,4,6,3,1,56.0,1
51.9,23.3,3,1,43.0,6,3,2,1,48.0,0
2.9,23.7,2,0,81.8,5,3,0,0,26.1,0
65.2,24.1,2,2,49.6,3,2,0,0,30.9,0
196.6,28.5,3,3,36.2,7,0,0,0,55.1,1
59.8,29.1,0,0,96.3,5,0,0,0,27.2,0
111.2,19.4,2,1,98.0,2,3,1,0,53.2,0
140.1,19.3,2,2,18.1,5,3,0,1,35.8,0
16.8,16.8,3,1,25.4,6,1,1,0,27.8,0
15.5,27.2,0,1,72.6,8,3,0,0,28.2,0
61.4,31.7,1,0,69.2,1,1,2,0,37.3,0
34.4,21.1,1,1,45.2,9,2,1,1,29.3,0
119.1,21.6,0,1,31.4,3,3,1,2,27.6,0
149.7,31.8,1,1,56.5,3,3,0,0,32.9,0
28.3,26.0,0,3,58.6,4,2,1,0,26.6,0
17.6,25.6,0,0,56.5,4,4,0,1,22.9,0
98.6,15.9,1,0,48.0,4,1,3,1,35.3,0
20.9,27.1,1,0,54.4,5,4,0,0,24.4,0
112.4,17.4,1,1,56.0,7,0,0,0,32.2,0
35.8,16.2,1,0,32.5,5,5,3,1,31.5,0
71.6,20.9,0,1,76.8,4,5,0,1,26.3,0
6.5,19.5,0,0,51.9,1,1,0,1,17.0,0
63.6,21.7,0,1,68.4,5,2,0,0,19.2,0
39.1,14.4,0,0,79.6,3,1,0,0,25.2,0
57.4,28.8,1,2,15.8,5,3,0,1,33.5,0
12.0,29.8,2,1,43.7,5,3,0,0,25.0,0
86.8,11.3,0,3,55.2,2,2,1,3,38.6,0
129.1,28.9,0,1,68.7,6,2,0,1,41.6,0
15.9,18.1,2,0,84.5,3,0,2,0,33.0,0
6.5,28.1,0,0,70.3,4,2,1,1,25.1,0
1.6,22.6,3,3,90.5,7,1,2,3,57.8,1
66.8,23.2,2,1,72.8,5,1,0,0,31.0,0
60.7,21.9,0,0,22.3,9,3,0,0,22.5,0
51.4,30.3,0,1,47.3,2,1,0,0,23.1,0
17.2,15.6,1,1,74.6,1,2,2,1,43.6,0
32.2,26.6,0,0,36.5,1,4,0,1,19.8,0
58.7,29.6,0,0,51.3,6,0,1,1,22.7,0
44.6,27.3,0,2,42.7,2,4,0,1,20.1,0
286.3,36.9,2,0,24.7,5,3,1,3,58.0,1
9.5,19.8,1,0,70.2,6,2,1,0,26.7,0
77.2,28.7,0,0,66.4,5,1,0,0,28.7,0
33.7,22.4,1,0,80.3,2,2,1,0,28.6,0
36.3,30.4,1,1,84.6,7,5,0,0,31.2,0
82.2,23.0,1,0,36.4,5,3,2,0,23.6,0
76.6,20.7,0,0,20.2,6,3,0,0,16.2,0
308.1,30.8,1,3,50.1,3,0,0,0,49.9,0
8.9,20.1,3,0,57.1,3,3,2,0,33.3,0
7.1,14.5,0,0,87.1,6,2,0,0,21.2,0
83.8,19.9,0,1,51.9,7,3,0,0,26.7,0
56.1,26.7,0,1,41.2,2,5,0,0,18.2,0
20.8,31.4,0,2,72.4,2,0,0,1,21.8,0
5.4,23.7,1,0,25.9,7,3,1,0,24.1,0
5.8,30.9,2,2,43.3,4,2,0,0,24.2,0
146.0,14.9,3,2,43.9,3,1,0,0,44.9,0
13.8,20.3,0,1,32.7,6,3,2,2,25.6,0
25.4,21.3,1,0,65.7,2,3,0,0,22.3,0
16.7,22.3,1,0,50.0,3,4,1,0,28.1,0
28.5,23.5,1,1,31.4,4,2,3,0,26.6,0
4.7,27.1,1,2,48.9,7,1,0,0,25.6,0
47.6,20.3,0,1,58.2,3,6,1,1,34.1,0
4.6,23.8,1,0,40.0,3,2,0,1,16.5,0
104.7,22.7,1,0,51.6,7,1,1,0,26.8,0
17.3,17.4,2,1,43.2,5,0,0,0,25.4,0
50.5,22.3,2,1,87.4,3,1,2,1,41.7,0
137.9,22.1,0,0,54.5,4,1,0,2,31.1,0
68.4,22.0,0,0,65.7,6,1,0,0,20.7,0
49.5,23.2,3,1,53.8,6,3,0,2,33.4,0
25.5,23.5,1,1,68.0,6,4,0,0,28.5,0
26.3,20.4,2,1,57.1,2,4,2,3,35.3,0
72.0,30.6,0,2,69.0,4,8,2,0,44.1,0
334.1,16.0,1,1,21.6,2,2,3,0,59.3,1
70.5,18.7,1,0,73.9,5,3,0,0,30.0,0
53.0,38.0,2,1,73.1,2,4,0,0,30.0,0
85.3,16.8,0,3,56.9,4,1,3,0,41.4,0
40.7,14.9,0,2,22.8,10,3,0,0,4.7,0
4.0,27.4,1,2,33.6,6,1,0,1,21.3,0
53.7,10.5,2,0,86.2,2,2,1,0,41.7,0
205.5,21.6,3,2,17.3,4,3,0,1,48.8,0
12.5,35.9,3,2,84.1,2,2,2,0,41.5,0
76.1,13.7,3,1,71.7,6,0,2,2,45.4,0
14.6,11.1,0,0,23.7,5,3,0,0,20.7,0
49.9,14.0,0,3,94.4,4,2,1,1,38.5,0
6.6,28.4,0,1,53.2,6,2,1,0,20.1,0
38.9,29.7,0,0,89.7,7,4,1,0,29.3,0
91.7,19.9,2,0,52.6,2,3,0,0,27.5,0
27.8,27.1,2,1,26.1,7,3,0,2,18.9,0
71.1,31.3,0,1,38.9,5,1,0,0,17.4,0
103.2,33.7,1,0,33.9,2,6,0,0,27.3,0
170.3,21.5,3,1,72.0,4,2,2,1,54.2,0
17.4,9.2,1,2,44.8,3,2,0,0,12.0,0
33.1,18.1,0,1,27.4,6,3,2,2,29.0,0
10.7,20.4,1,0,21.0,3,5,0,1,17.8,0
317.9,21.4,1,1,94.2,2,1,1,0,67.9,1
170.1,21.9,1,0,79.4,7,0,0,0,38.6,0
50.5,29.7,1,0,36.4,6,4,0,0,14.5,0
119.9,30.6,0,0,49.6,4,2,0,0,30.3,0
47.8,22.0,3,2,35.7,2,4,0,1,41.1,0
63.5,29.6,1,0,61.8,10,0,0,0,20.4,0
6.1,25.1,1,0,12.1,5,3,0,1,16.4,0
91.5,23.4,3,0,55.9,2,1,2,0,46.3,0
8.9,28.4,0,1,67.6,4,3,1,3,38.9,0
113.7,23.4,0,3,60.9,4,0,1,2,45.8,0
99.0,35.3,2,3,56.5,3,4,2,0,49.0,0
80.2,14.4,0,0,53.2,4,2,0,0,21.7,0
2.4,19.9,2,0,29.1,1,0,1,0,15.3,0
23.5,22.2,0,0,53.1,5,2,3,2,29.3,0
19.8,25.6,0,2,82.3,4,4,0,1,25.9,0
29.0,30.6,1,0,78.9,5,4,0,0,30.2,0
6.0,22.9,0,0,18.9,7,2,0,0,7.9,0
179.7,14.5,2,1,75.0,4,6,1,0,52.3,0
52.5,28.1,1,0,38.2,2,1,2,1,27.3,0
23.7,27.5,3,0,43.2,8,1,0,1,33.6,0
32.9,11.3,2,0,56.1,8,1,1,0,32.2,0
38.5,23.0,0,0,48.4,6,0,0,2,12.8,0
59.7,13.5,2,1,43.6,8,0,1,0,40.7,0
47.1,19.0,1,3,21.8,4,7,1,2,41.5,0
163.7,17.6,1,0,81.3,4,0,0,0,35.9,0
44.7,27.9,2,0,39.2,8,3,0,2,31.2,0
315.1,23.7,1,3,70.9,3,5,2,0,68.9,1
123.9,15.3,1,2,62.0,9,4,0,0,36.2,0
15.2,28.3,1,0,75.8,5,2,1,3,34.1,0
173.4,14.4,0,1,34.3,4,2,2,1,35.1,0
8.0,25.0,0,0,63.2,4,3,1,0,24.7,0
110.5,18.1,1,1,15.3,2,4,2,0,25.1,0
31.1,20.8,0,3,63.9,12,1,0,0,25.1,0
136.7,26.0,0,1,25.0,6,2,2,1,30.3,0
131.6,26.1,0,1,66.2,3,0,1,0,40.1,0
106.6,31.0,1,0,46.2,3,4,0,0,32.0,0
101.5,22.5,1,1,62.3,3,2,1,0,37.2,0
23.6,24.8,2,1,73.8,6,1,1,1,40.8,0
5.5,20.4,1,1,60.3,3,1,2,2,33.1,0
33.5,24.1,1,0,66.8,7,2,0,3,32.4,0
12.4,25.6,1,1,57.1,9,2,3,2,38.7,0
77.2,22.4,1,1,50.2,4,1,0,0,24.5,0
27.6,12.2,1,0,53.7,4,1,1,0,25.9,0
241.4,25.0,3,0,82.1,5,2,0,1,62.7,1
66.6,25.2,3,0,26.7,5,3,0,3,39.3,0
112.4,18.9,2,1,77.2,3,2,0,1,40.8,0
9.2,15.3,3,1,25.4,4,5,0,0,24.4,0
128.7,31.9,1,2,66.8,5,2,1,2,56.1,1
166.5,25.9,1,0,48.0,6,3,0,1,36.4,0
43.4,21.6,2,2,16.3,3,4,0,0,30.9,0
60.6,16.2,1,1,23.6,4,4,3,1,33.5,0
94.1,18.1,2,0,31.6,5,2,0,0,25.8,0
12.5,30.8,2,0,57.1,3,2,1,0,28.7,0
45.4,23.8,3,0,41.2,3,3,3,0,44.9,0
33.1,19.7,0,3,51.6,6,4,2,1,37.4,0
10.3,26.1,2,0,30.5,2,3,1,0,19.7,0
29.8,18.1,1,0,69.4,6,1,0,0,33.4,0
4.6,32.0,1,0,75.8,0,2,1,0,25.9,0
1.7,31.1,0,2,81.2,3,1,0,1,24.8,0
9.4,20.2,2,0,59.5,8,0,0,1,28.6,0
214.5,19.2,3,0,59.3,9,1,2,0,51.7,0
51.8,8.0,0,1,69.9,4,1,0,0,27.0,0
219.5,14.1,1,1,89.0,5,3,1,0,49.8,0
36.8,15.0,1,1,21.0,4,1,0,0,19.1,0
24.3,23.8,3,1,47.9,1,3,0,0,36.0,0
45.9,21.0,1,2,65.1,2,4,0,2,32.7,0
37.6,14.9,0,2,98.6,2,1,0,0,30.3,0
7.3,21.3,1,2,44.1,4,1,2,0,28.6,0
66.6,26.0,1,0,20.4,8,0,1,2,29.8,0
15.8,26.2,0,2,48.1,6,3,0,0,22.9,0
62.8,11.6,1,0,19.2,5,3,0,1,21.7,0
68.3,22.2,3,0,64.2,5,2,0,0,40.7,0
10.7,14.7,2,3,47.0,10,6,3,2,50.9,0
4.1,28.4,0,2,39.8,7,6,0,0,18.6,0
98.6,27.7,3,1,53.6,3,3,0,2,39.8,0
40.0,17.6,1,2,33.4,4,4,0,0,29.4,0
3.9,18.4,0,3,33.1,3,4,0,2,30.2,0
342.7,20.2,0,1,41.3,4,4,0,0,50.8,0
3.9,9.5,0,1,61.6,6,2,0,1,15.7,0
77.2,25.0,2,2,48.3,7,3,2,0,39.8,0
267.5,21.4,0,0,44.1,4,5,0,2,52.6,0
17.8,28.8,0,0,51.0,9,1,2,3,32.7,0
10.0,16.4,2,2,60.8,3,2,0,0,22.8,0
8.4,19.3,1,0,52.9,2,3,2,1,30.4,0
23.5,14.0,2,0,70.5,5,2,0,0,27.8,0
6.9,17.0,2,0,46.2,4,4,0,1,29.4,0
76.6,15.9,0,0,34.5,3,3,1,0,20.1,0
4.2,29.0,2,3,27.1,6,1,2,2,41.1,0
46.3,18.8,0,1,20.9,6,2,0,0,14.1,0
350.0,23.7,1,1,73.7,3,1,0,1,48.9,0
109.3,20.7,1,3,75.0,4,2,1,0,41.1,0
62.1,15.4,0,2,65.9,7,2,0,3,37.3,0
23.8,22.0,3,1,39.1,3,3,0,0,29.0,0
63.6,26.6,1,2,25.4,3,4,0,1,25.8,0
48.7,15.8,0,1,43.3,1,1,1,1,17.0,0
36.1,27.9,3,0,63.6,5,6,2,2,52.5,0
9.1,17.9,1,0,82.9,8,2,0,0,32.6,0
141.5,20.1,1,1,79.6,4,3,0,0,36.9,0
38.8,26.2,1,1,76.1,5,3,1,0,36.9,0
14.1,19.0,2,1,38.5,7,3,2,0,33.8,0
29.8,23.2,0,1,57.0,3,1,1,1,19.7,0
34.8,21.1,0,0,53.5,2,5,0,3,29.3,0
114.2,23.8,1,0,37.0,4,2,0,0,37.5,0
86.0,8.7,0,1,38.8,7,2,0,0,17.6,0
95.3,12.0,2,0,69.3,2,2,0,0,39.4,0
0.7,26.7,1,1,48.3,1,2,1,0,21.5,0
35.0,29.2,0,1,75.7,5,2,3,1,36.1,0
42.7,17.5,0,1,80.3,3,3,2,0,38.4,0
1.3,21.5,2,0,89.9,4,3,1,2,36.6,0
19.6,24.8,2,1,43.6,2,2,2,0,30.7,0
92.8,27.2,1,2,43.8,5,5,1,2,41.5,0
9.6,10.8,1,3,48.7,8,0,2,1,29.7,0
49.8,17.7,0,2,64.1,5,5,0,1,36.7,0
15.8,21.0,1,1,26.5,2,3,0,0,18.8,0
0.8,27.2,0,0,87.7,2,2,2,2,41.3,0
17.9,38.0,1,1,40.8,4,5,0,1,25.8,0
242.1,21.6,1,3,28.6,5,7,1,0,52.4,0
105.1,14.6,3,0,18.3,5,2,0,2,33.8,0
208.5,25.4,1,0,73.4,8,3,1,0,47.3,0
43.5,30.9,2,0,30.9,7,7,0,2,39.2,0
7.6,23.6,1,1,40.9,8,5,2,1,29.9,0
51.6,17.6,3,1,75.7,6,2,2,0,47.0,0
39.4,28.7,1,0,48.7,3,4,0,1,23.9,0
120.9,27.0,0,2,54.7,3,3,1,0,29.8,0
6.7,16.8,2,1,67.0,8,5,3,0,43.3,0
43.5,25.3,0,0,90.8,7,1,1,0,22.9,0
10.6,29.0,0,0,55.0,8,2,0,1,20.3,0
25.5,30.1,0,0,49.6,4,5,0,0,16.9,0
86.9,22.6,2,1,28.6,2,3,1,0,30.1,0
42.0,20.9,0,0,55.9,4,2,3,0,28.2,0
30.6,30.4,2,1,16.7,11,5,2,0,32.0,0
32.6,15.7,1,2,69.1,3,2,1,1,33.9,0
40.0,25.6,0,1,42.7,4,1,0,0,19.3,0
99.9,14.8,1,0,50.8,3,1,1,0,29.5,0
144.7,29.4,0,1,56.5,1,2,1,3,53.0,0
202.1,21.5,1,2,81.8,7,1,1,2,52.7,0
100.5,30.6,1,0,82.3,4,0,2,1,36.6,0
24.6,25.9,1,0,78.4,3,3,0,2,29.9,0
75.7,15.7,0,1,85.9,2,6,1,1,36.3,0
37.4,31.5,1,1,48.0,6,5,1,2,40.1,0
19.1,32.3,2,0,23.9,3,1,2,0,30.3,0
119.5,28.3,2,1,60.6,6,4,0,0,38.7,0
2.5,18.4,2,1,78.9,5,3,0,0,33.0,0
150.8,21.2,0,2,30.5,6,1,0,0,30.4,0
40.2,23.9,2,0,72.4,4,2,2,0,34.6,0
65.9,18.8,0,2,8.4,2,2,0,0,18.0,0
70.0,33.2,0,0,78.6,2,3,0,1,32.3,0
146.6,23.9,2,1,88.3,4,2,1,0,42.6,0
65.8,8.0,3,1,18.2,4,3,0,0,24.1,0
61.9,25.0,1,0,69.3,3,0,0,0,23.8,0
4.5,20.9,0,2,72.4,7,1,0,0,21.5,0
47.5,22.6,0,0,53.9,3,5,0,1,24.5,0
10.6,20.8,1,1,57.2,1,2,1,1,23.5,0
86.9,27.8,2,0,41.6,5,2,1,2,33.1,0
46.7,29.7,0,1,22.3,4,3,0,1,17.0,0
74.1,24.7,2,0,67.7,6,5,2,0,37.9,0
2.8,21.0,0,2,60.1,6,1,0,0,24.7,0
5.8,22.8,2,2,59.2,2,2,2,0,38.6,0
81.9,23.1,3,2,72.0,3,3,2,2,57.7,1
4.9,18.2,1,0,19.9,6,4,0,1,21.1,0
4.8,26.5,1,1,93.7,1,2,2,0,32.8,0
0.8,25.8,2,0,92.9,2,3,0,1,31.2,0
203.8,32.2,1,2,26.3,6,4,0,2,47.2,0
86.9,30.5,1,1,43.3,1,0,0,0,27.1,0
28.3,18.9,1,1,94.4,6,7,0,1,41.1,0
22.9,27.9,0,1,67.1,6,2,0,1,25.8,0
28.0,17.3,2,0,78.9,6,2,0,0,31.9,0
96.9,27.2,0,1,56.7,6,5,2,3,48.8,0
70.4,19.9,3,0,52.3,3,2,0,2,42.2,0
13.3,16.9,0,3,60.4,2,2,0,0,22.1,0
12.4,24.7,2,2,38.5,6,4,0,0,30.0,0
6.7,8.0,0,1,51.6,4,3,0,2,14.5,0
70.2,12.5,0,3,79.0,6,2,0,2,32.4,0
94.0,21.9,0,0,31.7,1,1,2,2,27.6,0
20.0,23.5,2,2,56.5,2,1,0,3,33.1,0
1.4,20.8,1,0,53.5,5,1,2,0,31.1,0
5.6,13.5,2,1,84.8,5,1,0,0,29.3,0
223.4,18.1,0,1,27.4,4,2,3,0,44.9,0
22.8,25.3,1,0,90.2,5,5,2,2,43.8,0
95.3,26.5,2,0,76.6,6,1,0,0,30.2,0
63.7,22.9,0,0,69.8,6,2,0,2,30.7,0
31.3,29.9,1,3,91.2,3,4,0,0,37.5,0
15.0,25.4,1,0,28.6,5,4,0,1,25.7,0
8.4,18.5,1,1,44.3,3,3,0,0,17.8,0
62.0,21.3,0,2,97.4,2,3,1,1,42.5,0
96.9,14.6,1,0,58.8,3,2,1,0,34.1,0
67.1,22.4,0,1,70.3,6,2,0,0,23.6,0
49.1,29.7,2,1,66.0,2,1,2,2,32.7,0
2.8,27.1,3,0,70.5,5,3,2,0,37.8,0
224.7,31.4,1,2,57.9,2,2,0,0,50.4,0
104.2,21.2,1,0,56.2,6,2,0,0,30.8,0
22.5,31.1,0,0,57.2,6,3,0,0,22.3,0
254.2,21.8,2,1,34.7,2,1,0,0,41.8,0
59.9,31.8,0,1,75.3,6,3,2,0,38.1,0
56.8,22.9,1,2,35.6,10,1,2,0,25.1,0
89.6,27.2,3,2,53.5,4,0,0,0,39.9,0
108.6,31.9,1,1,53.5,7,2,0,1,28.2,0
69.5,21.8,2,0,61.7,8,4,2,1,45.6,0
8.9,24.3,1,0,72.9,3,2,0,2,25.5,0
26.8,30.7,0,0,74.5,4,1,0,0,23.3,0
171.1,22.2,2,1,50.1,3,2,3,0,50.3,0
16.5,15.1,0,2,34.9,4,1,0,2,25.3,0
30.3,35.9,2,0,6.0,4,1,2,0,22.9,0
36.8,20.2,0,0,65.0,3,4,0,1,24.7,0
37.6,24.0,2,1,48.7,9,2,1,1,39.4,0
61.7,29.9,0,0,78.8,1,4,1,0,31.4,0
186.3,19.3,1,1,67.7,9,2,1,0,53.7,0
17.9,17.0,1,1,44.6,4,4,0,0,22.2,0
8.4,24.5,1,1,41.1,4,0,0,1,18.5,0
14.3,12.2,0,0,43.4,11,1,0,2,16.4,0
141.7,21.3,1,2,88.8,4,3,1,0,46.0,0
67.5,24.5,0,0,81.0,4,2,1,0,28.6,0
21.9,21.4,1,2,48.1,2,3,0,0,21.3,0
110.0,13.7,1,0,29.4,4,5,1,0,33.1,0
128.4,32.6,1,2,56.9,0,4,0,1,34.5,0
121.8,23.6,0,1,47.2,2,5,0,0,26.1,0
163.3,31.6,3,0,70.9,7,1,1,0,40.6,0
18.9,21.4,1,2,18.6,3,4,0,2,21.8,0
91.4,17.7,0,1,61.8,5,3,1,0,36.6,0
40.1,24.6,1,0,92.1,0,4,1,1,34.4,0
119.9,21.7,2,0,79.8,4,5,2,0,45.5,0
84.7,15.9,0,1,39.0,2,2,0,1,20.9,0
97.4,31.8,1,1,58.6,3,0,0,0,30.2,0
69.4,19.3,1,1,48.5,3,2,0,1,33.7,0
12.7,12.0,0,1,42.6,4,5,1,1,27.9,0
51.2,31.0,2,1,43.9,2,4,2,0,30.2,0
271.6,20.0,1,2,48.8,6,2,1,2,63.7,1
180.1,19.4,0,1,87.1,2,6,0,0,48.5,0
2.9,12.4,2,0,74.7,4,5,1,1,37.4,0
11.7,33.4,1,2,80.3,1,0,0,1,24.4,0
9.2,15.3,2,0,73.3,3,1,1,0,25.3,0
84.1,23.4,1,0,24.7,2,8,1,0,26.3,0
110.7,28.5,2,1,59.0,4,0,2,0,39.0,0
15.6,25.5,2,1,63.1,2,2,1,0,31.3,0
45.8,22.6,0,0,71.2,5,1,1,0,13.8,0
119.4,12.8,2,0,91.3,3,7,1,0,44.4,0
85.8,18.1,1,1,48.5,4,4,2,2,41.0,0
50.8,24.1,0,3,51.3,5,5,1,0,36.2,0
58.0,18.3,1,1,54.2,5,3,0,1,29.0,0
46.2,24.2,0,1,38.5,4,3,0,0,19.7,0
23.0,27.1,2,0,41.2,6,0,2,0,31.5,0
54.1,28.8,1,0,32.2,6,2,2,0,23.2,0
75.9,15.6,3,0,39.0,3,1,0,3,33.3,0
134.3,36.2,0,0,21.9,3,3,0,1,20.0,0
65.7,27.6,1,1,96.3,7,2,0,0,35.3,0
93.1,23.0,0,0,65.3,6,1,0,0,22.7,0
11.3,29.5,1,0,44.0,4,0,0,0,21.9,0
40.2,37.2,2,1,73.4,6,2,1,2,42.6,0
0.6,14.4,2,2,13.9,4,3,0,0,22.5,0
18.4,21.6,2,3,98.2,2,2,0,0,35.7,0
84.3,8.7,2,1,80.5,8,0,0,0,37.2,0
312.3,24.2,0,0,58.3,1,6,1,0,51.3,0
6.8,25.2,0,1,80.4,5,2,1,0,26.8,0
33.4,22.8,1,0,59.9,6,3,0,1,28.4,0
104.6,19.1,1,1,64.0,2,2,1,0,34.2,0
14.8,10.7,0,2,50.7,6,2,0,1,22.0,0
52.6,25.2,1,1,22.8,8,3,0,1,28.9,0
85.9,31.7,1,3,38.8,5,4,1,2,38.0,0
62.2,19.5,1,1,67.7,4,2,2,2,44.3,0
13.5,25.6,2,1,75.6,6,3,0,0,32.9,0
28.5,13.6,1,0,73.9,8,4,1,2,39.9,0
99.5,25.7,0,2,40.8,4,2,0,3,32.8,0
52.5,20.6,0,0,59.0,1,3,0,2,29.8,0
0.3,18.4,2,2,10.3,2,3,0,0,15.8,0
93.0,18.4,3,0,63.6,2,2,2,0,45.3,0
2.3,20.6,1,0,80.7,1,0,2,0,29.4,0
89.0,25.3,1,2,9.8,6,0,0,1,24.7,0
14.7,15.1,3,0,50.9,8,1,0,0,31.3,0
206.2,20.6,1,2,5.1,7,6,2,0,49.6,0
29.8,22.8,2,0,64.3,3,7,1,0,37.9,0
25.7,16.4,2,2,57.9,4,5,0,0,40.2,0
10.5,33.8,1,1,30.0,5,1,1,1,20.4,0
23.7,17.9,1,1,29.9,6,1,1,1,22.5,0
136.0,19.0,0,0,89.1,7,2,0,0,36.8,0
350.0,17.1,0,0,64.1,8,3,0,3,60.7,1
29.9,33.8,2,2,64.7,5,2,2,0,37.4,0
38.7,26.3,2,0,39.6,5,4,0,3,27.5,0
83.2,17.4,2,0,55.2,5,2,1,0,37.4,0
141.3,29.6,1,1,61.2,4,3,0,2,41.9,0
58.4,24.2,0,1,82.6,4,1,1,2,35.4,0
32.3,24.5,0,0,57.2,5,3,0,0,15.2,0
34.6,20.9,1,0,60.7,5,3,2,1,32.0,0
77.3,18.5,1,0,81.7,5,2,1,1,38.6,0
0.2,25.0,1,2,42.9,3,3,0,2,21.7,0
62.8,19.7,0,0,68.6,3,4,1,1,30.3,0
28.6,33.9,3,3,8.3,9,4,0,0,28.7,0
102.8,15.4,1,0,87.1,6,0,0,0,33.2,0
6.3,32.2,2,0,81.0,1,1,1,0,28.8,0
57.7,22.3,1,1,39.7,4,3,2,0,25.6,0
42.6,24.8,0,0,78.8,4,0,0,3,32.7,0
66.8,28.0,2,1,65.7,8,0,0,0,22.9,0
4.4,19.2,2,2,61.7,4,2,0,1,32.2,0
56.4,28.2,1,0,79.3,1,2,0,0,32.0,0
53.6,8.0,1,2,35.2,2,1,0,1,25.0,0
53.5,18.7,0,0,44.1,6,1,1,0,14.9,0
60.1,17.5,1,0,21.4,4,2,0,1,23.4,0
73.3,15.5,3,0,60.1,6,2,0,0,28.8,0
106.3,21.7,0,2,44.6,3,2,2,3,40.5,0
20.4,25.3,0,0,26.1,1,3,2,0,21.8,0
113.3,27.2,3,2,88.3,2,2,1,0,51.2,0
44.8,24.4,0,1,48.7,3,5,1,0,25.9,0
5.2,19.0,1,0,94.0,4,1,1,0,33.9,0
3.9,25.2,1,1,94.9,7,4,0,0,25.9,0
26.4,23.7,1,2,79.8,9,3,0,0,33.3,0
99.9,28.6,1,1,62.2,2,1,2,0,37.1,0
79.9,27.7,0,1,28.9,5,3,2,2,29.6,0
101.0,23.2,0,2,18.9,4,4,2,0,28.0,0
47.3,17.6,2,0,9.1,3,0,2,1,28.9,0
37.7,19.1,2,2,23.5,7,6,2,0,28.6,0
10.4,19.7,1,2,54.1,3,3,2,1,33.1,0
25.9,21.1,1,1,80.8,5,1,2,0,31.5,0
37.0,24.6,0,2,75.7,2,4,0,0,28.9,0
6.0,27.3,0,1,72.1,6,3,2,0,26.8,0
16.2,22.7,2,1,71.9,2,2,1,1,35.7,0
59.3,23.1,1,1,38.3,3,3,1,2,32.3,0
86.5,23.9,0,0,49.3,5,2,0,1,24.9,0
350.0,19.9,0,1,53.3,3,5,2,2,65.5,1
175.8,17.4,0,0,27.2,4,2,0,1,29.4,0
66.9,12.5,0,1,87.3,6,3,0,3,40.2,0
35.5,18.8,2,0,41.9,1,3,2,1,32.8,0
65.7,25.8,3,0,87.3,4,0,0,1,39.2,0
100.1,18.8,2,0,36.1,1,3,0,0,32.6,0
8.2,21.6,3,2,28.2,4,1,0,0,21.7,0
34.3,25.8,3,0,41.1,5,3,2,0,43.6,0
119.0,26.1,1,1,45.8,5,5,0,0,30.5,0
31.5,16.5,0,0,18.2,4,1,0,0,7.1,0
55.1,29.0,2,1,80.1,5,3,0,0,29.2,0
57.6,29.8,0,0,76.5,10,2,1,0,28.4,0
13.3,16.2,0,0,75.6,2,1,2,0,28.3,0
29.2,18.1,0,1,38.0,13,4,2,0,23.8,0
26.5,30.1,1,1,38.1,5,3,2,0,33.3,0
1.7,22.1,0,0,61.4,1,1,0,0,13.1,0
1.6,9.7,0,1,64.7,3,4,2,3,29.4,0
115.8,14.6,1,2,72.9,2,2,2,0,40.8,0
20.7,21.5,2,0,30.4,3,3,2,0,28.7,0
47.4,16.0,1,0,79.2,6,4,2,2,40.4,0
23.1,20.5,2,1,69.9,5,2,2,0,43.3,0
183.6,23.2,0,0,40.4,4,3,0,0,27.9,0
19.5,31.8,0,3,45.4,3,0,3,2,33.9,0
36.5,21.3,1,1,85.6,7,3,0,0,29.8,0
134.0,29.4,1,1,33.4,4,1,2,2,44.4,0
119.9,31.6,1,1,82.3,6,1,0,1,34.4,0
13.4,31.6,2,1,33.2,7,2,1,1,20.3,0
105.5,24.7,2,0,59.3,4,2,1,1,37.5,0
39.8,11.2,3,3,67.0,4,3,3,0,49.8,0
42.9,25.8,1,1,41.9,10,2,0,0,17.4,0
9.3,29.3,0,0,58.6,4,0,0,2,21.0,0
5.5,22.5,1,1,53.3,3,5,0,2,31.7,0
84.6,33.5,0,0,55.0,6,2,1,0,25.3,0
44.6,28.2,0,0,83.1,6,3,0,0,23.3,0
37.3,26.4,0,1,30.7,2,2,0,0,20.7,0
85.0,29.5,1,1,49.4,5,1,0,0,22.9,0
94.3,25.0,0,1,42.5,8,4,2,0,35.6,0
11.2,8.0,0,0,67.0,7,1,0,1,18.5,0
61.2,20.0,1,1,44.7,2,1,1,0,27.1,0
9.5,30.2,1,0,20.8,7,1,1,1,21.5,0
90.5,18.2,2,1,75.9,5,3,1,0,43.8,0
69.5,21.7,1,1,78.9,5,0,0,2,28.8,0
203.9,16.7,0,1,79.3,5,0,0,1,46.5,0
4.6,33.7,0,2,64.6,5,1,0,0,13.0,0
3.8,33.1,0,2,84.8,3,2,1,0,31.0,0
21.6,17.7,2,3,12.8,7,3,0,0,26.8,0
19.7,23.9,2,3,25.7,2,3,0,0,24.6,0
18.4,18.9,0,2,18.0,3,4,2,1,26.3,0
153.9,26.7,0,3,39.1,5,2,0,1,32.0,0
18.7,26.1,3,2,36.0,2,4,1,0,28.4,0
20.6,27.9,1,1,16.8,2,1,0,0,15.6,0
92.6,25.0,2,0,37.1,3,5,2,0,36.0,0
38.8,38.0,0,0,64.8,3,5,1,0,32.1,0
97.5,16.8,0,2,55.6,6,3,0,2,34.3,0
4.4,12.7,2,1,80.7,2,2,0,0,25.5,0
43.5,20.6,1,2,92.8,4,1,1,0,47.7,0
2.2,13.6,1,0,57.1,5,4,0,0,15.5,0
4.2,14.0,1,0,64.3,4,3,2,0,28.8,0
154.0,17.0,1,1,84.0,5,3,0,2,48.9,0
9.7,17.5,2,2,26.7,4,2,2,0,31.8,0
49.4,17.3,0,0,77.9,5,0,0,2,26.1,0
34.4,26.1,1,2,46.9,4,1,0,0,22.7,0
27.7,20.0,2,2,58.9,1,3,3,2,45.3,0
149.6,21.9,0,0,35.4,7,2,1,0,36.8,0
1.4,28.4,1,0,28.6,6,3,1,2,26.9,0
70.9,18.4,2,0,59.1,4,4,0,3,36.8,0
215.0,21.4,3,0,52.9,5,1,0,2,49.9,0
53.4,25.2,1,1,42.5,5,4,0,2,30.6,0
179.5,11.4,1,0,34.4,8,3,0,1,33.5,0
3.5,8.7,2,0,54.9,9,5,0,2,26.1,0
35.3,25.1,2,2,51.7,8,2,0,0,28.4,0
19.6,26.0,2,1,48.4,3,1,2,0,26.9,0
85.3,35.4,1,1,13.0,7,6,0,0,32.0,0
258.6,23.9,0,0,44.7,2,2,2,0,44.5,0
19.3,27.9,1,2,68.4,4,2,0,0,21.6,0
69.0,21.8,2,2,73.2,9,3,0,2,44.2,0
14.3,24.8,2,1,95.1,2,3,1,0,39.5,0
54.2,33.0,0,2,63.6,9,2,2,2,42.6,0
40.5,10.3,1,2,71.5,3,1,2,0,36.4,0
232.4,25.5,1,1,63.1,2,1,0,0,46.0,0
61.0,35.8,3,1,17.4,4,1,1,1,31.6,0
28.0,24.7,1,0,79.1,4,1,0,0,24.4,0
7.9,32.9,1,0,55.6,3,2,0,1,34.7,0
10.7,19.2,0,0,27.2,3,3,0,2,13.4,0
16.6,22.8,1,0,89.3,7,3,0,0,23.7,0
18.8,23.2,0,0,21.1,4,2,0,2,13.0,0
123.6,9.7,2,2,47.9,7,2,2,2,50.4,0
53.5,16.0,2,0,66.0,10,3,2,0,33.2,0
48.2,16.4,1,3,40.0,8,0,0,1,31.1,0
7.9,27.9,1,1,41.1,1,1,0,0,14.2,0
127.9,28.2,2,0,70.1,5,2,2,2,41.2,0
83.4,24.9,0,1,46.6,3,4,0,0,24.9,0
4.6,27.9,0,0,78.9,8,2,2,0,24.2,0
80.0,22.0,3,3,78.9,2,5,0,0,52.5,0
51.0,30.2,2,2,56.2,3,0,0,0,25.9,0
5.5,23.1,2,0,30.6,2,0,0,1,15.8,0
39.8,23.3,0,3,39.9,2,2,1,0,26.3,0
43.1,21.4,0,1,73.7,1,1,0,0,21.2,0
11.8,27.1,0,0,89.8,4,1,0,0,17.6,0
189.4,20.5,0,1,12.7,3,2,0,0,23.0,0
123.3,28.9,2,1,75.8,5,2,0,0,46.2,0
71.9,16.2,0,0,23.1,9,2,1,1,20.5,0
40.3,16.4,2,2,65.3,1,2,0,0,27.3,0
34.5,27.1,0,0,92.3,8,4,2,1,36.8,0
68.4,22.5,1,1,74.2,5,4,0,1,35.7,0
51.2,20.3,3,0,21.4,4,4,2,1,38.3,0
4.2,28.3,0,3,75.9,5,3,0,1,24.7,0
46.7,19.4,1,2,49.3,3,3,0,2,39.3,0
106.7,21.8,0,0,66.6,1,3,0,0,25.2,0
40.0,31.4,0,0,40.2,2,1,0,2,25.9,0
3.5,32.2,1,0,78.8,2,2,2,0,30.2,0
100.3,32.4,1,2,90.4,7,7,1,0,51.6,0
14.6,21.3,1,0,75.1,5,4,0,2,34.7,0
19.5,30.4,2,2,89.1,4,2,2,1,43.4,0
11.7,17.3,1,3,88.8,7,3,0,0,29.7,0
26.1,17.6,0,1,31.2,5,1,0,0,16.6,0
91.9,8.9,1,0,63.9,5,3,3,2,54.6,0
47.6,33.0,0,0,70.5,7,2,0,0,23.2,0
14.9,17.8,1,1,95.2,5,2,0,0,30.7,0
136.7,22.2,1,1,87.3,6,1,2,0,48.4,0
137.6,17.5,0,1,47.8,3,2,1,1,28.8,0
132.9,27.2,2,1,52.0,7,0,0,3,49.0,0
17.7,20.7,3,0,67.6,6,1,1,0,28.6,0
39.0,15.2,2,2,81.6,5,1,3,0,51.5,0
272.9,25.6,0,0,59.1,2,4,0,0,44.8,0
96.1,14.4,1,1,71.4,3,2,0,0,38.3,0
1.8,18.0,3,2,55.8,4,2,1,3,35.5,0
4.4,10.4,0,0,36.5,6,3,1,0,19.5,0
40.5,14.5,2,1,43.0,6,1,0,0,26.7,0
156.0,24.1,0,2,50.8,7,1,0,0,32.7,0
50.3,11.2,0,1,55.0,2,2,1,1,31.6,0
44.8,14.1,2,0,40.8,8,5,1,0,34.6,0
7.2,23.0,2,0,37.5,4,1,0,1,21.9,0
69.5,19.7,2,0,82.3,3,1,0,0,24.7,0
112.2,35.0,3,0,67.9,5,2,2,0,45.8,0
31.1,34.0,0,3,46.7,6,3,1,1,34.0,0
97.1,17.8,0,1,23.9,4,1,2,0,23.3,0
216.9,26.3,3,0,39.2,4,2,0,0,46.0,0
14.8,27.5,0,2,82.2,5,5,0,3,39.8,0
48.2,19.4,1,1,55.7,5,3,0,0,31.9,0
22.0,14.0,1,0,50.5,2,4,1,0,25.2,0
102.3,22.9,0,0,87.5,9,5,0,1,34.6,0
56.0,22.0,0,0,23.2,2,1,0,0,16.8,0
65.4,20.4,1,3,58.4,6,1,1,2,39.8,0
103.9,25.7,2,1,93.6,7,2,2,0,52.4,0
32.8,18.5,2,2,14.6,5,2,2,2,31.9,0
160.3,16.1,1,0,55.9,7,2,0,0,30.2,0
49.5,23.7,1,2,30.2,0,3,2,3,32.3,0
11.2,25.3,0,0,83.8,4,3,3,0,37.8,0
77.4,15.9,0,3,82.6,5,3,0,1,38.4,0
102.5,28.6,1,2,21.0,3,1,2,0,34.7,0
24.8,12.4,0,0,60.8,2,1,3,0,34.5,0
126.5,19.5,0,2,56.7,2,1,0,3,42.0,0
153.8,21.5,1,2,13.9,3,2,0,2,42.7,0
21.1,19.2,1,2,47.4,7,2,0,1,22.9,0
266.9,19.6,0,0,87.2,5,3,3,2,64.1,1
9.9,34.2,1,1,66.3,6,2,0,1,23.6,0
14.7,17.9,1,2,76.9,4,1,1,0,26.9,0
13.2,37.6,0,2,48.6,7,4,1,2,28.2,0
145.9,25.6,3,0,68.5,7,2,1,0,44.9,0
69.0,23.6,0,2,44.6,6,0,0,2,25.4,0
10.7,25.9,2,0,74.1,4,4,0,0,29.5,0
37.7,38.0,0,2,67.8,5,1,0,1,28.6,0
62.1,17.0,2,0,72.2,6,3,0,1,40.1,0
5.7,16.3,0,0,51.2,2,2,0,1,18.4,0
139.1,18.5,2,1,56.3,5,3,3,0,57.9,1
105.8,23.2,1,1,37.2,4,3,1,2,45.8,0
45.7,12.6,2,1,56.6,7,3,2,2,41.5,0
222.0,23.1,1,1,25.9,4,5,0,1,43.7,0
35.2,33.2,0,0,77.9,6,2,0,0,23.1,0
269.2,23.9,2,0,25.9,4,2,3,1,52.0,0
71.7,21.2,0,2,67.4,5,4,2,0,41.2,0
65.5,19.3,3,0,68.4,4,4,0,0,40.8,0
11.8,28.4,0,1,38.2,1,2,0,2,21.6,0
138.9,18.0,1,1,59.8,1,3,0,1,41.9,0
36.3,34.1,2,2,12.9,1,3,0,2,25.0,0
11.5,34.6,1,1,84.3,6,2,1,1,39.5,0
0.8,24.5,0,0,53.3,4,2,3,0,29.1,0
53.3,22.9,2,2,73.6,6,1,0,0,27.0,0
48.7,29.2,2,3,54.2,6,1,2,2,43.9,0
82.6,29.6,3,1,58.2,3,3,0,0,40.2,0
143.6,18.2,1,3,39.7,1,4,2,0,55.8,1
5.4,19.8,1,1,62.0,2,4,0,0,25.0,0
85.5,15.1,1,1,21.0,7,0,0,0,22.7,0
13.5,25.5,0,0,70.0,9,2,1,0,22.5,0
127.0,27.0,2,1,65.1,2,4,1,1,46.4,0
111.1,14.9,0,0,94.2,2,4,1,2,49.4,0
50.6,20.3,1,0,36.2,3,6,1,1,29.7,0
80.5,14.9,1,0,52.8,2,1,2,0,36.9,0
24.5,17.6,2,0,88.9,7,1,0,0,30.6,0
41.4,26.3,3,0,47.6,0,4,1,0,34.7,0
112.1,18.6,1,1,57.9,3,2,0,0,24.9,0
40.0,21.2,1,0,75.2,2,2,2,1,32.7,0
28.8,13.2,2,3,37.1,9,3,2,0,36.6,0
44.3,24.1,1,0,81.2,8,4,0,1,33.7,0
114.5,22.7,0,1,84.7,9,5,0,1,40.9,0
26.5,18.6,0,0,80.7,7,2,0,3,30.4,0
12.4,21.9,0,0,37.9,5,1,0,0,16.5,0
80.9,24.1,1,0,68.1,3,4,0,0,28.9,0
113.7,18.1,2,1,46.0,2,3,0,0,37.1,0
6.9,14.1,0,2,53.3,5,1,0,2,24.1,0
17.8,33.8,1,0,51.6,5,5,1,0,24.8,0
10.0,19.2,3,0,33.7,3,1,1,3,41.6,0
27.8,22.4,2,0,39.7,2,0,0,0,21.9,0
38.9,29.1,1,2,28.9,3,4,0,0,22.8,0
89.8,38.0,0,2,33.5,6,1,3,1,38.4,0
68.5,15.5,0,0,29.7,5,1,1,0,21.1,0
63.1,25.7,0,0,90.4,4,2,3,2,42.6,0
28.2,18.8,0,3,64.6,7,2,0,0,23.1,0
119.7,19.8,0,0,48.7,5,1,0,1,25.5,0
41.4,18.7,1,1,80.8,3,1,2,0,22.9,0
251.4,16.2,0,0,45.2,5,2,0,0,35.3,0
65.4,22.8,0,1,66.2,5,1,3,1,40.0,0
8.8,14.2,0,3,52.4,3,5,0,1,28.2,0
73.3,28.7,1,3,67.5,2,0,1,2,40.1,0
25.6,23.3,1,2,71.7,4,4,2,0,39.4,0
75.4,25.5,1,1,54.2,3,4,0,2,38.9,0
4.7,20.2,0,1,26.3,7,3,0,0,13.8,0
12.5,20.8,1,0,54.7,2,4,0,0,19.8,0
125.8,24.7,0,3,22.4,4,1,1,0,28.7,0
16.8,16.0,0,1,73.4,4,4,0,0,20.4,0
117.9,20.9,2,1,87.1,5,2,1,0,49.7,0
21.3,17.8,3,0,71.8,5,5,0,0,43.4,0
66.9,17.7,1,1,47.9,4,4,1,0,26.2,0
77.0,10.3,3,3,73.2,6,2,1,2,51.8,0
46.7,31.0,1,1,53.3,3,1,0,1,27.5,0
23.7,18.9,0,0,53.3,5,2,0,0,15.4,0
15.5,30.0,3,0,64.6,7,2,0,0,33.2,0
2.2,29.4,0,0,59.8,3,3,0,3,20.7,0
23.6,15.3,1,2,27.8,3,5,0,1,17.0,0
68.8,16.5,0,3,77.9,6,2,0,1,39.8,0
181.1,38.0,1,3,92.7,1,4,2,3,69.7,1
133.2,33.5,1,1,49.6,6,5,1,1,45.9,0
94.4,22.8,1,1,93.0,3,2,0,0,45.2,0
101.0,24.5,0,1,53.9,2,4,0,0,25.9,0
71.1,19.2,0,1,63.1,4,2,0,0,32.8,0
19.6,25.6,0,1,67.7,3,2,0,0,26.9,0
154.5,18.7,3,1,31.1,3,3,0,0,38.8,0
72.2,10.8,2,1,59.7,5,3,1,0,32.8,0
53.4,15.1,1,0,85.4,12,6,1,1,38.3,0
7.6,23.1,0,0,43.2,5,2,2,0,22.4,0
38.5,16.2,2,2,85.2,7,0,3,1,44.3,0
40.1,22.6,0,2,94.1,3,3,0,0,32.4,0
130.0,16.6,0,1,55.9,3,4,0,0,30.6,0
51.4,18.3,1,0,67.1,5,5,0,2,35.5,0
31.1,28.1,2,2,68.1,7,2,0,0,37.3,0
244.6,24.5,0,1,49.6,3,1,1,1,46.3,0
7.6,22.9,0,1,37.9,5,1,0,1,19.4,0
35.7,28.3,1,1,82.6,4,2,0,0,37.4,0
2.8,25.9,0,1,64.0,4,4,0,0,13.0,0
87.5,31.7,1,1,32.7,9,2,0,0,27.6,0
162.6,20.2,1,2,70.1,4,0,3,0,50.1,0
21.4,20.4,1,0,53.2,4,2,3,0,30.1,0
127.0,15.2,0,0,55.3,2,4,0,1,22.9,0
22.5,20.4,0,0,90.0,5,1,0,1,26.4,0
157.1,28.8,2,0,20.1,6,2,1,0,33.0,0
91.1,30.8,2,0,94.2,4,1,0,2,46.4,0
106.2,28.8,0,0,8.3,7,2,0,2,32.1,0
1.2,12.2,0,0,87.6,6,1,0,0,16.2,0
214.0,29.5,0,0,27.9,7,2,1,1,38.7,0
84.3,12.0,1,0,54.7,7,2,0,0,20.5,0
23.6,28.4,2,0,50.4,3,1,1,1,29.0,0
114.9,20.8,1,1,32.6,5,3,0,0,32.7,0
21.5,27.2,1,1,53.4,1,3,1,1,30.4,0
134.0,15.0,2,0,33.9,4,1,3,1,48.6,0
7.8,30.0,3,1,82.3,8,1,1,0,41.1,0
79.1,14.2,0,3,25.8,6,1,0,0,16.0,0
50.6,19.0,0,3,77.0,3,2,3,0,47.9,0
6.6,17.0,0,0,76.8,4,6,0,0,17.4,0
18.0,12.5,2,2,55.6,6,2,0,1,39.6,0
0.8,23.6,2,0,61.0,6,2,0,2,32.3,0
41.1,33.8,1,0,76.4,6,4,0,0,30.8,0
23.3,38.0,0,0,89.7,7,1,1,1,36.4,0
59.3,23.6,0,0,67.7,2,4,0,1,29.1,0
22.9,29.7,0,1,42.0,3,2,0,2,25.2,0
23.2,24.4,1,1,43.3,2,1,2,2,31.7,0
88.4,26.0,0,1,39.5,4,2,0,2,25.2,0
3.2,20.9,0,0,49.1,7,2,0,2,15.5,0
151.6,24.2,2,0,66.3,3,4,1,0,53.2,0
124.3,26.2,0,0,77.9,6,3,0,0,39.0,0
71.6,19.5,1,0,37.5,2,4,0,1,25.5,0
58.5,22.5,0,3,39.8,6,4,2,2,36.2,0
144.8,22.6,2,2,64.2,2,1,2,0,54.7,0
13.3,28.0,1,3,31.7,3,2,0,0,25.4,0
5.3,16.6,3,1,41.0,2,3,1,0,34.4,0
17.8,22.7,1,1,38.4,6,3,1,2,34.7,0
102.9,34.5,3,0,81.0,3,3,1,1,53.3,0
2.3,30.0,2,1,55.2,4,2,0,1,35.4,0
56.8,31.1,1,1,55.5,5,2,1,0,33.4,0
350.0,23.1,3,2,83.6,5,0,2,0,71.4,1
125.8,24.9,0,1,36.5,4,5,0,0,27.2,0
47.9,29.0,1,0,47.2,6,0,0,0,22.2,0
4.3,32.4,0,2,61.9,5,3,2,2,35.4,0
115.7,11.3,1,2,36.7,3,3,1,1,40.8,0
59.4,15.1,2,1,25.3,4,0,0,0,22.8,0
7.9,30.9,2,1,36.3,3,3,2,2,28.5,0
6.4,21.3,0,0,28.4,5,2,0,0,11.1,0
156.2,19.0,1,1,58.0,7,4,2,0,39.3,0
71.9,15.5,0,0,78.0,3,0,0,2,22.3,0
114.9,19.7,1,0,44.4,5,2,0,0,30.1,0
137.3,14.6,0,1,75.1,4,2,1,2,39.3,0
55.1,35.5,3,0,48.9,5,1,0,1,30.9,0
47.4,22.9,0,1,30.2,4,3,1,1,25.4,0
36.6,22.7,0,2,39.7,5,3,0,0,18.7,0
24.8,26.5,2,0,49.8,9,0,0,0,25.0,0
37.1,28.8,1,1,27.6,4,2,1,0,27.0,0
96.6,28.7,0,1,96.1,5,2,0,2,36.8,0
59.9,29.4,1,0,23.1,4,2,2,0,22.3,0
145.0,19.2,0,1,43.5,7,4,0,1,37.0,0
38.1,21.2,3,1,77.3,5,1,2,0,41.1,0
60.7,27.6,1,1,39.0,3,0,0,2,29.0,0
64.9,19.8,0,2,68.7,7,2,0,2,36.5,0
58.2,23.0,1,1,24.1,3,5,3,0,31.6,0
78.8,25.4,0,3,30.3,4,3,0,0,30.5,0
17.6,27.7,2,1,62.6,5,2,0,0,23.4,0
46.7,12.3,3,0,54.7,9,3,0,1,38.6,0
7.2,27.3,2,1,51.7,2,2,0,2,20.9,0
31.5,21.6,0,0,42.6,5,2,0,0,15.7,0
43.5,27.2,0,1,42.1,1,6,2,0,28.3,0
68.7,27.7,0,1,64.3,4,3,2,0,28.2,0
195.4,32.6,1,1,85.3,8,0,1,1,57.6,1
59.7,31.1,1,0,65.5,4,0,0,0,20.0,0
88.5,31.1,1,1,91.1,9,4,1,1,44.9,0
45.9,31.7,3,0,71.2,3,1,3,1,50.2,0
65.4,24.7,0,1,65.6,2,3,2,2,38.5,0
4.8,23.2,0,2,45.2,4,4,0,1,20.6,0
19.1,28.2,0,3,62.1,8,2,2,0,30.2,0
29.2,27.4,0,0,16.3,9,4,2,1,22.5,0
41.6,21.1,0,1,17.4,2,1,2,2,22.1,0
3.0,25.4,1,1,80.9,3,0,0,1,26.9,0
9.8,22.8,0,2,30.0,4,3,2,0,20.0,0
21.1,17.9,0,1,65.6,5,4,1,0,30.0,0
231.3,30.7,2,0,86.6,5,1,1,3,59.9,1
26.2,23.3,0,1,36.7,7,4,0,1,15.2,0
42.8,35.3,1,1,73.5,0,0,2,2,48.6,0
14.2,13.2,0,1,53.2,7,0,0,2,26.0,0
61.3,19.7,1,2,73.6,6,1,0,0,29.7,0
21.4,23.2,3,0,56.3,1,3,3,2,40.5,0
15.1,29.8,0,3,81.5,5,2,0,0,31.2,0
47.2,25.4,1,0,64.4,1,4,2,0,30.0,0
0.4,24.9,2,3,19.9,4,3,0,0,27.5,0
0.5,16.2,1,2,60.6,6,4,1,0,32.2,0
16.1,16.1,0,1,49.6,5,4,1,0,23.9,0
2.4,24.9,1,1,10.2,3,5,1,1,21.3,0
7.4,14.8,1,0,91.3,3,0,0,0,29.8,0
26.9,19.8,2,0,42.7,3,3,0,1,25.0,0
105.5,26.0,0,0,76.2,4,1,1,1,34.6,0
55.2,17.1,0,0,57.2,4,2,2,0,23.9,0
46.7,32.6,0,1,9.0,5,4,1,2,25.5,0
22.6,30.3,0,0,66.2,4,2,0,0,15.3,0
174.5,13.6,0,2,84.1,8,3,1,0,52.7,0
32.9,17.4,0,1,69.7,5,3,0,0,29.4,0
5.9,9.3,0,1,42.0,3,3,0,0,8.6,0
62.4,18.3,0,1,61.1,4,3,2,0,35.9,0
7.9,27.6,3,0,82.1,4,1,2,1,35.8,0
27.5,20.5,0,0,47.9,6,3,2,0,22.2,0
46.0,25.8,0,0,59.9,4,1,2,3,33.4,0
134.8,13.9,0,2,73.2,4,4,0,1,38.9,0
44.2,27.8,3,1,14.2,5,2,0,2,29.1,0
78.7,19.7,2,0,42.1,6,1,0,0,30.5,0
320.8,23.1,2,2,14.7,3,0,1,1,58.9,1
9.2,22.4,0,0,65.8,3,2,0,3,24.6,0
20.9,15.4,2,1,82.4,4,1,0,0,31.2,0
32.6,16.1,1,1,85.7,7,1,3,1,45.2,0
35.6,28.8,0,1,34.7,7,2,0,0,12.9,0
34.4,25.4,1,2,56.4,4,2,0,3,34.8,0
154.8,29.3,2,2,88.2,6,2,0,1,51.5,0
81.4,24.9,2,1,52.3,7,4,0,0,36.3,0
60.9,23.9,2,0,25.7,2,1,0,0,16.2,0
24.1,12.6,3,2,43.1,3,2,3,2,47.4,0
112.8,21.4,0,1,79.6,6,0,1,0,35.9,0
201.7,22.8,1,0,67.2,5,6,1,0,56.5,1
111.9,34.7,0,1,30.8,6,2,2,0,25.1,0
0.1,27.1,2,0,81.1,4,3,0,3,45.8,0
65.8,32.2,0,0,39.3,6,0,0,0,24.0,0
3.4,26.6,2,2,61.7,2,1,2,1,41.5,0
19.4,18.7,0,1,66.8,9,0,0,0,18.5,0
4.0,23.7,1,0,78.5,6,0,1,0,29.3,0
60.2,24.4,0,1,62.9,6,4,0,1,22.6,0
75.4,17.4,0,2,13.4,4,0,0,0,8.0,0
7.9,20.7,2,0,10.0,3,2,0,0,11.4,0
31.5,21.8,0,1,73.5,3,1,0,1,20.9,0
39.6,32.6,1,2,59.1,3,0,1,1,23.5,0
29.9,10.5,0,0,82.3,7,4,2,1,41.5,0
8.4,30.2,1,1,64.2,6,4,0,0,23.1,0
35.3,17.4,0,0,78.6,2,2,0,1,26.4,0
90.4,14.8,0,1,17.1,2,1,0,2,33.0,0
4.8,30.1,2,2,72.0,7,4,0,2,38.7,0
5.4,27.4,1,0,64.9,8,5,0,0,19.9,0
28.5,30.5,0,2,64.4,8,2,2,0,39.1,0
184.8,27.8,1,2,81.9,5,3,2,0,54.2,0
71.8,35.4,0,0,50.7,4,6,2,2,40.0,0
73.8,26.4,0,1,20.6,4,7,0,0,11.2,0
29.2,22.1,1,0,42.4,4,2,0,0,19.9,0
58.5,25.1,0,3,41.3,6,3,0,2,31.1,0
0.7,30.5,1,1,65.8,8,6,1,1,32.7,0
65.7,18.3,1,1,64.6,7,1,0,0,32.9,0
158.9,19.1,2,1,82.7,8,6,0,1,51.3,0
61.6,21.1,3,1,33.1,2,3,0,0,29.6,0
134.5,10.4,0,2,68.7,5,2,0,2,41.2,0
83.7,23.8,0,1,36.7,7,3,0,3,34.7,0
8.4,11.7,0,2,45.1,6,3,0,2,23.8,0
151.3,23.3,0,1,62.4,1,2,0,1,34.3,0
4.5,28.2,2,0,81.6,2,2,0,0,26.8,0
49.6,20.1,2,2,59.5,1,4,2,1,42.5,0
10.0,33.1,1,1,70.9,9,3,0,0,22.1,0
0.8,14.2,1,1,58.9,4,0,1,0,25.8,0
35.6,30.1,0,3,71.4,3,1,2,0,36.8,0
22.7,27.1,1,0,60.6,3,2,0,2,20.2,0
43.3,12.7,2,1,58.3,6,1,0,2,32.8,0
56.0,38.0,1,0,44.7,4,5,1,0,33.4,0
2.9,22.6,0,1,93.8,2,3,1,3,36.8,0
8.5,17.7,1,2,44.2,2,3,0,0,20.7,0
53.2,14.6,1,3,64.3,6,1,0,2,33.0,0
27.3,21.7,1,1,85.6,3,1,1,1,39.2,0
84.9,22.2,1,2,22.7,8,0,0,0,21.5,0
68.7,23.6,1,2,38.3,6,3,0,3,38.9,0
121.4,21.2,2,1,54.9,5,2,2,1,54.1,0
76.7,26.8,2,0,67.7,3,2,0,2,38.0,0
36.5,20.7,0,1,45.8,8,2,1,0,28.7,0
72.7,11.4,3,3,67.1,5,4,1,0,50.5,0
20.9,22.1,1,3,68.9,3,1,1,0,36.2,0
23.8,8.8,2,1,75.6,1,5,0,3,40.2,0
101.1,25.1,2,2,24.3,3,3,1,1,34.1,0
38.4,17.1,1,0,48.2,4,2,0,2,24.3,0
104.1,24.0,2,0,38.4,6,3,3,1,42.3,0
112.3,30.9,0,3,79.3,4,3,1,0,42.8,0
126.7,17.3,0,0,70.6,5,2,2,0,39.9,0
161.5,29.4,1,0,80.2,4,3,1,0,37.6,0
36.7,20.4,2,1,44.1,3,5,3,2,44.8,0
25.0,33.5,2,1,36.6,8,2,1,0,29.3,0
56.7,20.8,1,1,59.1,3,7,0,0,32.0,0
30.2,18.0,1,0,78.4,3,2,0,1,24.2,0
59.7,27.1,0,2,30.6,4,1,0,0,20.7,0
79.5,20.4,3,2,67.6,7,2,0,0,43.9,0
75.8,18.0,0,0,66.1,3,3,0,0,28.1,0
30.5,20.1,2,1,63.5,3,2,2,0,34.8,0
11.9,22.7,1,1,47.5,8,2,0,1,25.4,0
36.6,31.1,1,1,62.3,5,4,2,1,39.6,0
10.0,11.4,1,0,77.2,5,2,0,1,26.9,0
143.5,23.1,3,1,88.2,5,4,0,0,46.6,0
27.6,26.7,1,0,47.3,1,5,0,0,12.5,0
10.9,24.2,3,0,79.7,3,2,0,1,31.4,0
1.7,30.9,0,1,44.0,5,4,1,0,13.4,0
67.5,22.6,1,1,40.5,8,1,0,1,28.4,0
65.9,21.9,2,1,54.0,8,4,0,2,35.5,0
27.1,26.6,2,2,47.9,3,1,3,1,37.0,0
4.8,23.6,3,0,86.9,5,0,3,0,48.6,0
34.3,20.7,0,2,46.0,4,4,0,0,21.0,0
24.2,26.1,0,0,38.7,8,2,0,0,19.5,0
73.5,19.1,1,1,82.6,4,2,1,1,39.6,0
60.5,19.3,0,2,27.0,2,3,0,0,14.0,0
29.5,19.8,3,1,90.2,7,3,1,2,49.1,0
16.0,31.1,0,1,20.6,5,2,1,0,5.7,0
287.7,8.0,1,1,68.6,4,2,0,0,53.0,0
39.3,25.4,0,2,69.3,5,3,3,1,36.0,0
75.8,23.2,1,1,53.0,2,2,0,0,27.1,0
9.8,12.9,1,2,82.7,0,1,2,2,36.6,0
43.2,24.9,0,3,38.4,4,1,1,0,29.4,0
1.8,25.9,0,1,72.9,6,0,0,0,19.2,0
45.8,26.5,1,1,42.3,2,0,0,0,18.8,0
216.1,8.0,3,0,14.9,8,3,1,0,43.5,0
31.5,31.2,0,0,21.4,4,3,0,0,12.6,0
2.6,18.6,1,1,92.3,6,3,0,0,28.5,0
2.0,27.1,3,2,39.7,3,2,0,0,18.5,0
31.9,27.4,2,1,32.5,2,0,2,0,25.1,0
11.3,17.7,3,3,70.3,2,2,1,0,40.2,0
1.5,27.0,3,0,73.3,6,1,1,0,30.1,0
91.7,20.7,1,1,55.7,1,3,0,0,31.0,0
39.9,10.6,1,1,80.7,3,2,0,0,29.8,0
22.2,30.0,0,1,37.8,2,2,1,3,17.3,0
149.7,18.3,1,2,80.7,4,3,3,0,51.2,0
8.0,17.9,2,0,30.6,6,3,1,2,33.8,0
202.9,20.6,1,0,63.5,4,5,0,0,45.4,0
24.5,24.6,2,1,21.9,5,1,3,1,34.9,0
142.5,22.7,2,1,69.0,4,1,2,1,53.9,0
60.0,26.3,0,2,25.6,3,1,2,0,23.4,0
113.9,15.0,2,3,6.4,3,3,0,0,29.4,0
268.8,18.5,1,0,29.9,4,1,2,0,49.2,0
22.1,22.3,0,1,89.7,2,2,0,0,29.6,0
211.1,34.4,2,1,65.4,3,2,2,0,59.1,1
32.1,22.3,1,3,85.8,3,1,1,1,36.8,0
31.7,29.5,2,3,30.9,5,1,3,1,42.2,0
27.0,23.2,1,1,49.2,7,3,0,2,29.0,0
50.7,20.1,1,1,37.8,6,3,0,0,26.7,0
10.9,21.5,2,0,44.8,4,4,1,1,29.0,0
52.4,22.0,1,0,72.5,6,2,3,0,37.6,0
50.7,26.6,1,1,68.9,9,1,0,2,37.6,0
93.3,31.2,0,1,83.2,9,3,0,1,35.5,0
116.6,25.2,2,1,57.9,5,1,0,2,40.0,0
37.7,30.1,0,1,90.8,5,4,1,0,37.4,0
23.4,17.2,2,1,70.9,3,3,1,0,35.8,0
19.5,20.5,1,1,50.7,2,2,3,0,27.1,0
14.1,18.7,1,0,25.0,3,1,2,1,26.3,0
3.9,24.9,3,0,74.7,6,2,1,3,48.4,0
27.3,20.8,0,0,28.1,3,0,0,0,10.5,0
20.5,27.4,1,2,48.1,1,3,2,1,31.7,0
220.6,17.4,2,0,81.2,2,3,0,0,56.4,1
53.0,23.3,2,2,41.4,2,5,2,0,44.7,0
27.7,27.1,1,0,65.4,5,4,1,2,30.6,0
56.5,10.6,1,1,56.7,3,0,1,1,29.2,0
9.7,35.7,2,2,39.2,10,2,0,2,31.8,0
38.2,21.3,2,1,63.6,6,2,3,1,50.0,0
64.0,10.8,2,0,77.0,5,3,2,2,50.0,0
43.6,23.9,1,0,12.1,6,1,1,1,18.4,0
33.4,23.2,3,2,33.3,4,4,1,1,37.9,0
330.9,22.5,1,1,72.1,3,0,1,1,60.4,1
138.0,28.9,0,1,39.8,2,4,0,1,28.4,0
63.5,27.5,1,1,15.4,6,4,0,2,29.1,0
54.8,24.8,0,0,59.8,1,3,0,0,22.6,0
63.0,25.7,0,0,64.8,3,1,0,0,23.6,0
14.6,22.4,0,1,35.5,3,2,0,1,17.4,0
32.7,33.7,0,1,30.2,3,2,1,1,16.3,0
2.6,14.1,1,0,59.1,8,7,3,0,33.1,0
42.0,23.8,0,2,57.8,10,3,3,0,36.9,0
50.9,23.4,0,2,24.4,8,2,2,0,29.5,0
16.8,27.9,0,2,76.0,2,3,0,1,29.0,0
216.1,17.9,0,0,55.4,6,1,0,1,33.4,0
156.1,12.5,0,0,38.7,8,4,0,0,21.8,0
83.2,23.9,1,2,81.2,4,3,2,0,44.0,0
49.5,24.7,3,0,81.3,3,3,2,0,45.5,0
132.6,31.9,2,0,63.1,3,4,0,0,42.0,0
9.1,15.4,2,2,22.5,4,5,0,0,31.4,0
101.6,29.9,0,0,83.3,6,3,1,0,39.6,0
8.7,37.2,0,1,91.1,4,3,0,0,28.2,0
102.8,20.7,0,1,76.2,4,2,1,3,40.3,0
21.0,15.3,2,2,64.4,0,3,3,1,49.1,0
136.3,20.6,0,0,39.5,7,1,0,1,23.1,0
187.4,23.1,1,2,53.3,3,1,0,0,44.4,0
10.5,26.4,0,1,21.8,5,1,0,2,23.2,0
40.4,19.5,0,1,66.7,4,1,0,1,30.3,0
257.6,32.3,3,0,73.5,4,0,0,0,52.2,0
42.9,16.3,2,0,47.0,5,3,3,0,29.7,0
129.5,12.6,2,1,61.6,4,4,2,0,44.5,0
57.8,29.6,1,1,62.3,7,2,1,1,35.0,0
30.6,9.4,2,2,70.4,3,3,1,0,36.0,0
21.9,21.8,1,1,42.5,3,2,1,2,29.6,0
14.8,38.0,3,1,10.6,7,0,0,1,15.6,0
93.3,22.9,0,1,60.8,6,3,0,0,31.9,0
31.8,16.3,1,2,61.9,8,1,1,1,31.3,0
46.5,22.7,1,1,65.3,4,2,0,0,27.3,0
44.1,22.7,1,0,17.7,7,1,0,1,15.9,0
56.0,24.0,2,2,79.6,7,4,2,2,55.4,1
130.4,27.0,3,1,77.5,3,4,1,2,54.2,0
256.7,16.8,1,1,55.9,0,4,2,0,47.0,0
34.0,33.1,1,1,42.4,6,2,1,0,27.7,0
114.2,24.5,1,1,63.2,3,2,1,0,30.3,0
94.0,27.4,2,0,62.6,4,1,0,1,34.2,0
55.4,19.2,1,0,5.4,6,1,1,0,21.2,0
203.1,30.7,0,2,67.8,3,3,0,0,44.8,0
14.5,21.5,1,0,26.3,5,4,3,1,29.1,0
7.5,24.7,0,1,52.8,4,4,1,2,27.9,0
125.1,17.4,2,0,63.7,7,2,0,1,35.9,0
37.6,17.0,0,0,80.8,6,2,3,0,35.5,0
122.0,27.1,1,0,27.9,5,2,0,0,27.3,0
145.3,20.3,2,1,40.2,5,0,2,1,44.7,0
4.2,17.9,0,1,49.9,4,5,0,1,21.7,0
139.7,19.1,0,0,69.1,2,3,1,0,34.2,0
38.7,27.2,1,0,83.1,6,1,0,1,33.2,0
46.4,19.2,0,3,25.0,3,4,1,0,22.5,0
64.0,22.3,0,1,74.5,6,0,0,1,22.8,0
169.6,23.1,3,2,19.8,4,3,0,0,45.5,0
1.3,11.5,2,2,53.7,2,2,0,2,26.2,0
42.1,14.2,2,3,51.6,3,1,0,0,28.5,0
75.7,25.0,3,2,56.7,4,2,1,1,46.5,0
83.4,18.6,0,0,42.7,2,6,0,0,24.8,0
76.7,29.3,0,3,37.8,3,4,1,2,35.2,0
9.4,28.8,0,2,14.0,5,1,0,3,24.6,0
23.1,27.3,2,2,48.2,3,2,1,0,34.8,0
28.9,33.9,1,0,28.7,6,4,1,0,21.4,0
106.1,22.5,0,3,53.3,5,3,0,0,30.6,0
21.2,26.9,1,2,55.3,8,1,2,3,41.1,0
15.4,19.5,1,2,67.1,6,5,0,1,34.0,0
205.2,37.7,1,0,72.1,5,2,1,3,58.6,1
0.6,34.9,2,0,75.4,2,1,0,2,29.3,0
350.0,23.1,1,3,61.3,6,2,3,1,78.9,1
73.4,25.3,3,1,83.8,3,1,0,0,35.1,0
114.6,31.2,1,0,60.9,3,0,1,2,38.7,0
22.7,22.1,2,2,57.8,7,2,2,1,37.2,0
0.9,19.1,3,0,35.0,6,1,0,0,22.0,0
87.0,28.2,3,1,59.8,6,4,0,0,40.0,0
116.8,23.5,0,0,50.2,8,2,0,3,29.8,0
87.7,24.1,0,0,84.8,1,4,1,0,30.4,0
10.0,18.0,1,0,88.2,3,7,2,1,38.1,0
91.0,12.7,1,0,44.1,3,4,0,1,36.5,0
95.2,24.4,1,0,54.3,4,0,2,0,30.2,0
69.8,28.4,3,1,56.0,5,3,0,3,37.5,0
94.4,21.6,0,2,50.4,5,2,0,0,24.8,0
121.6,31.6,1,1,53.2,4,5,0,1,31.0,0
61.8,18.8,0,0,58.7,4,4,0,0,19.0,0
6.0,16.7,2,0,39.0,4,2,3,0,19.9,0
43.5,22.6,3,2,80.8,2,2,2,1,46.7,0
5.3,22.5,1,3,39.4,6,2,2,2,36.8,0
34.0,27.6,0,0,31.6,5,1,0,1,13.3,0
34.0,18.4,2,0,68.8,8,3,1,1,35.3,0
4.4,31.2,1,1,92.3,1,2,2,0,44.4,0
27.9,34.8,1,2,71.3,4,2,0,0,26.6,0
7.6,22.8,2,1,34.5,3,2,0,1,24.5,0
107.3,30.5,3,1,69.4,1,1,2,0,47.4,0
191.8,16.7,1,1,58.6,9,1,0,0,42.1,0
4.9,29.5,1,3,55.3,2,3,1,0,27.1,0
201.7,29.3,0,0,7.5,8,4,2,1,40.6,0
48.1,28.2,1,3,36.7,8,2,3,0,42.5,0
23.1,22.9,1,0,30.0,6,3,0,0,17.5,0
5.2,8.0,0,1,61.5,3,3,3,1,36.5,0
45.1,19.1,0,1,70.7,4,1,0,1,28.1,0
102.9,19.2,0,1,32.9,7,2,0,0,24.1,0
79.8,17.1,0,1,51.5,3,3,0,0,20.4,0
3.3,23.7,1,0,72.9,5,3,2,2,35.0,0
4.9,20.5,1,0,93.9,1,2,0,0,29.6,0
33.5,18.1,1,1,50.6,5,1,0,3,28.9,0
22.7,16.6,1,1,80.7,5,2,0,0,28.7,0
17.2,18.7,1,0,44.5,4,1,0,0,12.6,0
21.4,29.7,2,3,7.9,3,1,0,0,22.2,0
105.8,19.0,1,0,47.3,8,3,1,2,40.1,0
172.1,19.9,3,1,78.3,4,1,2,2,70.9,1
33.8,20.3,1,0,54.5,4,3,1,1,29.5,0
153.8,25.0,1,1,57.5,5,1,0,1,39.7,0
25.2,25.7,0,0,61.5,4,3,0,0,18.5,0
42.1,8.0,1,1,50.5,4,1,0,2,27.9,0
16.7,29.1,2,0,80.6,7,2,1,0,32.2,0
66.5,31.6,3,0,30.6,2,1,0,0,31.8,0
251.1,16.7,3,2,70.1,2,6,0,2,65.7,1
60.1,17.2,0,1,93.0,1,5,1,1,42.9,0
28.8,20.3,1,0,60.0,7,1,3,2,37.1,0
67.8,18.5,1,0,69.9,3,2,0,0,24.4,0
8.5,24.3,1,2,47.9,1,1,0,0,18.2,0
142.7,11.3,0,0,70.7,3,4,0,1,33.3,0
45.5,16.3,2,3,79.0,3,2,1,1,42.2,0
38.8,32.2,3,1,92.3,10,3,1,1,44.0,0
57.3,17.4,1,0,24.8,4,2,0,0,15.0,0
63.7,30.5,0,1,64.1,5,1,0,1,16.9,0
4.8,25.1,0,2,32.7,5,1,2,2,26.7,0
74.6,12.1,1,0,78.8,5,3,0,1,32.2,0
18.0,26.8,0,1,80.0,5,2,2,0,29.5,0
81.4,22.3,3,1,70.0,8,3,0,0,38.7,0
112.4,20.3,1,2,67.5,3,0,0,1,42.5,0
105.9,24.5,1,1,55.9,3,4,2,0,32.2,0
52.3,25.8,1,0,91.1,2,2,1,0,37.2,0
47.7,27.2,0,0,32.6,4,3,0,1,12.0,0
10.0,30.1,3,0,57.3,11,1,2,0,32.7,0
97.1,25.4,1,0,67.2,7,1,0,0,31.9,0
20.6,14.7,3,0,68.1,3,2,1,1,44.4,0
44.6,20.2,1,1,92.7,7,0,0,0,34.7,0
21.7,38.0,2,0,43.4,2,2,1,0,14.5,0
9.3,27.3,0,0,50.1,3,0,0,1,16.0,0
64.5,37.2,1,1,50.9,5,1,3,0,32.3,0
3.6,31.4,2,0,53.9,4,0,2,0,36.7,0
89.8,24.5,2,0,82.7,9,4,0,1,44.3,0
24.8,24.8,2,0,87.0,4,1,2,2,46.0,0
0.0,22.8,0,0,77.7,5,1,0,0,14.6,0
46.5,12.6,3,2,76.1,6,1,1,0,39.1,0
3.1,23.1,3,1,37.7,4,0,2,1,32.6,0
21.0,30.3,0,0,77.9,4,1,1,1,23.0,0
79.8,19.4,3,0,57.9,5,0,0,2,39.8,0
4.2,25.5,0,0,43.7,2,5,1,3,24.3,0
118.8,28.1,1,1,32.0,6,1,0,0,27.4,0
0.2,17.5,0,1,24.6,1,2,1,1,19.5,0
18.4,20.3,3,1,52.5,4,3,0,2,36.4,0
87.8,16.9,0,0,48.4,4,4,2,1,32.0,0
24.7,18.1,1,0,38.1,5,0,3,2,28.2,0
7.0,15.3,1,1,60.3,4,2,0,0,20.3,0
29.0,17.6,0,2,11.8,7,2,2,1,26.3,0
20.5,31.5,1,3,33.4,7,3,2,0,31.1,0
120.2,17.5,0,0,29.9,2,2,0,0,16.8,0
24.4,23.8,2,1,66.1,1,2,1,0,30.1,0
101.1,20.0,3,1,73.3,3,4,2,1,56.7,1
144.6,30.1,2,3,50.8,4,5,1,0,48.0,0
37.0,30.9,2,0,72.5,6,4,1,2,30.5,0
156.5,28.2,1,1,65.1,2,2,3,0,51.3,0
30.8,24.8,0,0,62.5,4,5,2,0,27.5,0
216.2,21.6,1,1,34.3,3,2,1,0,44.3,0
6.1,15.8,0,0,19.3,2,1,1,3,15.8,0
75.5,34.7,3,2,71.2,4,2,0,3,51.6,0
44.3,18.4,0,2,65.6,5,2,2,1,37.4,0
31.9,27.0,3,0,44.5,11,3,0,0,27.7,0
65.1,29.4,0,1,43.1,3,5,0,0,18.1,0
79.1,19.7,2,0,59.0,7,3,0,3,36.4,0
0.3,29.2,0,1,84.6,4,2,0,1,26.0,0
11.9,27.6,0,0,88.2,4,1,2,1,29.8,0
81.1,33.4,2,0,33.5,2,6,3,2,44.7,0
71.4,20.2,0,2,34.0,6,3,1,1,31.2,0
219.9,15.3,2,0,63.4,4,0,0,0,42.6,0
93.0,20.0,1,1,68.2,0,2,2,1,38.8,0
195.7,24.3,0,2,68.5,4,3,2,0,45.6,0
78.8,23.3,3,2,85.5,3,0,2,1,53.4,0
23.0,20.6,1,2,97.2,8,2,0,3,49.8,0
7.2,11.5,2,0,22.1,6,0,1,0,16.4,0
99.0,25.8,1,2,57.9,3,3,1,0,39.2,0
67.2,34.8,1,0,17.6,5,0,1,0,24.4,0
3.2,25.8,0,2,35.0,7,3,1,0,17.8,0
29.0,26.7,0,1,39.0,1,2,0,0,22.4,0
204.2,26.4,1,2,79.6,5,1,3,1,56.5,1
45.1,25.4,1,0,69.7,3,5,1,1,36.6,0
36.8,28.6,1,1,46.2,2,2,0,0,17.5,0
39.8,25.4,1,2,42.8,4,1,2,2,37.6,0
15.2,21.1,1,2,61.7,9,4,0,1,29.5,0
29.9,18.2,0,0,63.9,3,2,0,0,9.5,0
30.0,21.5,0,3,22.3,6,3,0,0,25.0,0
3.5,24.9,1,0,52.4,6,3,1,0,23.9,0
94.8,21.1,0,1,29.0,5,1,0,0,18.1,0
35.0,24.9,0,1,73.9,2,5,0,0,25.3,0
112.3,25.6,0,0,77.0,3,3,1,1,35.8,0
123.5,28.0,3,0,60.1,7,5,0,0,42.2,0
15.5,30.7,2,2,38.3,3,3,1,0,27.6,0
69.6,23.5,0,0,71.6,4,2,3,0,34.0,0
41.5,15.2,0,0,45.2,8,2,0,2,31.0,0
137.9,20.9,2,2,17.4,2,1,2,1,31.8,0
15.8,23.3,1,2,34.3,4,3,0,0,13.3,0
73.6,12.0,2,1,74.2,3,3,0,0,38.3,0
60.8,31.3,3,0,45.8,8,2,3,2,36.8,0
22.7,23.9,1,0,36.9,5,0,2,0,19.9,0
9.5,25.3,0,1,5.5,1,2,0,0,3.6,0
68.5,31.2,2,1,48.6,3,2,0,1,32.4,0
87.2,19.2,3,1,62.6,8,3,0,1,41.3,0
24.7,26.4,1,2,36.1,3,3,0,0,21.7,0
67.3,22.3,1,1,77.6,6,1,3,2,43.7,0
32.7,21.9,0,0,49.5,1,5,0,0,13.5,0
81.2,18.4,1,3,35.2,2,2,0,0,27.7,0
14.4,33.0,2,1,45.6,2,5,0,0,28.6,0
143.6,20.7,3,1,72.8,5,4,1,3,62.7,1
22.0,27.2,1,3,49.0,7,4,2,0,36.6,0
29.8,11.7,2,3,34.1,10,3,0,0,36.1,0
3.9,30.1,0,1,65.6,4,0,0,0,17.5,0
7.7,29.3,0,0,42.1,3,0,0,0,13.4,0
47.2,23.6,1,3,57.2,3,2,1,1,35.1,0
20.2,21.6,0,1,40.6,4,3,0,0,18.6,0
117.3,25.4,1,1,13.8,4,3,0,0,32.9,0
1.0,36.7,0,1,41.8,7,2,0,1,18.4,0
31.0,12.4,2,1,73.9,2,3,0,0,36.6,0
26.7,27.7,2,2,91.4,5,2,2,3,51.9,0
1.3,17.5,1,1,76.1,7,2,1,0,24.2,0
8.6,22.9,0,2,91.9,5,3,1,0,32.5,0
34.7,21.5,1,2,65.1,6,1,0,0,30.2,0
44.1,20.4,3,2,55.3,4,3,1,1,45.8,0
33.7,22.9,1,1,47.9,1,1,2,0,24.5,0
49.2,16.2,0,2,92.6,7,3,0,1,51.1,0
58.8,29.2,0,0,30.3,4,3,0,1,23.2,0
0.6,12.2,0,0,67.4,5,0,1,3,31.5,0
40.5,26.2,0,2,46.5,4,2,2,0,31.5,0
215.2,21.0,2,1,87.6,4,0,1,1,53.3,0
47.6,16.0,2,0,82.2,6,4,0,1,36.1,0
73.6,24.2,0,0,36.1,7,0,1,0,22.4,0
24.3,13.7,0,0,59.7,1,5,3,1,25.0,0
96.7,23.2,0,2,62.8,4,3,1,0,32.6,0
96.4,14.5,3,1,42.2,4,2,1,0,37.0,0
47.9,25.8,1,0,20.7,5,1,1,0,21.3,0
242.5,17.5,1,2,58.6,5,4,0,0,46.3,0
8.7,20.3,1,0,68.0,7,2,1,1,36.8,0
1.1,24.8,1,2,97.8,4,5,2,3,62.2,1
95.6,18.4,1,1,43.5,4,2,1,1,35.6,0
107.0,22.7,0,1,48.9,4,2,0,0,31.1,0
8.3,13.9,1,0,53.0,4,2,0,0,20.7,0
20.1,26.8,1,0,42.5,6,2,1,0,19.6,0
1.2,33.6,0,2,87.6,3,3,3,1,35.2,0
22.6,38.0,0,0,41.7,6,0,0,2,19.2,0
96.4,23.5,1,3,85.5,6,1,0,0,38.0,0
47.4,27.7,1,1,22.7,5,4,2,0,31.9,0
27.8,12.3,1,1,47.9,6,2,0,0,20.1,0
30.2,32.0,3,1,69.3,6,4,1,1,44.0,0
0.1,27.7,0,0,37.9,2,2,3,1,19.5,0
23.2,20.1,0,1,53.4,2,1,1,0,16.6,0
67.6,30.4,0,3,60.0,5,3,0,0,36.1,0
237.7,21.5,1,0,32.2,7,5,2,1,48.9,0
122.1,20.3,1,1,86.1,6,3,2,0,45.7,0
1.6,25.9,2,1,40.1,4,5,1,0,25.5,0
148.7,16.6,0,1,79.1,2,1,0,1,35.3,0
99.4,29.1,1,0,57.5,6,4,1,0,34.3,0
98.5,16.7,2,1,57.0,2,3,0,0,27.1,0
39.8,16.7,3,3,16.1,9,2,0,0,34.3,0
33.0,17.5,3,0,73.6,2,2,0,2,39.6,0
23.5,27.6,2,1,31.5,8,3,0,0,28.1,0
4.4,19.3,3,1,74.8,2,3,0,1,41.2,0
16.8,14.9,0,1,76.2,5,2,3,0,33.4,0
18.4,19.4,0,1,24.2,5,2,0,0,13.0,0
43.0,22.8,0,1,39.7,2,0,1,0,20.9,0
89.4,15.9,2,0,86.6,10,4,1,2,44.9,0
41.7,16.1,3,2,36.2,7,0,0,2,34.2,0
3.9,35.7,0,2,46.8,8,4,0,0,24.9,0
205.7,17.8,1,0,22.4,3,3,0,0,36.5,0
185.9,21.1,2,1,77.4,4,5,1,1,65.5,1
100.0,20.8,3,2,76.1,1,4,0,0,45.9,0
308.6,20.5,1,3,48.3,3,3,0,2,65.7,1
51.1,26.7,3,3,78.8,5,2,0,0,43.2,0
213.9,28.7,0,2,57.5,5,2,0,2,42.1,0
5.1,21.2,0,0,81.8,4,1,1,0,23.2,0
29.6,15.6,1,2,46.8,4,3,1,1,30.4,0
16.6,30.6,1,2,50.4,2,2,1,0,24.7,0
14.2,22.4,0,0,72.0,7,2,1,0,19.1,0
9.9,33.4,2,0,64.6,5,2,0,0,24.5,0
63.3,9.5,2,1,45.3,9,1,0,0,26.2,0
98.8,24.2,2,1,90.6,9,4,3,0,63.1,1
56.1,34.5,0,0,46.4,7,1,0,1,24.4,0
10.3,20.9,1,0,91.7,2,2,0,0,21.3,0
108.3,21.6,1,0,76.2,4,2,2,0,37.6,0
65.7,24.8,0,1,61.6,4,0,1,0,24.2,0
31.9,19.6,1,0,77.5,2,2,1,0,27.8,0
72.9,21.1,0,2,71.9,4,3,0,0,27.3,0
19.6,21.0,0,0,64.9,2,0,2,0,21.8,0
27.5,19.2,2,2,45.8,3,0,0,0,29.6,0
162.2,30.4,0,2,69.8,3,1,0,1,38.0,0
22.3,25.8,3,2,86.5,7,6,0,0,39.7,0
41.3,24.5,1,1,35.9,4,1,1,0,15.2,0
143.6,27.9,3,0,79.4,7,3,2,0,46.3,0
80.0,21.4,0,1,39.2,2,3,0,0,22.9,0
4.2,18.4,1,0,55.2,4,2,0,0,19.3,0
10.4,19.4,0,3,98.1,6,2,0,0,30.8,0
0.5,23.0,2,0,81.9,4,1,0,0,24.4,0
64.8,16.6,1,1,29.6,6,2,0,2,26.3,0
38.6,20.0,0,2,70.6,5,2,3,0,37.3,0
9.4,19.9,2,2,22.1,7,1,2,0,25.5,0
206.0,35.7,1,2,84.9,5,2,1,2,58.7,1
49.0,8.0,0,1,85.1,3,2,1,1,32.2,0
18.0,21.9,1,1,76.8,2,6,0,3,38.5,0
45.1,33.4,1,1,59.1,2,4,1,1,24.6,0
74.0,23.7,0,0,33.7,5,1,0,1,22.6,0
5.2,27.5,1,2,50.5,6,2,0,0,24.3,0
20.9,23.6,0,1,66.1,4,2,2,1,28.4,0
106.9,19.0,1,0,29.3,7,2,3,1,36.2,0
40.0,9.5,2,2,50.9,7,1,2,0,38.9,0
51.4,24.2,1,1,80.1,5,2,2,0,37.2,0
36.9,18.3,1,2,20.4,5,4,1,1,30.5,0
2.9,18.2,0,2,44.3,6,1,1,0,20.5,0
11.8,20.0,0,2,56.2,9,3,0,0,26.7,0
38.3,33.5,0,0,48.0,2,4,1,0,17.6,0
15.3,37.4,1,0,10.6,2,3,0,0,11.8,0
3.3,24.3,1,2,71.2,4,4,0,2,26.7,0
120.6,20.2,3,2,67.3,7,3,2,1,52.9,0
258.3,15.9,0,1,78.3,4,2,1,0,45.0,0
102.4,25.8,1,1,85.6,9,2,0,0,37.9,0
125.0,33.7,1,0,78.8,6,1,0,0,33.8,0
18.0,21.5,1,3,89.6,7,2,1,1,38.5,0
210.3,8.7,2,0,55.5,3,2,3,0,47.7,0
14.3,27.0,0,0,91.1,5,0,2,0,21.2,0
196.6,28.9,0,1,72.6,6,1,0,1,37.5,0
342.1,13.5,1,0,58.9,8,3,0,1,61.7,1
80.8,24.1,0,3,65.1,4,2,0,2,36.8,0
258.1,25.7,0,0,34.3,2,1,1,0,33.9,0
54.8,22.6,0,0,83.4,2,0,2,2,34.4,0
19.5,18.3,0,1,82.4,1,0,0,2,27.5,0
37.3,29.1,1,1,49.6,3,4,1,0,28.7,0
58.5,20.6,0,0,31.0,6,2,1,1,19.8,0
4.9,14.1,1,1,68.8,2,2,2,1,30.4,0
63.3,10.7,1,1,30.1,6,5,1,0,27.0,0
258.2,30.6,1,2,57.6,6,3,2,0,62.4,1
13.7,26.7,3,0,72.4,4,2,0,3,41.5,0
102.3,23.5,0,3,83.8,5,3,1,3,55.1,1
155.0,20.4,3,1,34.9,2,2,0,1,42.6,0
187.0,19.8,1,0,61.4,8,3,2,2,48.6,0
209.4,16.5,2,0,48.2,1,2,0,0,46.1,0
47.9,20.4,1,1,92.2,7,2,2,0,39.2,0
246.1,10.3,1,0,89.9,3,3,3,3,64.1,1
92.0,18.6,2,0,28.5,3,1,1,2,29.7,0
11.5,21.1,2,0,36.8,3,4,2,0,30.9,0
42.1,26.7,0,1,57.9,8,2,2,0,29.9,0
82.4,22.8,0,1,80.5,5,1,0,1,29.0,0
18.5,27.8,1,0,78.5,5,3,0,0,23.2,0
66.5,31.1,3,1,78.1,2,4,3,0,62.1,1
71.4,29.3,0,2,79.2,6,1,0,0,32.4,0
11.5,25.8,1,0,72.2,9,8,0,3,37.7,0
54.1,23.1,2,2,51.2,6,1,0,0,33.0,0
96.0,17.1,2,1,80.0,3,2,1,0,34.6,0
44.9,27.4,1,3,91.0,5,3,3,0,44.4,0
0.8,33.1,1,0,66.0,8,1,0,0,17.6,0
0.6,25.1,3,3,70.8,3,8,2,0,54.1,0
28.7,34.5,1,1,28.7,8,3,0,1,15.3,0
169.4,13.8,2,1,32.0,5,5,0,0,36.5,0
16.9,16.1,0,1,84.8,4,2,1,1,30.4,0
65.4,28.1,1,0,40.2,1,1,0,0,18.0,0
16.3,24.6,0,3,67.4,8,2,1,1,28.7,0
25.2,30.9,0,1,38.3,2,2,3,2,29.4,0
122.5,22.9,2,0,18.3,1,3,2,0,40.4,0
84.8,17.8,1,0,14.4,4,2,2,3,36.8,0
6.5,21.7,1,0,75.9,3,4,0,1,20.8,0
36.4,13.8,0,1,46.8,2,2,0,1,20.9,0
1.9,16.2,1,1,54.7,5,2,2,0,20.7,0
42.6,28.8,1,1,60.0,2,1,1,0,28.6,0
70.6,28.2,1,0,87.1,4,3,0,2,41.8,0
8.2,25.2,0,1,66.1,6,1,0,3,21.8,0
22.2,12.7,2,1,54.8,2,1,1,2,35.3,0
33.0,20.8,2,0,60.2,2,2,1,0,35.4,0
163.8,15.7,0,0,26.8,2,5,0,0,18.6,0
324.9,30.1,0,0,80.6,4,2,0,0,52.3,0
3.0,19.5,1,2,39.9,2,3,0,0,21.2,0
93.0,16.5,1,1,17.1,2,4,3,0,33.3,0
30.2,23.2,2,3,76.0,7,4,0,2,40.6,0
32.4,19.2,1,0,97.0,3,1,1,0,33.1,0
91.2,31.9,1,2,61.6,7,2,1,2,41.4,0
162.9,18.6,1,1,14.4,5,4,2,1,41.4,0
195.9,14.6,0,1,60.5,4,3,1,0,38.7,0
55.9,10.1,0,0,65.6,8,1,3,1,35.1,0
28.7,22.8,1,1,50.8,5,5,1,3,47.9,0
100.7,19.6,0,2,77.9,8,6,3,1,45.4,0
18.8,14.4,3,0,90.4,2,3,0,0,24.0,0
54.0,30.1,2,0,64.7,6,2,0,0,30.8,0
28.9,27.0,2,1,35.8,6,4,1,1,31.0,0
69.5,22.8,3,3,53.1,6,2,0,3,47.7,0
17.9,31.2,1,1,78.3,5,3,3,0,34.2,0
13.8,27.0,2,0,44.4,10,5,0,1,30.7,0
162.8,18.1,0,1,74.5,6,2,0,0,43.1,0
7.0,16.8,0,0,4.3,3,3,2,1,12.0,0
45.8,27.9,2,2,41.6,3,2,2,1,41.7,0
16.2,25.4,0,2,51.2,2,2,2,0,26.9,0
2.6,24.0,3,1,39.6,2,3,0,1,30.5,0
2.4,17.9,1,0,48.5,3,2,0,0,17.6,0
12.5,26.6,2,3,59.4,8,3,1,0,35.2,0
131.0,18.5,0,1,28.2,8,2,0,2,33.6,0
21.6,22.4,1,3,32.8,3,1,1,0,22.8,0
195.3,31.7,0,1,93.1,2,1,2,0,52.7,0
56.6,19.0,2,2,45.4,3,1,0,1,36.6,0
37.3,13.6,0,2,24.2,3,3,1,0,19.7,0
56.4,16.7,1,0,79.5,3,1,1,0,26.6,0
47.3,29.0,0,3,65.3,8,6,0,2,38.6,0
92.4,24.5,0,0,73.9,3,4,3,0,43.4,0
21.6,22.2,1,2,62.3,2,5,0,1,29.6,0
28.3,19.9,0,3,73.5,5,5,2,0,38.3,0
145.9,25.9,2,0,89.0,2,0,0,0,40.1,0
190.3,17.9,0,1,57.5,6,2,1,0,38.6,0
145.0,24.8,0,1,80.1,9,4,0,0,46.3,0
35.3,18.6,1,2,90.5,5,3,0,0,38.6,0
98.5,17.6,0,2,73.6,3,6,0,0,33.0,0
42.0,19.2,1,1,28.2,6,2,1,1,18.0,0
44.7,20.7,2,2,76.1,5,5,3,2,56.2,1
14.9,22.7,0,0,44.4,5,1,2,0,16.2,0
58.1,24.4,0,0,63.5,6,3,0,0,24.4,0
13.4,8.0,0,1,62.0,1,2,1,1,23.5,0
26.2,18.2,1,1,42.1,3,3,0,0,26.4,0
125.5,20.7,1,0,62.4,7,5,0,1,38.3,0
15.1,32.0,1,1,68.8,2,5,1,2,36.8,0
4.8,16.5,2,0,44.7,7,7,1,2,44.1,0
4.6,24.0,0,2,55.7,8,2,1,0,28.9,0
183.7,32.0,1,0,73.9,4,2,0,2,38.7,0
46.0,15.1,1,1,51.1,9,4,0,2,32.2,0
34.2,25.4,1,1,89.1,3,4,0,1,33.0,0
108.2,18.2,3,3,98.3,3,3,0,2,61.1,1
117.4,20.0,1,1,74.5,6,2,0,0,34.6,0
26.2,18.2,3,2,11.6,6,5,0,3,30.4,0
76.9,18.6,0,2,60.5,3,1,1,1,32.9,0
95.8,38.0,0,1,50.2,5,2,0,0,29.4,0
69.1,28.1,0,0,78.2,8,3,3,0,37.5,0
10.7,29.6,1,2,52.8,5,2,0,0,23.0,0
135.6,26.0,0,1,77.1,3,0,0,1,34.6,0
50.3,13.4,0,1,77.0,7,3,0,2,30.3,0
21.6,25.4,1,1,31.6,3,2,0,0,16.9,0
36.0,29.4,0,2,49.8,7,2,1,1,27.3,0
2.5,17.9,0,3,76.4,4,2,2,0,34.9,0
8.9,28.8,0,3,49.2,7,1,1,1,31.7,0
94.3,27.2,2,0,86.3,3,3,1,2,50.3,0
0.0,34.1,0,1,51.5,5,6,0,0,18.5,0
35.0,20.5,2,0,43.2,9,5,1,0,23.9,0
48.0,16.4,1,0,52.9,7,1,3,0,31.7,0
3.7,20.8,1,2,59.3,7,2,3,3,45.7,0
235.0,31.6,0,0,66.8,4,3,2,1,54.4,0
16.7,12.0,1,1,74.8,7,4,0,0,28.3,0
23.6,10.6,1,1,61.7,5,3,3,0,33.3,0
23.6,23.5,1,2,80.3,4,4,1,1,33.5,0
17.0,20.3,0,0,27.3,3,1,0,0,12.4,0
0.1,23.0,0,0,47.3,6,3,1,1,14.3,0
84.9,28.7,2,1,48.6,7,4,0,1,41.0,0
221.4,19.7,1,0,49.9,4,1,0,0,36.1,0
16.5,11.8,1,3,78.4,4,1,0,0,25.9,0
70.7,35.3,1,2,19.6,4,2,2,0,35.2,0
88.0,17.0,2,1,40.9,4,6,0,0,29.6,0
122.6,16.6,1,2,73.7,4,2,0,0,33.2,0
35.7,29.6,1,0,92.7,2,3,0,3,45.6,0
23.5,20.7,3,2,47.6,4,4,0,3,44.2,0
25.6,22.6,2,0,70.2,5,2,1,0,33.1,0
81.1,25.9,0,2,21.9,11,2,0,1,26.2,0
110.3,29.5,0,1,64.8,6,0,1,0,28.9,0
13.0,21.0,2,0,65.0,10,2,3,3,43.5,0
30.1,32.1,2,0,47.3,9,5,3,0,45.3,0
150.9,10.2,1,1,57.1,3,5,0,1,41.1,0
106.8,27.6,1,1,55.2,6,4,0,0,31.3,0
272.4,18.0,1,0,62.8,3,2,0,0,52.1,0
91.2,31.2,1,1,82.9,5,1,0,0,31.6,0
32.5,23.9,1,1,78.6,4,4,1,2,41.1,0
58.1,19.0,0,1,81.8,6,2,1,1,39.9,0
70.3,27.0,3,2,37.6,10,6,0,3,47.7,0
5.3,28.4,2,0,93.9,4,3,0,0,22.9,0
51.1,26.9,1,1,81.0,1,5,0,0,36.5,0
80.3,16.8,0,3,64.5,4,2,2,0,43.0,0
11.9,20.1,0,1,39.0,4,4,0,0,16.7,0
98.6,23.0,1,1,34.2,4,2,1,1,31.4,0
57.0,22.8,1,1,60.6,8,2,0,0,28.6,0
197.7,27.5,1,0,34.5,4,2,0,1,37.0,0
2.8,10.9,1,1,57.2,2,1,1,0,21.7,0
20.0,25.0,1,2,45.3,7,1,0,2,35.3,0
59.8,21.3,2,0,27.7,6,1,0,2,28.6,0
22.9,18.0,0,2,25.9,2,2,0,2,20.2,0
81.5,18.5,1,0,51.5,5,1,2,1,37.5,0
92.5,21.7,2,1,41.4,4,6,1,1,39.5,0
7.0,8.0,1,2,53.0,3,4,3,2,39.3,0
46.9,18.8,1,2,27.6,3,3,2,2,36.8,0
46.2,17.7,1,2,42.1,4,2,2,0,31.5,0
30.0,26.2,3,3,65.8,10,5,2,1,55.7,1
175.6,18.2,0,1,57.3,6,1,0,2,38.4,0
114.2,21.7,1,1,95.2,5,2,2,1,51.4,0
77.7,32.3,0,0,65.2,2,3,1,0,31.0,0
81.4,29.0,0,0,26.2,3,3,0,1,24.1,0
40.3,28.4,1,1,68.2,3,0,0,0,17.0,0
165.0,20.0,0,1,86.4,7,1,0,1,43.2,0
77.1,26.3,3,1,66.7,8,2,1,1,49.3,0
84.9,21.6,3,2,53.9,9,2,0,0,37.0,0
128.6,21.8,0,1,84.8,5,0,1,0,41.4,0
20.8,25.5,1,0,72.8,3,2,0,2,29.8,0
107.0,19.4,1,1,87.1,5,4,2,0,45.0,0
14.1,32.0,2,1,41.1,5,3,0,0,26.3,0
27.5,22.0,1,1,58.7,6,0,1,0,29.4,0
26.6,26.7,0,2,22.2,5,0,2,0,11.4,0
249.7,31.7,2,1,36.2,9,5,0,0,56.9,1
126.2,29.2,2,2,53.3,8,3,1,0,37.0,0
78.5,14.5,1,1,35.2,5,3,0,0,21.4,0
84.4,25.7,3,1,8.2,2,3,0,0,33.8,0
53.7,28.1,3,2,37.3,4,4,0,3,46.5,0
191.0,28.4,1,0,79.4,9,3,3,0,53.1,0
44.6,16.3,1,0,47.7,8,2,0,0,26.7,0
31.1,19.1,3,0,19.2,9,0,1,1,29.2,0
11.6,29.0,0,1,67.6,10,3,0,2,29.5,0
100.3,18.4,0,0,34.8,3,4,1,1,16.4,0
86.2,21.2,0,3,84.4,4,1,0,0,30.7,0
31.5,32.5,2,1,25.1,4,2,0,1,23.0,0
1.7,22.7,2,1,29.9,3,2,1,0,13.4,0
118.7,18.6,0,0,59.5,4,1,0,2,34.5,0
0.7,17.7,3,0,10.3,4,1,0,1,18.8,0
79.1,25.0,2,0,77.3,6,4,1,2,51.2,0
228.5,15.0,2,1,56.6,1,3,0,2,51.1,0
37.4,21.5,0,1,74.1,5,3,0,0,19.8,0
17.4,25.0,1,1,46.7,6,3,0,2,23.7,0
79.3,30.8,1,1,55.8,7,6,1,2,43.5,0
110.4,27.0,1,2,77.7,4,6,1,0,50.3,0
51.4,18.7,1,0,36.3,3,6,1,1,29.5,0
221.8,30.1,2,2,42.7,2,2,0,0,50.0,0
3.4,21.2,1,1,97.8,4,3,2,0,37.2,0
45.7,15.6,2,1,76.1,6,4,0,0,38.6,0
82.4,22.0,0,0,39.0,2,0,1,0,26.9,0
129.0,31.6,0,1,94.9,6,2,0,1,43.0,0
12.8,24.0,0,0,19.5,3,3,2,1,15.5,0
104.6,23.1,1,3,16.0,5,1,0,0,28.3,0
52.3,32.8,1,1,47.7,2,0,1,0,25.5,0
32.8,14.4,2,3,77.6,3,1,2,1,43.7,0
9.2,15.3,1,1,93.4,8,1,0,0,26.3,0
130.3,13.3,1,0,57.0,4,4,2,0,49.3,0
11.1,25.2,1,1,68.7,3,4,0,2,30.4,0
24.1,24.0,0,0,71.3,4,3,1,0,14.9,0
22.3,32.3,0,2,82.2,2,1,1,3,33.8,0
133.3,24.5,1,2,69.6,5,2,1,1,42.4,0
72.6,20.6,1,1,61.6,6,2,2,0,35.5,0
103.5,23.0,2,1,70.3,2,3,2,0,39.1,0
18.7,23.7,1,1,56.8,3,3,0,0,21.3,0
63.7,13.0,2,3,56.8,4,2,0,0,37.0,0
55.1,38.0,1,0,56.5,2,5,0,1,23.8,0
116.3,26.1,3,2,22.0,7,2,1,0,45.0,0
153.8,24.3,0,1,31.1,2,5,0,2,35.1,0
0.8,26.7,1,3,67.9,7,3,0,0,30.6,0
72.9,27.3,1,2,81.2,2,4,0,0,35.2,0
3.5,22.2,3,3,55.1,2,4,3,2,51.2,0
51.7,19.2,0,1,49.1,5,2,1,0,27.3,0
22.0,26.6,1,0,33.6,7,1,2,1,26.5,0
23.8,25.3,0,1,29.2,0,2,0,2,22.4,0
28.3,18.1,1,1,40.1,3,4,2,0,29.4,0
63.1,31.5,0,2,32.8,5,0,1,0,25.8,0
26.4,24.8,0,0,42.3,7,5,1,0,23.4,0
85.8,27.4,1,1,41.8,7,2,0,0,19.2,0
33.7,31.4,0,0,35.7,6,0,0,0,8.9,0
4.6,23.1,0,2,56.5,6,1,0,3,24.0,0
99.5,24.9,0,0,69.8,3,0,0,0,21.7,0
21.9,27.9,0,1,41.5,4,1,0,2,16.1,0
36.9,18.7,3,0,68.2,5,1,2,0,43.1,0
75.2,23.3,1,0,67.8,6,4,0,2,42.4,0
26.3,23.8,2,3,94.1,2,2,1,1,38.5,0
3.8,17.3,1,0,47.6,2,2,2,2,31.7,0
30.4,36.9,3,0,62.2,1,3,3,2,48.5,0
187.9,14.6,1,0,40.4,3,0,1,2,49.4,0
66.7,15.2,1,1,53.5,3,2,0,0,26.4,0
72.4,30.9,1,1,49.2,1,2,1,1,25.5,0
65.0,27.3,2,0,60.9,3,7,1,0,31.8,0
14.4,16.8,1,1,38.5,3,1,1,0,25.2,0
35.2,26.6,0,0,87.5,4,5,0,0,23.9,0
90.4,31.8,0,2,83.0,8,2,0,2,43.1,0
6.9,22.8,1,2,21.1,6,2,3,0,27.4,0
21.2,38.0,1,3,68.0,6,2,2,2,46.2,0
21.0,12.7,0,3,50.0,2,1,0,2,19.9,0
36.8,27.2,1,0,68.2,4,2,0,0,24.9,0
255.5,30.0,1,0,50.6,2,3,1,0,49.8,0
4.5,28.3,2,1,28.2,5,4,1,0,28.1,0
47.5,21.8,0,0,46.6,5,6,1,1,31.5,0
12.8,21.3,0,0,89.3,5,3,3,0,27.0,0
229.4,25.7,2,0,53.6,6,3,3,0,56.1,1
7.8,27.9,1,1,60.9,4,5,2,0,32.1,0
33.6,26.6,0,1,14.6,0,1,0,0,15.5,0
87.0,29.2,2,0,72.3,8,7,2,2,63.7,1
79.3,16.9,1,0,70.8,3,2,2,0,41.5,0
35.7,21.6,1,1,9.6,3,2,0,0,18.4,0
27.7,17.4,3,0,53.0,3,2,0,1,32.8,0
32.9,20.7,3,3,84.1,3,1,0,0,41.2,0
19.9,29.1,1,0,44.1,4,4,2,0,31.8,0
14.9,23.6,0,1,52.3,4,3,0,0,19.4,0
42.9,38.0,0,1,63.3,6,0,1,0,22.6,0
20.3,24.2,0,0,56.8,2,3,1,0,20.1,0
22.0,23.4,0,1,34.7,3,4,2,2,25.6,0
69.5,23.6,1,1,44.1,6,3,0,2,24.9,0
224.8,19.2,3,2,41.3,3,2,0,2,48.9,0
60.2,22.7,2,1,52.8,4,2,2,0,37.0,0
5.2,29.8,1,0,50.0,3,3,1,2,19.0,0
5.1,23.7,1,0,35.3,5,1,1,0,12.9,0
196.6,18.2,0,0,81.9,3,2,1,1,46.9,0
22.9,17.4,0,0,64.9,2,1,2,1,23.2,0
6.3,20.3,0,1,73.5,3,1,1,0,18.0,0
59.4,23.4,2,3,53.6,1,3,0,0,30.5,0
63.5,30.2,0,1,47.8,5,1,3,0,35.6,0
68.0,15.0,2,1,66.7,5,3,0,0,38.4,0
20.2,21.1,1,1,31.6,5,4,0,0,16.9,0
1.0,23.9,0,2,70.6,6,3,1,0,29.1,0
217.9,12.0,0,0,64.7,4,6,0,0,42.4,0
18.8,18.0,1,2,37.2,6,1,0,1,26.9,0
73.3,18.9,3,2,33.1,3,2,0,0,38.7,0
79.7,18.2,2,0,62.0,4,0,2,2,34.8,0
61.2,24.2,0,0,34.9,4,4,1,2,28.7,0
24.4,22.0,1,3,69.5,5,3,0,0,32.1,0
20.6,19.7,0,2,50.1,4,2,1,0,27.7,0
59.2,25.6,3,0,80.0,3,1,0,2,34.3,0
130.7,33.3,2,1,43.7,7,4,0,0,33.2,0
190.6,32.8,1,1,74.0,6,2,1,0,47.8,0
7.3,11.5,1,1,22.9,3,2,0,3,21.5,0
10.9,26.5,1,0,32.5,1,2,1,1,21.3,0
188.2,21.9,0,0,12.2,7,3,3,0,29.9,0
86.7,23.9,0,1,39.0,5,0,1,1,31.2,0
139.5,20.6,1,2,46.5,6,1,1,2,44.2,0
14.7,23.7,3,2,53.2,6,2,1,0,36.8,0
57.6,23.9,1,0,67.4,3,2,2,0,32.3,0
78.5,19.5,0,2,71.6,5,4,0,0,27.8,0
74.1,17.6,2,0,69.2,12,0,0,2,35.3,0
34.1,20.3,0,1,21.3,2,0,1,0,20.5,0
1.0,24.4,0,2,70.7,3,2,1,1,28.2,0
56.8,26.6,0,1,70.3,3,2,0,0,25.1,0
19.0,28.1,1,0,42.2,5,3,0,0,22.4,0
38.9,20.0,1,0,75.0,4,3,1,1,30.0,0
205.4,24.7,1,1,26.0,3,2,1,1,42.8,0
33.1,28.8,2,2,72.4,5,1,2,0,40.3,0
119.0,30.0,0,3,45.2,1,2,1,2,37.8,0
13.6,22.6,2,2,34.8,3,1,0,0,21.0,0
72.5,21.7,0,2,29.9,3,1,0,0,22.5,0
245.2,24.1,2,1,55.4,4,3,0,0,52.4,0
7.0,16.1,1,2,77.4,4,2,0,0,25.1,0
0.5,21.8,1,0,22.6,3,1,2,0,19.1,0
36.9,27.5,1,2,59.1,1,0,2,2,32.0,0
6.3,26.9,1,0,44.5,7,1,3,0,24.0,0
89.7,21.4,0,2,33.8,4,0,0,1,25.9,0
159.9,24.3,2,0,69.6,8,2,0,0,43.5,0
37.0,18.1,0,1,62.8,3,2,1,0,20.6,0
19.5,27.2,0,1,45.5,3,1,1,0,20.1,0
37.0,22.5,1,3,82.4,4,4,1,0,39.1,0
83.5,21.3,2,2,91.0,2,3,0,0,47.1,0
0.6,20.8,0,0,44.6,3,0,0,0,11.6,0
57.9,22.6,3,1,75.0,6,2,1,0,37.8,0
61.8,20.3,3,0,78.7,10,2,0,2,45.2,0
66.0,26.9,1,0,36.7,3,4,0,0,19.8,0
18.0,20.6,1,0,74.1,5,4,0,0,26.5,0
81.4,32.6,2,0,43.4,5,2,0,0,30.0,0
6.2,31.8,0,1,65.7,2,2,0,0,20.7,0
14.4,17.7,1,2,56.1,2,3,1,2,29.8,0
136.5,23.4,3,2,70.3,4,1,1,1,50.2,0
87.2,19.1,3,0,16.2,5,3,2,1,38.1,0
0.9,21.0,3,0,18.4,1,2,0,0,16.3,0
18.6,35.0,0,0,66.9,3,5,2,0,26.2,0
15.7,21.2,0,0,63.2,3,2,0,0,12.9,0
20.5,25.2,0,0,44.1,9,1,2,0,22.9,0
18.5,26.2,1,0,31.6,9,3,0,1,18.1,0
4.2,17.0,0,1,69.5,8,1,0,3,26.9,0
39.9,17.9,1,1,7.0,2,1,1,0,16.9,0
85.8,15.8,1,1,59.0,6,1,1,0,22.9,0
60.7,17.7,2,0,22.7,10,4,2,1,28.7,0
72.6,8.0,2,1,73.3,9,4,1,1,51.5,0
5.5,26.3,2,2,27.0,4,4,2,0,24.3,0
196.7,35.3,0,0,86.8,2,5,2,0,53.0,0
118.5,23.9,0,0,23.4,4,2,0,1,26.0,0
106.3,14.5,2,0,86.9,5,4,2,0,48.2,0
112.5,19.1,1,0,98.3,1,1,1,2,50.9,0
175.4,20.2,1,1,42.1,5,4,0,2,46.5,0
51.1,16.9,0,0,53.7,7,1,0,0,19.9,0
14.5,28.2,0,1,47.4,4,1,0,0,17.1,0
62.3,27.9,1,0,38.0,6,2,1,0,28.9,0
88.3,16.1,2,1,44.6,3,3,0,0,33.6,0
87.0,27.4,3,0,79.1,6,2,3,1,56.5,1
47.9,32.2,1,1,73.6,3,0,2,0,39.9,0
4.6,34.4,1,0,66.2,2,6,2,2,41.4,0
30.1,38.0,2,0,78.0,10,3,2,0,38.2,0
164.8,17.6,1,2,22.0,5,3,2,0,37.4,0
57.1,38.0,1,1,42.4,2,4,0,0,25.3,0
50.2,20.9,3,0,39.3,6,4,0,3,47.1,0
20.4,19.4,2,1,52.6,4,3,1,1,28.5,0
29.9,25.0,3,1,30.7,5,0,0,0,24.2,0
146.7,19.5,0,1,57.8,7,2,1,2,40.9,0
71.4,25.4,1,1,86.2,6,4,1,0,36.6,0
100.6,15.1,2,2,42.2,5,2,2,1,44.6,0
39.4,21.6,0,0,52.9,4,3,0,3,24.5,0
64.7,30.7,2,0,61.3,3,3,2,1,39.8,0
18.6,22.7,0,0,51.0,4,3,0,0,15.7,0
79.5,23.8,2,2,25.4,4,1,2,2,40.1,0
36.3,25.9,1,2,33.9,4,2,0,0,18.5,0
38.0,30.0,0,2,59.5,4,5,0,2,29.9,0
68.1,13.1,1,2,30.9,4,2,1,3,35.6,0
179.0,26.5,1,3,50.7,6,3,2,0,50.5,0
4.3,21.4,1,1,40.6,7,4,0,0,21.2,0
113.2,24.0,1,2,56.6,4,1,0,2,41.3,0
22.5,29.4,2,3,79.8,5,3,2,0,40.1,0
38.1,15.8,1,0,68.2,2,4,0,2,30.4,0
1.4,16.9,1,1,43.7,7,2,1,0,19.1,0
23.3,11.4,0,1,22.1,5,1,0,0,7.5,0
45.4,19.7,3,2,13.2,4,6,0,1,35.2,0
3.8,31.0,0,2,82.7,3,3,1,0,29.2,0
43.9,22.3,1,2,59.5,1,1,0,0,24.1,0
170.2,15.0,2,3,37.9,10,1,0,0,41.4,0
7.2,20.1,0,1,85.8,3,5,3,0,30.9,0
94.0,14.1,1,0,57.6,3,9,0,0,39.1,0
34.3,16.2,0,0,95.2,9,3,0,1,30.5,0
69.2,25.3,2,1,38.0,2,2,3,1,33.7,0
19.6,16.0,1,1,43.9,2,4,0,0,22.0,0
11.3,29.7,2,1,82.1,4,3,0,0,29.1,0
11.4,22.6,2,1,68.7,3,4,0,1,30.4,0
4.8,23.5,1,2,52.7,3,2,0,0,26.6,0
13.3,21.3,2,0,73.0,4,2,2,0,32.9,0
70.9,27.6,1,2,61.3,5,2,0,0,38.3,0
138.7,27.7,1,2,60.9,7,1,2,1,59.3,1
109.4,25.0,1,1,53.7,6,6,1,0,44.8,0
75.1,26.4,3,1,29.4,5,3,2,0,34.8,0
7.6,21.7,1,2,20.1,7,2,1,1,29.3,0
22.2,26.3,0,1,82.7,6,2,2,1,32.0,0
24.1,21.0,1,0,74.5,7,2,0,0,27.5,0
18.7,23.0,1,0,42.6,3,2,0,0,22.9,0
47.0,21.4,0,0,51.3,7,2,0,2,20.1,0
49.8,20.3,1,0,73.1,5,1,1,0,30.0,0
28.7,18.9,1,0,80.3,3,0,0,2,29.7,0
28.4,25.8,1,0,55.5,3,4,0,2,24.8,0
114.6,30.9,1,1,27.1,7,3,2,0,27.9,0
101.2,30.0,1,3,33.4,3,2,0,0,33.6,0
23.9,15.5,2,1,32.1,6,3,0,2,23.7,0
159.3,30.7,3,2,26.0,3,3,0,0,44.4,0
198.5,21.1,1,2,43.3,3,1,0,0,38.4,0
25.7,26.6,0,1,48.6,7,1,2,1,32.6,0
28.4,17.6,3,1,22.7,1,5,1,0,25.9,0
45.8,23.9,2,0,52.4,4,5,0,1,31.7,0
184.1,24.9,0,2,45.5,3,3,0,1,47.2,0
135.9,14.1,0,2,66.1,1,3,2,1,41.3,0
7.0,26.6,0,1,53.9,4,1,0,0,22.7,0
32.4,31.1,0,0,62.5,2,1,2,0,20.9,0
52.4,22.0,0,2,43.4,4,3,1,0,26.8,0
45.5,31.2,3,0,37.5,2,3,0,0,24.3,0
14.0,21.9,1,0,73.7,4,2,3,1,38.2,0
127.3,28.1,1,2,28.0,5,6,1,0,32.9,0
73.4,9.7,2,1,23.6,9,2,0,0,25.1,0
118.3,37.5,2,1,43.5,2,3,0,1,35.1,0
127.2,32.0,2,2,74.1,6,3,2,0,48.9,0
89.7,21.3,3,1,24.5,3,3,1,0,41.4,0
37.6,11.2,1,1,81.5,5,1,0,0,25.9,0
61.3,24.7,3,0,42.8,4,1,0,1,32.1,0
11.4,14.3,2,0,26.6,3,3,0,0,25.8,0
72.8,25.7,0,2,21.8,10,2,2,0,29.2,0
12.8,25.5,1,1,81.4,7,1,0,0,17.2,0
77.0,17.4,1,0,51.2,2,1,0,3,39.7,0
17.0,29.7,3,0,73.0,5,0,0,0,34.4,0
8.1,27.8,1,1,90.9,8,1,0,1,36.7,0
11.7,28.9,1,1,48.3,3,0,2,2,35.5,0
0.1,23.1,0,1,81.6,4,1,1,0,23.9,0
82.5,14.5,0,1,29.0,5,1,0,0,13.1,0
85.7,28.9,0,0,47.4,3,1,0,2,29.3,0
47.0,21.4,1,1,17.8,4,1,3,0,20.1,0
11.4,14.7,2,2,82.1,7,4,0,0,30.8,0
5.7,31.1,0,0,92.1,3,0,1,1,25.9,0
1.3,35.6,1,1,25.9,3,2,3,0,28.8,0
11.8,22.8,0,1,26.8,2,2,2,3,23.5,0
144.0,36.0,0,1,27.4,5,3,0,0,24.4,0
18.0,23.5,1,0,29.9,4,1,1,2,32.9,0
28.4,20.7,0,3,48.7,4,2,0,3,34.6,0
7.2,19.2,1,1,58.6,4,1,1,0,26.2,0
16.3,32.8,0,2,38.0,4,1,1,0,25.4,0
47.6,18.3,0,0,40.6,5,3,3,3,37.9,0
60.8,27.4,1,1,65.7,8,2,1,2,34.3,0
18.3,19.6,1,2,85.5,5,6,1,0,33.7,0
3.9,20.2,0,0,90.5,2,3,0,0,21.5,0
32.2,29.2,1,0,29.6,7,3,0,1,19.9,0
17.3,20.7,2,1,82.2,11,5,0,0,45.5,0
16.1,20.6,2,0,51.7,6,3,0,0,24.4,0
209.0,29.8,0,1,15.6,3,3,2,0,44.0,0
62.3,32.6,1,0,39.7,8,3,2,0,31.9,0
52.9,26.9,1,0,31.2,2,2,2,0,28.1,0
34.9,19.1,0,1,54.2,5,1,0,0,7.5,0
36.4,19.9,2,0,77.8,4,3,1,1,47.0,0
50.6,23.5,3,3,81.0,4,4,1,1,48.5,0
77.5,24.9,2,2,23.5,3,2,1,0,35.9,0
78.7,17.1,2,1,22.3,5,3,2,1,30.3,0
12.2,27.3,2,2,93.2,7,5,0,2,51.8,0
45.1,23.5,1,2,10.4,5,5,0,1,18.3,0
34.5,12.7,1,0,60.9,6,0,0,2,22.9,0
132.9,17.4,2,2,9.4,6,4,0,0,31.9,0
64.9,20.0,1,0,28.3,4,2,1,2,26.5,0
49.4,22.6,0,1,91.2,2,4,0,1,31.5,0
8.0,34.3,1,1,74.5,4,3,0,1,30.5,0
60.5,24.4,2,1,20.9,3,0,1,0,20.5,0
8.1,18.0,0,0,49.8,7,1,0,1,18.0,0
26.7,24.3,1,0,34.3,4,1,0,0,22.7,0
10.0,20.9,3,1,73.9,5,1,0,0,28.5,0
76.6,24.9,2,0,48.2,5,2,0,1,31.1,0
15.0,26.5,3,2,55.7,6,0,0,1,37.3,0
32.3,30.3,1,1,66.0,4,1,0,0,18.2,0
146.9,22.9,0,0,85.8,1,3,0,1,32.6,0
14.9,32.8,2,0,76.0,3,2,0,2,35.1,0
46.1,28.4,0,1,86.8,4,1,0,2,30.6,0
35.3,18.8,1,1,36.5,4,3,2,2,34.3,0
1.2,36.3,0,0,17.8,3,1,2,2,19.3,0
102.3,25.0,0,0,63.8,4,1,2,1,27.9,0
4.7,18.0,1,0,95.9,6,4,0,0,36.5,0
41.8,32.9,1,0,71.0,6,3,2,0,33.5,0
53.5,35.5,1,1,75.1,2,2,3,2,44.4,0
64.4,22.8,2,2,67.2,4,4,3,0,47.1,0
75.8,20.0,0,1,32.7,6,1,0,2,26.9,0
19.0,22.0,0,2,69.2,10,3,2,0,36.3,0
0.7,27.3,1,0,6.9,9,2,0,0,0.0,0
83.5,30.7,1,1,22.6,4,1,0,0,24.7,0
49.9,26.4,3,1,40.9,5,1,1,1,31.0,0
117.6,23.6,0,1,54.7,4,3,2,0,33.8,0
112.0,32.0,2,1,40.1,3,3,2,3,43.9,0
120.5,21.1,1,1,41.3,4,0,3,2,41.0,0
43.1,29.2,1,1,89.6,6,2,2,1,40.4,0
26.4,21.3,0,0,15.4,10,3,0,1,13.7,0
101.9,25.6,1,1,66.7,4,3,1,2,36.1,0
39.0,22.3,0,1,66.7,5,3,0,2,29.5,0
13.2,22.7,0,3,36.9,7,3,2,0,29.4,0
125.5,20.7,1,1,69.4,3,2,0,2,40.7,0
139.2,31.1,2,1,39.6,3,2,2,0,39.5,0
40.8,18.6,2,1,73.4,5,1,3,2,43.2,0
5.1,18.6,1,2,37.4,2,2,0,0,8.5,0
31.9,35.7,1,3,33.7,3,3,0,0,26.8,0
105.8,28.9,1,2,66.5,5,3,0,0,38.2,0
150.8,8.7,3,1,60.5,5,4,1,2,54.1,0
14.8,19.6,1,0,47.2,6,3,2,0,19.8,0
4.5,12.1,0,1,67.5,3,2,1,0,21.8,0
136.4,17.3,0,1,66.8,5,0,2,1,37.9,0
32.1,8.0,1,2,33.4,2,2,2,2,38.5,0
50.7,22.2,1,0,59.1,2,2,0,0,28.0,0
223.9,16.1,0,1,87.4,3,2,0,1,44.6,0
4.5,23.4,2,0,39.5,5,1,0,0,21.9,0
67.9,13.2,2,2,61.1,5,0,2,1,38.1,0
5.0,23.5,1,0,94.9,7,2,1,0,36.1,0
30.6,20.5,0,1,60.0,5,3,0,0,22.7,0
105.9,32.0,1,0,73.5,3,2,0,0,40.6,0
36.9,31.5,3,0,67.1,1,6,2,0,39.3,0
350.0,27.7,2,1,38.7,5,2,0,0,61.6,1
53.2,21.0,0,0,40.1,4,3,1,2,32.1,0
25.2,34.9,0,1,63.8,6,2,0,2,25.0,0
16.2,13.7,1,2,67.9,3,5,1,0,27.7,0
28.1,14.6,1,3,44.7,2,1,2,2,39.4,0
30.3,22.5,1,0,53.5,4,3,2,2,30.0,0
4.6,36.5,3,2,73.5,2,6,0,0,37.1,0
30.0,21.8,1,0,39.3,7,1,1,1,20.8,0
40.6,21.9,0,2,40.0,4,4,1,0,32.9,0
83.4,14.3,2,2,49.2,7,4,0,1,39.9,0
69.5,28.7,0,0,76.3,4,2,0,0,26.9,0
80.2,28.7,3,1,60.1,6,0,0,2,41.6,0
0.5,27.7,1,0,39.9,4,1,0,2,16.6,0
16.0,19.2,3,2,16.6,4,1,3,0,36.2,0
70.4,18.8,0,1,60.4,10,3,2,0,38.0,0
43.0,15.2,0,1,76.5,5,1,0,0,22.0,0
0.3,23.5,1,1,40.0,5,2,2,0,25.0,0
106.1,16.5,1,3,47.6,4,7,2,0,50.3,0
96.3,15.9,0,3,17.4,7,6,3,0,33.6,0
51.7,20.5,3,1,71.3,4,1,0,2,40.7,0
4.5,20.1,2,1,37.4,7,1,1,2,33.4,0
94.6,19.8,1,2,67.8,1,4,1,0,35.2,0
57.0,25.8,0,2,82.3,3,0,2,0,35.0,0
99.0,23.5,2,0,68.0,3,4,2,0,41.0,0
90.6,21.3,2,0,74.4,4,1,0,1,34.0,0
105.6,24.1,1,0,25.9,4,1,1,0,22.6,0
47.4,17.1,3,1,77.6,4,2,2,2,44.5,0
9.8,23.6,0,0,86.1,6,2,1,0,16.5,0
72.3,23.9,0,1,58.0,3,3,1,0,24.6,0
63.0,14.0,0,1,87.3,6,2,0,0,31.6,0
88.1,29.0,2,1,31.4,6,4,0,1,30.1,0
12.1,17.7,1,1,7.2,7,6,2,1,24.7,0
14.1,23.5,0,0,55.8,5,3,1,0,15.0,0
143.7,30.0,0,2,24.9,5,3,0,3,37.2,0
90.1,28.6,0,3,51.0,3,2,2,0,42.8,0
155.2,23.2,0,1,49.8,8,4,2,0,43.3,0
92.4,20.8,1,2,38.0,3,0,0,0,25.4,0
59.1,28.7,0,0,28.6,4,1,2,1,24.9,0
69.0,27.0,0,2,98.6,5,3,0,0,40.6,0
143.0,19.3,2,0,19.5,4,2,3,1,46.1,0
56.2,18.2,1,1,67.9,9,3,0,2,41.2,0
65.0,10.6,2,0,32.1,4,2,2,0,31.8,0
11.1,23.9,0,1,34.0,4,2,3,3,38.7,0
41.7,22.5,1,0,64.5,2,0,0,2,25.6,0
81.9,29.8,1,1,84.6,7,1,2,1,49.8,0
20.5,25.2,0,0,72.9,1,0,2,1,29.1,0
14.7,31.0,0,2,65.1,3,0,3,1,30.2,0
24.5,18.8,2,1,81.0,4,1,1,2,33.0,0
18.0,29.8,3,0,53.7,4,2,1,2,37.3,0
15.7,19.8,0,0,71.7,3,5,0,1,18.1,0
36.0,27.7,0,2,35.2,3,4,0,2,26.5,0
155.0,14.2,3,0,83.4,1,2,0,0,42.6,0
46.0,24.4,0,1,38.8,5,3,0,0,22.5,0
13.5,11.1,1,1,50.0,4,4,0,2,23.0,0
5.2,21.4,3,0,60.2,6,6,1,0,43.5,0
77.4,25.6,3,0,92.5,4,2,0,1,45.3,0
31.4,19.9,1,1,76.2,3,4,0,1,25.4,0
112.1,16.7,0,0,33.9,2,0,2,0,28.4,0
70.0,28.1,0,0,86.7,4,1,2,0,26.9,0
103.4,22.4,2,0,39.8,5,4,0,1,36.9,0
20.6,20.1,3,0,62.8,5,1,2,1,35.3,0
76.6,23.3,1,0,68.9,4,1,2,1,46.1,0
19.9,38.0,2,3,21.9,7,4,1,0,30.7,0
181.9,29.9,2,1,51.5,4,1,0,1,35.1,0
65.8,30.0,1,2,91.0,4,1,3,0,45.0,0
25.5,25.6,2,0,78.9,6,2,0,3,34.3,0
20.4,24.0,1,0,84.1,6,2,1,0,35.9,0
13.8,8.6,1,2,48.9,5,4,2,1,36.0,0
77.1,18.9,0,1,87.1,0,5,3,1,43.4,0
16.0,20.1,2,0,37.3,4,3,3,0,33.0,0
58.8,11.8,1,1,61.6,10,5,0,1,38.8,0
20.0,16.1,0,1,42.7,5,2,0,0,19.6,0
70.5,11.1,2,2,25.4,3,3,0,0,19.8,0
109.7,22.8,1,0,65.5,2,1,3,0,45.2,0
97.8,27.9,3,1,72.1,8,3,1,0,40.1,0
93.0,29.6,0,1,58.8,5,4,2,1,42.7,0
13.5,25.5,1,3,82.6,4,2,0,3,37.7,0
6.0,17.2,0,2,54.6,4,3,0,1,21.8,0
78.0,11.4,3,0,43.4,7,5,0,1,37.2,0
29.9,12.5,0,1,84.8,3,7,0,0,30.6,0
36.8,15.4,1,2,80.4,2,1,2,0,41.8,0
2.1,17.7,2,1,74.0,5,1,2,1,42.5,0
19.5,22.0,1,2,79.9,5,3,2,0,38.6,0
2.2,16.9,3,2,83.5,2,2,0,1,42.2,0
137.4,25.0,2,0,27.7,5,1,0,2,34.3,0
18.1,21.6,0,0,87.9,7,2,0,0,22.2,0
53.0,23.1,0,2,56.0,4,0,0,1,28.6,0
2.6,29.8,0,0,62.3,3,1,0,2,24.2,0
71.4,15.9,0,0,94.6,4,0,1,1,31.0,0
25.4,25.5,2,1,85.2,3,2,0,0,39.4,0
148.3,22.9,3,2,41.7,4,2,0,1,51.1,0
142.4,21.0,0,0,47.2,7,2,3,2,36.2,0
25.6,28.3,1,1,56.4,6,3,3,1,34.4,0
150.3,28.3,1,0,54.5,6,2,2,1,40.6,0
350.0,17.3,0,0,37.0,5,4,0,0,46.5,0
113.4,21.9,1,0,51.5,4,3,0,0,25.6,0
121.1,24.7,0,0,39.2,4,2,0,0,22.6,0
18.6,21.4,1,2,57.0,5,1,0,0,25.4,0
55.9,26.5,1,2,41.7,1,3,0,1,35.5,0
4.5,24.7,2,2,54.0,5,2,0,0,31.8,0
6.5,34.0,0,0,40.3,3,1,2,1,29.5,0
350.0,13.8,2,1,39.8,11,2,1,0,57.0,1
25.7,22.3,1,0,69.4,5,2,0,1,27.2,0
89.6,17.5,2,0,67.1,4,3,2,0,40.8,0
106.8,26.6,1,1,75.3,4,2,0,0,34.9,0
126.9,13.3,2,1,82.9,6,3,2,0,48.9,0
350.0,25.1,2,0,42.8,2,2,0,0,52.4,0
18.0,19.2,1,0,67.7,6,2,1,0,25.0,0
2.7,18.6,1,2,32.4,6,1,0,2,26.6,0
34.4,14.3,3,1,95.4,4,2,0,0,41.4,0
9.1,20.2,2,3,68.0,4,2,1,3,41.4,0
1.5,29.5,3,3,16.2,5,1,0,2,34.1,0
29.1,22.8,2,1,21.0,5,1,0,0,13.8,0
99.5,26.8,1,0,53.9,3,2,0,2,36.3,0
54.3,33.0,0,2,34.7,4,2,1,1,28.3,0
24.4,24.6,0,0,35.6,2,2,1,3,19.5,0
69.0,19.6,3,0,66.9,4,1,1,2,44.1,0
17.2,25.8,0,2,10.9,5,2,1,0,11.3,0
0.9,19.7,0,1,70.0,6,3,3,1,35.8,0
94.0,20.0,2,0,61.7,5,2,3,1,39.6,0
63.5,13.9,2,1,24.3,4,4,0,2,34.0,0
93.4,28.6,0,1,29.9,5,3,2,0,20.5,0
2.6,20.7,0,0,78.0,0,3,1,0,24.1,0
118.0,24.1,1,0,46.5,2,2,0,1,25.6,0
62.8,16.8,0,0,41.6,9,6,2,0,30.9,0
53.9,25.6,2,0,48.6,5,2,2,0,37.3,0
63.7,18.4,0,2,52.1,6,0,0,1,21.3,0
129.9,22.1,2,1,90.7,5,3,1,0,38.9,0
57.5,28.3,2,1,86.2,5,1,0,0,30.2,0
56.5,27.7,1,0,50.5,3,0,3,0,28.6,0
303.9,22.9,0,0,17.0,4,4,0,1,36.8,0
91.9,12.4,1,0,49.7,2,1,1,0,20.6,0
38.0,38.0,1,0,85.3,1,2,1,0,26.1,0
79.9,33.5,0,0,37.8,4,3,0,0,24.5,0
32.0,27.3,2,1,46.6,2,4,2,1,42.6,0
16.9,18.5,1,0,71.8,1,3,0,0,17.6,0
59.0,22.3,2,2,89.9,4,1,1,0,44.2,0
171.2,19.7,0,2,53.5,4,3,0,0,38.5,0
172.1,30.6,0,1,54.6,2,3,0,0,30.2,0
27.2,24.6,3,0,47.1,8,2,0,1,40.5,0
48.8,18.3,1,2,76.1,3,2,1,0,34.4,0
15.5,20.2,1,3,76.6,4,4,1,2,42.0,0
350.0,29.7,1,0,79.7,9,4,1,0,57.9,1
258.0,32.6,0,1,79.8,6,1,0,2,54.6,0
68.1,32.2,2,2,45.4,2,3,1,0,28.1,0
106.1,27.5,0,1,63.3,1,4,0,3,38.6,0
81.6,21.5,1,0,89.5,3,3,0,1,34.4,0
58.5,8.0,1,1,52.3,7,1,3,0,33.1,0
3.6,24.8,3,1,50.6,6,3,2,1,36.2,0
39.4,23.0,1,1,76.9,2,3,0,0,34.8,0
73.0,23.8,0,2,58.4,3,2,0,0,30.4,0
73.6,23.3,1,1,65.4,1,3,1,1,39.4,0
30.4,15.0,0,0,95.2,5,2,0,0,25.4,0
184.7,26.3,0,1,84.6,5,1,0,0,36.6,0
11.9,26.8,0,1,60.9,6,3,0,1,20.9,0
45.1,27.1,1,0,76.2,4,4,3,0,36.3,0
76.3,28.7,0,0,84.5,5,3,0,2,35.8,0
77.6,26.6,1,2,29.5,10,3,2,1,39.1,0
68.0,20.5,3,1,59.0,7,4,3,0,49.2,0
20.9,22.6,2,0,50.4,2,1,1,0,28.9,0
11.0,23.5,0,0,97.0,7,6,1,3,39.0,0
65.7,23.6,0,1,77.8,6,6,0,1,37.0,0
59.4,29.0,1,1,80.6,5,4,1,0,32.3,0
12.8,26.9,2,0,70.6,9,2,1,0,39.4,0
79.4,35.5,0,1,88.3,7,4,1,0,41.4,0
39.5,36.2,2,0,29.3,2,0,0,1,18.0,0
71.6,23.5,1,0,57.4,4,2,2,0,36.2,0
118.1,8.0,1,1,17.8,3,1,0,0,27.0,0
12.1,30.4,3,0,41.6,3,2,0,3,25.8,0
1.3,19.8,2,2,82.1,2,0,0,0,33.9,0
98.2,18.2,2,0,21.0,5,3,1,0,25.7,0
61.2,20.6,1,1,72.0,4,1,1,0,34.9,0
78.2,20.3,1,0,52.4,2,1,1,0,34.4,0
118.4,26.7,1,0,53.0,8,3,1,1,39.4,0
105.5,13.6,0,2,30.3,6,2,1,0,40.8,0
210.7,16.5,1,1,75.8,3,1,0,0,47.8,0
49.9,25.1,0,1,56.5,6,3,1,0,26.4,0
43.6,26.7,0,1,57.9,2,5,2,0,30.0,0
33.4,26.8,1,1,43.1,4,2,0,0,23.2,0
10.8,18.3,2,2,23.3,4,2,3,0,31.5,0
55.3,17.1,3,1,59.8,2,2,0,0,27.6,0
21.1,20.0,1,1,54.8,1,1,2,0,25.9,0
165.2,24.4,1,2,74.4,2,3,1,2,49.2,0
56.9,31.9,0,3,67.2,5,1,0,0,32.0,0
58.4,10.7,3,0,60.3,4,2,0,0,30.2,0
28.5,21.7,1,1,95.4,4,0,2,0,37.9,0
3.5,15.0,2,0,74.6,5,1,2,0,33.0,0
2.1,13.1,2,0,22.8,6,0,0,1,16.1,0
35.8,28.8,0,1,34.8,6,2,0,3,22.2,0
5.7,26.3,1,2,59.7,10,2,0,0,26.7,0
60.7,25.7,3,1,60.4,4,1,0,3,43.0,0
138.3,28.5,0,1,24.0,4,9,1,0,31.5,0
139.4,20.1,1,0,53.1,5,2,0,3,39.1,0
69.9,20.4,3,1,78.3,5,3,1,1,46.4,0
15.4,36.1,0,2,24.2,3,3,2,0,23.6,0
129.2,21.5,2,0,17.8,5,3,0,0,29.2,0
141.2,27.4,3,0,70.1,3,2,1,3,55.3,1
14.2,23.0,2,1,15.2,7,3,1,0,23.8,0
86.9,11.9,0,1,78.9,9,2,0,0,30.2,0
21.9,10.7,0,1,78.0,2,2,0,0,20.7,0
105.5,19.5,0,1,38.8,3,3,0,0,29.6,0
350.0,29.3,2,1,78.9,6,0,2,0,66.5,1
2.0,27.7,2,0,82.2,3,3,1,1,41.3,0
148.0,28.5,1,2,51.1,6,2,2,2,56.4,1
63.3,17.1,1,0,51.5,2,1,1,0,23.0,0
235.7,32.7,0,0,65.2,9,4,1,1,51.8,0
40.7,17.2,2,1,88.6,3,3,0,1,41.0,0
122.2,24.3,2,2,36.9,3,2,0,0,38.2,0
4.2,22.9,3,2,33.2,6,3,2,0,37.0,0
26.5,22.0,2,1,90.1,3,3,0,1,33.8,0
4.5,31.0,2,0,22.8,3,3,0,0,22.8,0
240.7,18.8,2,0,31.1,4,2,1,0,51.6,0
110.4,14.9,1,0,19.2,2,3,0,0,20.4,0
124.4,23.1,1,2,68.7,3,5,0,0,37.8,0
180.7,20.6,3,2,65.2,3,3,2,0,50.3,0
5.8,38.0,1,3,37.4,4,2,0,0,24.3,0
31.7,27.1,1,0,81.4,3,3,0,0,26.4,0
4.8,20.5,0,1,46.7,9,1,1,0,14.7,0
15.4,16.7,0,1,74.9,5,1,2,0,28.8,0
16.9,11.7,1,1,62.9,3,4,0,2,27.6,0
41.2,16.8,0,1,89.7,4,3,0,2,35.8,0
20.3,23.7,0,2,76.4,5,6,0,0,26.8,0
6.9,31.6,1,0,81.4,2,2,2,3,35.1,0
11.9,29.7,0,0,34.7,4,6,0,0,15.8,0
10.4,24.4,2,0,69.5,3,4,2,2,38.4,0
235.0,21.1,1,0,28.9,4,2,1,0,34.1,0
92.6,24.6,1,0,29.7,4,2,0,0,27.2,0
223.2,19.9,0,0,33.7,4,3,1,0,35.2,0
37.7,33.3,0,0,73.6,4,3,0,0,26.2,0
21.2,21.9,1,1,90.7,5,6,0,0,35.3,0
104.1,22.5,2,2,91.4,3,1,0,0,35.8,0
25.7,9.7,2,2,55.8,2,3,2,1,41.5,0
23.1,21.8,0,0,81.8,8,2,1,1,27.7,0
17.2,28.0,1,0,42.9,4,1,3,0,25.7,0
9.0,16.6,0,0,34.8,4,2,2,0,26.6,0
19.3,18.5,3,3,77.1,6,1,0,0,41.2,0
28.5,27.8,3,1,69.3,3,5,3,2,51.8,0
72.9,14.1,1,0,91.6,7,3,1,2,41.8,0
4.2,29.3,1,2,19.7,3,4,3,1,38.5,0
15.4,19.8,2,0,81.4,4,2,0,0,29.1,0
107.6,20.7,2,2,42.5,4,2,0,3,47.3,0
10.3,16.3,1,0,64.4,2,3,0,1,25.6,0
27.3,25.3,3,0,52.6,5,3,0,0,30.5,0
130.0,37.8,1,1,66.5,3,5,1,1,48.7,0
10.9,27.7,1,2,68.3,6,3,2,1,38.6,0
5.6,17.8,2,2,68.5,7,2,2,1,40.4,0
43.1,29.8,1,1,45.8,9,1,2,0,32.4,0
23.4,21.1,2,0,21.0,3,4,0,0,14.9,0
53.9,31.2,0,1,75.4,4,1,0,0,26.9,0
105.9,27.8,1,3,54.5,6,1,0,2,41.2,0
9.6,8.0,0,1,28.2,7,4,0,1,15.8,0
56.5,17.0,1,2,34.6,3,3,0,1,29.3,0
45.8,28.7,1,1,45.9,6,5,2,1,33.8,0
10.1,23.9,3,1,59.4,2,3,0,0,27.5,0
63.6,16.9,1,1,20.6,2,2,2,0,30.7,0
20.8,19.2,2,1,70.8,5,3,1,0,37.8,0
43.5,11.6,0,2,28.2,3,4,1,2,31.6,0
5.6,22.5,2,1,6.6,3,4,2,1,31.6,0
40.0,36.3,1,1,28.6,5,2,3,0,32.4,0
23.8,27.8,1,0,29.3,5,4,0,1,14.3,0
112.3,36.1,0,0,32.6,6,1,2,2,36.5,0
3.8,28.3,1,3,30.4,8,0,0,1,21.1,0
35.3,29.2,1,0,37.4,6,1,0,0,15.8,0
39.9,34.8,1,2,73.9,6,3,2,0,41.4,0
83.9,25.3,3,1,82.8,6,2,3,0,57.2,1
55.5,21.9,2,2,47.6,4,2,0,0,32.9,0
71.5,29.2,3,3,63.4,6,2,0,2,47.4,0
97.6,31.7,1,1,65.3,5,4,2,0,45.0,0
128.8,20.1,3,2,59.9,8,2,2,0,53.7,0
24.5,18.7,2,0,50.0,5,2,0,0,25.7,0
50.2,23.8,0,1,42.9,4,3,3,2,31.5,0
119.2,28.0,1,2,85.0,3,4,2,1,46.7,0
295.9,27.8,0,0,50.1,4,2,0,0,41.6,0
143.2,14.5,0,1,50.3,6,0,0,0,24.7,0
30.2,34.5,0,2,75.3,7,1,0,1,34.0,0
14.1,19.2,0,2,44.8,8,3,1,0,18.0,0
43.7,21.4,2,0,31.4,9,2,1,3,32.0,0
88.0,17.6,1,1,73.1,8,1,2,0,33.1,0
44.1,38.0,0,0,61.2,3,3,1,0,25.5,0
42.9,24.5,2,1,46.8,4,1,0,2,29.1,0
118.4,17.9,2,1,63.1,3,3,2,2,57.4,1
29.2,28.2,3,1,79.0,6,3,0,0,39.5,0
127.7,27.6,1,1,59.7,7,2,1,2,42.8,0
33.9,21.9,1,0,60.7,6,2,0,0,24.4,0
25.9,28.0,0,0,81.3,4,4,0,0,25.9,0
39.3,18.0,0,0,81.7,2,3,0,1,29.7,0
93.4,20.0,0,1,38.7,12,0,0,2,32.6,0
8.8,10.9,1,2,20.0,2,1,0,0,13.6,0
14.2,15.1,3,0,64.5,6,0,0,0,24.8,0
196.6,33.8,0,0,51.9,5,4,0,1,39.8,0
12.5,32.8,0,1,65.8,4,2,0,1,29.6,0
54.5,23.4,0,1,75.7,5,3,3,3,50.6,0
56.3,33.0,2,0,73.3,4,4,0,0,41.2,0
43.7,22.0,1,0,27.4,5,2,0,0,23.9,0
67.3,21.5,1,0,78.9,3,4,2,1,36.2,0
17.0,23.3,0,0,55.8,2,1,0,1,17.0,0
52.3,22.3,1,0,48.2,3,1,2,3,35.0,0
30.3,21.7,0,0,30.0,1,1,0,0,10.8,0
70.4,29.9,1,1,46.7,10,0,0,0,26.7,0
9.9,23.9,0,1,55.0,2,2,0,1,24.0,0
55.0,27.3,2,0,14.8,5,2,2,1,22.6,0
13.3,29.2,1,1,78.8,7,4,0,0,32.9,0
21.2,25.3,2,1,79.9,5,2,0,1,37.1,0
16.0,17.2,1,3,62.8,3,1,0,0,29.5,0
13.1,14.9,1,0,44.1,10,3,2,0,24.6,0
113.6,23.9,0,1,68.8,7,0,0,0,32.1,0
21.9,22.0,1,1,58.6,3,1,3,1,32.8,0
170.2,23.5,1,0,88.2,1,4,0,2,49.4,0
227.8,22.9,1,2,71.3,2,1,0,0,46.7,0
55.0,38.0,2,1,37.1,3,3,0,0,24.2,0
10.0,15.0,2,1,75.0,3,4,0,2,30.0,0
30.5,11.1,2,0,28.9,3,3,0,0,24.2,0
103.9,25.0,0,0,96.0,7,4,3,0,43.9,0
29.8,20.7,1,1,17.2,5,1,1,0,17.8,0
5.9,24.9,0,0,81.6,8,3,0,0,24.3,0
52.9,26.5,1,1,17.4,5,3,0,1,17.4,0
121.2,30.7,1,0,73.0,6,5,1,1,46.1,0
103.3,14.0,0,1,68.9,6,4,0,0,33.5,0
12.5,19.7,2,1,38.7,7,6,2,0,28.9,0
72.6,25.6,1,0,34.1,1,2,2,0,24.5,0
16.2,27.6,1,1,50.8,6,1,0,0,24.8,0
16.0,36.2,0,1,51.0,3,1,2,3,35.5,0
134.7,28.7,1,0,70.8,7,5,1,0,45.9,0
18.7,22.7,3,0,16.9,6,2,2,0,24.8,0
19.9,17.7,1,0,77.0,3,4,0,0,24.1,0
0.0,19.6,3,0,41.6,2,6,0,1,25.1,0
132.9,19.4,0,3,29.3,5,3,0,3,41.7,0
102.3,26.9,1,1,27.4,6,0,1,0,22.3,0
64.2,24.5,2,0,69.0,2,1,3,0,46.8,0
90.2,15.1,1,0,17.9,4,1,2,0,25.3,0
10.7,20.4,0,0,98.8,6,2,2,1,32.9,0
39.9,28.3,1,1,88.7,8,0,1,0,32.0,0
28.1,25.1,1,0,58.5,4,2,0,0,19.0,0
6.4,26.4,2,1,23.4,3,1,0,1,20.2,0
43.3,25.3,2,0,37.4,7,2,0,0,20.4,0
164.8,32.8,2,2,83.6,2,1,2,1,60.8,1
2.7,24.4,1,0,57.6,4,1,0,0,21.4,0
22.4,20.7,0,1,82.7,1,5,0,2,32.6,0
15.1,17.5,1,1,80.6,5,2,0,0,31.0,0
17.7,24.5,2,1,70.1,6,3,1,1,33.6,0
155.4,8.4,3,2,11.1,11,7,0,0,40.5,0
41.0,21.9,0,1,49.6,2,2,1,1,26.9,0
40.8,21.8,1,1,38.7,3,5,1,1,29.6,0
92.9,14.8,0,1,62.5,7,1,3,1,40.3,0
10.9,17.4,0,3,60.6,4,4,3,0,31.3,0
43.4,27.9,1,1,39.8,5,1,0,0,21.4,0
36.5,24.4,1,2,34.1,6,2,2,0,25.2,0
59.1,23.6,0,0,78.9,0,1,0,0,27.0,0
350.0,24.8,2,1,48.6,6,5,0,2,67.1,1
95.4,23.6,2,2,74.5,4,4,0,1,50.7,0
33.0,30.5,3,0,90.3,5,1,1,2,45.3,0
114.2,23.7,0,3,74.9,5,2,0,0,34.0,0
12.2,14.3,1,0,39.9,3,3,0,0,20.3,0
2.0,32.8,1,2,85.0,2,6,0,1,30.6,0
14.9,25.2,0,1,55.3,5,2,0,2,22.6,0
27.0,19.5,1,0,30.7,1,4,1,3,27.8,0
46.4,15.5,2,2,63.4,5,3,0,0,25.5,0
62.1,25.4,0,0,91.8,4,3,0,1,37.4,0
157.0,22.3,3,0,62.1,2,0,0,1,45.6,0
46.3,32.4,2,0,79.0,6,2,0,2,32.0,0
45.2,20.9,2,1,68.2,4,3,0,1,36.7,0
3.4,18.0,2,3,81.8,8,3,0,0,32.8,0
2.3,28.4,1,0,55.7,3,3,2,1,29.9,0
52.1,28.6,2,1,48.2,8,1,3,0,35.1,0
37.5,24.0,1,0,31.4,5,0,1,3,27.2,0
118.8,27.1,2,1,56.7,1,4,2,0,46.1,0
11.4,22.8,0,0,53.5,1,3,0,0,16.2,0
1.6,24.4,0,0,89.2,5,1,1,1,25.3,0
38.7,30.0,1,0,75.6,5,2,2,0,30.6,0
17.6,26.8,0,1,81.4,8,2,1,1,29.8,0
3.3,22.0,1,2,46.2,5,7,1,0,34.2,0
83.8,31.1,1,1,77.7,3,3,0,3,44.1,0
7.7,8.8,2,0,79.3,4,3,0,1,34.6,0
60.9,35.3,1,1,42.4,4,0,0,1,24.7,0
21.4,12.8,1,2,60.6,3,1,0,1,31.6,0
12.4,19.2,0,0,63.8,4,2,0,0,23.2,0
31.0,22.8,1,0,44.8,5,2,3,0,24.2,0
105.1,22.1,1,0,47.2,5,2,0,0,23.3,0
32.4,29.0,2,1,43.6,6,2,0,1,33.2,0
90.3,16.7,0,1,62.1,4,1,2,1,42.3,0
8.7,24.6,0,1,59.3,5,1,1,2,21.9,0
96.3,19.5,1,0,82.0,4,3,1,1,34.9,0
17.6,24.8,1,0,47.3,2,1,3,0,23.8,0
73.5,22.6,1,3,61.9,3,4,1,2,42.4,0
54.2,23.6,2,0,90.5,5,5,2,1,48.1,0
172.1,19.7,0,2,62.7,3,5,0,0,43.5,0
31.8,19.9,1,1,6.5,6,2,2,2,26.0,0
4.4,24.7,1,0,63.3,3,2,0,2,32.3,0
1.3,28.7,0,1,55.7,5,4,0,1,21.7,0
114.0,19.4,2,3,51.1,2,2,2,2,48.5,0
48.4,17.8,1,1,55.5,2,2,3,0,31.1,0
97.0,26.7,1,2,73.1,9,2,1,2,44.8,0
17.4,22.8,2,0,89.5,4,2,2,2,43.7,0
27.5,28.0,0,1,63.8,5,2,0,1,23.6,0
2.0,17.6,2,2,69.3,5,4,1,1,36.8,0
211.7,12.3,1,2,36.2,4,1,0,0,38.1,0
71.6,19.8,1,1,56.3,7,3,0,0,26.8,0
175.9,18.4,2,1,49.4,3,5,1,2,53.3,0
20.1,22.5,2,0,73.2,5,2,1,0,39.5,0
61.4,19.2,1,0,55.5,5,4,0,0,25.6,0
73.8,27.4,2,0,85.4,7,2,0,1,40.9,0
24.8,21.3,1,0,55.8,4,3,0,0,20.0,0
122.5,23.9,1,0,67.9,4,1,0,1,41.6,0
191.1,23.9,0,0,27.7,3,1,1,3,35.7,0
140.5,24.2,0,3,71.0,5,4,1,0,42.6,0
87.3,22.9,2,1,54.6,8,3,0,0,29.2,0
21.1,26.1,0,1,37.1,3,5,0,1,13.0,0
21.5,18.2,0,3,12.9,2,5,3,1,29.2,0
214.9,31.4,2,0,69.5,6,3,0,3,54.1,0
0.7,21.6,0,1,20.7,7,6,0,0,16.8,0
81.8,15.1,0,1,25.8,2,1,1,0,22.7,0
79.6,24.1,1,0,66.6,10,2,3,2,46.6,0
63.4,17.9,1,1,30.7,2,4,1,1,31.4,0
300.0,27.0,2,0,62.8,3,1,2,1,64.3,1
24.3,36.3,1,0,83.5,4,5,1,2,39.7,0
27.0,18.3,1,0,75.6,4,3,0,0,23.8,0
5.3,25.0,2,2,88.0,7,1,0,0,30.8,0
38.0,12.5,1,1,30.4,3,2,1,2,26.8,0
19.7,25.7,1,1,63.4,4,4,0,0,24.7,0
27.3,17.7,2,1,76.2,1,1,0,1,33.0,0
116.9,19.3,1,0,39.8,5,2,0,0,31.3,0
178.2,16.4,1,1,76.0,3,3,1,1,48.0,0
13.4,27.4,0,1,79.6,6,4,0,0,26.2,0
30.3,29.0,1,0,55.4,5,2,2,0,36.3,0
171.6,23.1,0,1,74.6,3,4,1,0,44.0,0
4.1,17.8,1,0,61.6,2,2,0,0,21.4,0
6.3,32.5,2,0,34.4,4,5,0,0,28.4,0
11.5,18.5,1,2,16.0,5,1,1,0,18.1,0
58.8,10.0,0,1,64.0,5,4,2,0,35.9,0
10.6,25.8,2,1,81.0,5,3,2,0,35.4,0
223.9,16.4,0,1,41.2,7,1,0,0,34.8,0
38.5,28.9,2,0,15.6,3,4,3,1,31.2,0
45.3,20.7,1,1,52.3,6,1,0,0,26.1,0
18.4,26.6,0,1,48.8,8,1,0,2,31.2,0
41.4,31.4,3,1,70.9,6,2,0,0,33.4,0
70.5,15.7,0,3,47.0,5,3,0,2,37.8,0
90.4,19.6,3,3,93.5,6,2,1,0,57.4,1
91.1,22.5,0,1,29.6,3,2,1,0,24.6,0
56.1,32.2,0,2,78.2,2,2,0,1,32.3,0
152.6,19.0,0,1,61.9,5,5,0,1,42.1,0
110.5,19.4,0,1,91.5,2,0,1,1,38.4,0
92.0,25.9,2,0,78.3,4,5,0,0,37.4,0
3.7,19.5,1,1,79.7,3,3,1,0,34.4,0
0.4,23.9,2,2,57.3,5,4,2,0,35.9,0
15.5,13.7,0,2,90.4,5,3,2,0,36.1,0
70.8,36.3,1,2,61.7,3,4,1,0,32.4,0
34.4,14.9,1,0,24.7,4,6,0,2,24.7,0
33.5,21.1,1,0,79.1,4,5,0,3,31.7,0
140.4,22.8,1,0,37.1,3,2,0,0,29.0,0
146.8,34.5,1,0,59.0,3,7,3,2,48.1,0
155.9,15.1,0,1,93.8,5,5,0,1,39.0,0
24.5,34.9,2,0,33.7,4,2,3,0,24.7,0
76.3,27.5,2,1,25.3,3,2,2,1,37.2,0
20.6,25.5,1,1,75.2,2,1,2,0,27.9,0
13.7,17.1,0,0,30.4,1,5,1,1,18.3,0
13.3,26.4,0,0,79.8,8,3,0,0,20.3,0
27.2,18.7,1,2,17.4,4,1,0,2,24.2,0
36.5,30.6,0,0,21.2,7,1,0,1,6.7,0
115.5,17.2,0,0,61.7,13,2,0,1,32.5,0
8.3,22.3,2,2,48.6,3,0,0,2,27.9,0
86.3,19.7,1,3,33.5,4,2,1,1,38.6,0
49.3,17.1,1,1,48.5,5,1,0,0,26.0,0
22.1,27.4,0,0,49.4,5,1,0,1,8.8,0
44.1,26.2,3,0,66.6,7,1,1,2,46.3,0
23.2,30.3,0,3,83.6,2,3,2,2,45.8,0
58.9,12.3,2,2,26.9,2,3,1,0,32.7,0
37.0,29.4,3,1,37.8,8,1,1,0,26.9,0
11.7,38.0,2,0,63.6,7,1,0,1,29.8,0
8.1,20.3,3,0,38.1,4,4,1,3,39.8,0
51.4,34.4,1,0,71.9,5,3,0,0,26.8,0
151.3,21.4,0,1,31.3,4,5,1,1,39.8,0
27.4,14.8,0,0,64.4,5,2,0,0,26.0,0
85.8,21.2,0,3,35.3,2,5,1,2,35.4,0
69.9,29.3,0,0,44.6,2,2,0,1,17.6,0
174.3,18.0,1,1,33.0,4,5,0,0,35.8,0
111.8,19.4,0,0,57.2,0,8,0,2,38.1,0
54.3,26.6,2,1,43.8,8,2,1,0,32.4,0
69.6,23.0,1,0,35.2,7,1,0,0,17.4,0
148.6,26.5,1,2,85.9,4,4,0,1,53.3,0
33.2,24.4,3,1,65.4,3,0,1,0,34.3,0
25.7,25.9,0,0,61.4,8,4,0,1,26.5,0
0.7,20.4,2,2,25.0,2,1,0,1,24.6,0
113.9,24.4,2,1,39.9,4,3,0,1,35.9,0
104.9,17.4,0,2,65.2,6,1,3,0,43.6,0
7.2,30.7,1,2,70.4,1,3,0,0,33.7,0
55.9,19.2,1,2,18.4,2,3,2,1,34.6,0
40.5,29.8,2,0,42.9,4,0,1,0,18.8,0
8.2,21.6,1,0,53.4,3,4,0,0,19.8,0
256.2,24.2,1,3,52.4,3,1,2,0,53.0,0
15.7,20.0,2,1,59.3,2,4,0,0,33.2,0
4.5,16.9,0,0,38.9,1,2,1,2,19.2,0
58.7,12.5,2,2,54.7,4,2,1,0,35.5,0
87.3,16.7,2,0,89.7,5,2,1,1,38.3,0
2.1,21.1,2,1,52.3,3,3,0,0,37.2,0
69.9,24.3,2,2,64.2,5,2,0,1,39.2,0
49.4,29.1,1,2,59.1,4,1,2,3,41.8,0
7.1,20.3,3,0,47.4,3,1,0,0,18.1,0
12.3,17.7,1,1,59.2,5,4,1,0,29.0,0
54.6,14.3,1,1,63.9,4,4,0,0,29.6,0
22.8,25.9,0,1,60.1,6,1,0,2,25.4,0
181.1,31.3,3,0,32.7,2,1,0,0,32.7,0
111.0,30.6,2,1,59.2,6,6,0,0,34.5,0
267.1,27.3,2,1,21.1,4,1,0,0,50.3,0
19.5,26.8,0,1,46.4,5,4,2,2,26.5,0
227.3,33.2,2,2,74.7,8,3,2,1,67.3,1
36.7,25.0,2,1,63.4,8,1,0,1,31.8,0
27.8,26.9,1,0,83.3,1,4,0,0,31.7,0
3.4,21.1,0,1,45.3,7,4,3,3,36.7,0
3.5,14.8,1,2,63.0,3,2,1,0,28.3,0
76.5,18.9,0,0,60.3,5,0,0,0,21.9,0
39.8,22.9,1,1,30.7,2,1,0,0,15.0,0
16.7,23.4,0,0,60.4,5,3,1,1,19.7,0
61.9,34.6,0,0,41.4,6,1,1,0,19.7,0
18.9,23.5,0,2,43.1,7,1,2,0,19.0,0
56.0,30.1,0,2,9.0,6,2,2,0,14.2,0
28.9,20.4,0,1,60.3,3,2,3,0,30.8,0
112.8,21.1,3,1,91.1,4,4,1,1,54.0,0
111.7,15.0,1,2,56.4,5,3,0,0,39.6,0
42.2,18.5,1,3,90.6,3,3,0,0,40.7,0
28.1,26.2,1,1,41.8,5,3,0,0,24.2,0
29.3,23.0,1,1,70.1,2,0,0,0,25.9,0
106.5,28.7,3,1,78.3,1,2,1,0,43.1,0
25.9,24.1,0,0,74.2,3,2,0,0,22.3,0
15.2,20.9,0,1,23.0,3,2,2,2,21.0,0
5.8,35.9,3,2,62.1,4,3,0,0,36.3,0
40.9,22.4,1,2,68.4,9,3,0,0,43.3,0
42.8,30.0,0,2,75.3,9,2,1,0,22.6,0
119.5,20.6,0,0,26.3,7,2,3,0,34.4,0
16.3,27.3,0,1,55.6,5,2,1,2,27.6,0
31.2,28.6,3,0,37.5,5,1,0,1,25.4,0
107.4,24.3,0,0,46.5,3,3,0,1,29.7,0
112.8,8.9,3,2,61.4,4,6,2,1,51.8,0
31.6,23.1,3,1,90.1,2,5,2,0,56.0,1
39.9,30.4,1,2,38.6,4,2,0,0,27.9,0
23.5,26.2,0,0,71.5,2,1,0,1,18.7,0
175.3,25.7,0,1,73.3,5,0,1,0,31.7,0
8.2,12.7,1,1,70.8,5,1,1,0,24.7,0
176.4,18.7,1,0,3.3,3,1,0,3,38.0,0
74.9,25.5,1,0,58.2,6,2,1,1,40.7,0
49.3,25.5,1,0,20.7,5,4,1,1,23.7,0
2.2,30.3,3,1,96.6,6,1,0,0,39.6,0
42.0,22.1,1,3,77.5,5,4,0,0,34.7,0
34.0,25.4,1,2,83.3,3,4,0,1,35.2,0
11.4,23.1,2,3,65.6,5,1,1,0,31.7,0
69.4,17.1,0,2,33.0,5,0,0,0,25.4,0
230.5,9.5,0,2,31.6,4,3,0,2,40.8,0
53.7,25.6,0,1,28.9,4,2,2,0,25.0,0
81.5,24.0,0,1,89.6,5,2,0,0,32.7,0
4.6,19.3,1,1,39.2,2,2,1,0,31.1,0
35.1,13.3,0,2,48.4,3,2,1,0,24.3,0
8.0,26.8,1,0,45.4,5,2,0,1,18.1,0
61.7,21.4,3,0,38.5,4,3,0,0,27.2,0
181.2,26.3,0,3,65.5,4,3,1,0,49.5,0
70.5,34.2,1,0,76.9,5,7,0,0,43.1,0
5.2,10.2,0,3,49.0,8,2,0,0,29.1,0
28.5,18.8,0,1,53.0,3,4,2,2,30.8,0
52.0,21.7,1,0,11.7,3,3,0,1,21.4,0
33.6,31.7,3,1,52.9,4,1,0,0,26.4,0
116.6,13.2,1,2,68.2,8,2,0,0,38.4,0
109.6,34.6,0,0,89.4,7,0,1,1,31.6,0
61.5,23.8,1,2,71.7,3,4,0,0,34.3,0
30.4,22.4,0,2,86.0,5,1,0,0,23.5,0
19.2,21.8,0,0,70.2,3,0,1,0,20.0,0
7.3,20.4,1,0,87.2,5,2,1,2,39.7,0
28.5,29.3,0,0,78.7,5,4,0,0,20.8,0
34.6,16.6,1,0,59.1,4,5,1,2,32.6,0
73.2,25.1,1,0,68.9,6,2,0,0,32.9,0
69.8,20.7,1,1,52.5,5,5,0,0,28.9,0
4.7,18.4,0,0,21.0,7,2,0,1,6.8,0
32.7,38.0,3,2,67.4,2,3,2,0,42.1,0
13.0,25.5,1,0,22.5,6,2,1,0,17.2,0
11.1,26.7,2,1,54.2,4,4,3,0,40.0,0
114.2,29.8,0,1,51.6,4,1,0,0,19.2,0
2.8,14.5,1,2,78.3,2,2,2,2,41.5,0
35.3,33.5,1,1,34.5,5,1,1,0,23.5,0
12.0,8.0,0,0,45.1,4,2,2,0,11.8,0
137.5,18.4,0,2,47.4,5,4,1,1,38.4,0
52.9,20.2,1,0,62.6,3,1,0,0,24.2,0
17.1,26.5,2,0,46.6,2,3,0,2,24.5,0
45.4,24.3,1,1,26.6,3,4,2,0,23.6,0
85.5,22.0,0,2,86.8,2,1,1,0,35.3,0
206.2,22.9,1,0,66.2,7,3,0,0,43.0,0
16.2,17.1,2,1,59.4,4,3,0,0,19.6,0
141.3,14.0,2,1,42.5,4,2,1,0,36.8,0
177.0,27.4,0,2,57.0,5,0,1,0,35.5,0
161.3,27.2,2,0,55.1,4,3,0,0,34.1,0
65.6,32.5,0,0,37.2,5,2,2,1,30.4,0
64.6,18.3,1,1,59.9,6,2,1,2,41.1,0
33.6,27.2,1,0,74.6,4,2,1,1,25.7,0
90.7,21.3,2,1,94.2,4,4,0,0,42.8,0
49.3,30.1,3,1,84.0,4,3,3,0,52.1,0
73.5,29.1,3,2,27.6,2,4,0,3,46.1,0
36.4,24.3,0,2,24.5,3,2,1,2,28.3,0
85.5,21.0,3,2,66.8,4,2,3,0,50.4,0
113.1,28.8,0,1,91.4,4,0,1,1,39.5,0
10.3,26.9,0,3,44.5,4,4,1,0,29.9,0
116.3,18.9,1,0,53.2,4,3,2,0,35.6,0
50.5,15.0,1,1,51.1,5,2,0,2,26.9,0
121.0,21.3,1,1,15.8,5,2,0,0,29.7,0
36.7,32.1,1,2,78.7,4,0,2,0,31.8,0
31.0,29.9,3,1,82.9,7,1,1,0,33.7,0
160.3,16.3,0,2,31.8,3,3,3,0,42.2,0
18.8,16.0,0,3,42.2,3,3,0,0,24.2,0
120.9,30.6,3,1,66.2,10,2,0,2,55.1,1
43.0,16.2,0,2,91.1,9,1,1,0,37.1,0
46.9,26.1,1,0,65.9,6,5,0,1,34.6,0
24.0,19.3,1,0,23.7,5,4,0,0,12.3,0
55.3,32.7,1,3,76.5,1,4,2,0,44.3,0
25.6,18.4,1,1,26.7,4,2,2,0,26.5,0
2.6,29.9,0,1,40.1,6,6,1,0,19.4,0
20.6,24.1,2,0,74.1,5,3,0,0,29.5,0
0.4,24.5,0,0,20.8,7,4,1,0,18.4,0
249.1,11.2,1,0,70.0,6,2,0,1,53.0,0
219.3,9.8,0,1,41.9,4,3,0,0,41.7,0
32.7,21.7,1,0,51.1,4,3,1,0,23.0,0
84.7,24.5,1,0,51.4,5,2,0,0,32.5,0
27.6,16.2,3,1,44.4,3,2,0,0,26.8,0
72.3,16.5,2,1,28.7,6,1,0,1,23.1,0
106.4,26.4,1,0,64.8,5,2,1,0,34.0,0
190.6,26.4,3,1,60.3,5,5,0,2,57.0,1
33.2,22.2,1,2,77.0,6,0,1,0,29.2,0
99.4,27.7,1,1,27.8,8,4,1,0,33.3,0
20.1,16.0,1,2,88.1,3,3,0,0,42.0,0
301.5,20.9,1,2,82.9,7,1,2,2,72.6,1
1.7,32.9,2,0,22.1,3,0,0,0,17.0,0
60.1,23.4,0,0,46.4,5,1,0,0,20.8,0
70.0,23.8,1,1,46.9,4,1,0,1,25.3,0
75.7,36.8,2,1,23.5,6,5,2,0,32.0,0
8.3,14.6,3,1,59.3,3,0,0,0,27.4,0
181.3,27.8,2,0,60.5,5,2,1,3,53.2,0
13.0,33.0,1,1,27.9,3,2,0,0,21.4,0
63.4,21.1,1,0,52.5,3,3,0,0,21.8,0
16.4,28.2,1,3,96.6,2,2,2,1,44.1,0
23.9,17.1,1,0,32.8,6,1,2,0,22.5,0
51.4,18.9,3,2,67.5,5,3,0,0,38.7,0
35.1,25.3,3,0,70.0,5,4,2,1,46.6,0
11.4,27.8,2,0,68.7,6,5,0,2,36.1,0
12.2,29.7,0,0,7.9,8,0,0,1,13.5,0
35.2,32.4,2,3,83.0,4,2,0,0,39.0,0
92.0,22.6,3,0,66.8,3,4,1,0,35.1,0
148.4,30.2,1,1,15.4,4,0,0,0,21.5,0
5.7,20.9,1,2,22.4,1,3,1,0,18.3,0
32.5,28.4,2,1,56.7,8,2,0,2,24.9,0
6.9,24.2,1,0,71.7,0,3,0,2,23.1,0
1.1,25.7,3,3,62.0,1,1,1,0,40.1,0
70.5,25.5,1,2,82.4,8,3,2,0,38.3,0
60.0,13.4,2,1,16.1,3,2,1,1,30.5,0
11.6,16.3,2,1,63.4,4,2,0,1,25.0,0
17.3,23.6,1,3,59.3,4,3,2,1,38.1,0
1.6,12.9,2,3,45.8,9,5,0,0,32.2,0
117.1,28.0,1,1,75.3,2,3,1,1,43.8,0
239.0,28.2,1,2,64.7,7,4,1,1,52.0,0
9.5,25.0,0,0,68.5,6,6,0,0,26.6,0
17.1,16.3,1,0,59.1,4,3,1,1,26.0,0
131.8,31.3,2,0,69.0,4,4,0,1,39.3,0
169.6,35.2,3,0,27.6,5,4,3,0,51.9,0
35.4,23.9,0,1,80.4,6,0,0,0,23.8,0
3.4,26.1,1,1,87.3,6,2,2,0,31.8,0
2.6,24.2,0,0,16.2,2,0,0,2,7.8,0
55.5,26.2,1,1,51.2,8,4,0,0,17.3,0
32.4,22.3,3,0,59.4,3,1,2,3,43.0,0
1.9,22.8,1,3,41.9,5,2,2,1,30.8,0
56.9,28.4,1,2,63.4,2,2,1,2,36.5,0
0.7,37.1,1,0,56.1,5,5,0,1,21.5,0
100.6,14.6,0,2,91.9,6,7,0,0,44.5,0
23.8,22.4,2,0,32.1,1,2,1,0,24.1,0
2.7,15.9,1,1,56.3,8,2,3,1,36.2,0
57.7,32.6,1,3,59.0,5,3,0,2,34.3,0
33.0,19.5,2,0,96.9,6,2,0,1,34.7,0
236.7,14.3,2,1,65.8,4,3,0,0,40.2,0
51.1,26.8,2,0,13.9,4,1,2,0,26.5,0
20.9,33.5,3,0,50.5,4,4,0,1,37.4,0
80.3,27.0,3,1,41.4,3,3,1,0,29.6,0
20.6,24.2,1,3,83.2,3,3,2,0,44.3,0
152.5,25.5,0,1,45.3,6,1,2,0,40.9,0
30.5,31.5,1,3,81.2,6,2,0,2,35.9,0
51.9,17.8,2,2,62.3,4,1,2,1,52.5,0
3.4,22.3,0,0,76.0,3,1,2,0,20.4,0
36.1,20.3,0,1,53.2,6,7,2,0,30.3,0
116.1,16.0,0,1,54.0,4,1,1,1,32.0,0
106.5,21.0,2,1,79.3,4,3,1,0,46.5,0
16.5,29.6,1,0,49.7,6,2,2,1,25.5,0
16.7,26.4,1,3,70.2,6,1,1,1,33.7,0
110.5,26.9,0,2,45.2,2,1,0,0,21.0,0
173.2,23.9,2,1,51.2,1,6,0,2,50.0,0
6.5,26.1,0,1,26.1,2,2,1,1,22.2,0
38.9,18.2,0,0,23.1,5,3,1,1,18.3,0
26.8,21.1,1,1,10.6,1,1,1,0,18.5,0
133.0,24.2,1,3,52.3,5,2,3,1,49.6,0
5.7,24.7,1,2,50.0,2,3,0,1,31.6,0
15.4,24.9,1,0,29.1,6,2,3,2,30.9,0
90.8,22.2,0,1,85.8,7,2,0,0,28.6,0
3.4,20.7,2,1,20.4,5,1,1,1,23.7,0
44.1,38.0,0,0,49.7,3,4,3,1,31.1,0
37.9,28.4,0,0,71.4,6,2,0,1,23.7,0
26.5,25.5,2,1,68.5,5,2,3,1,44.5,0
32.6,21.6,2,1,36.7,5,4,2,0,27.0,0
49.1,20.3,0,0,18.7,4,5,2,1,23.5,0
11.4,22.2,0,0,90.9,2,6,1,0,33.6,0
55.2,24.8,2,0,40.1,5,5,0,0,33.4,0
106.4,11.7,2,0,17.7,6,5,0,0,26.2,0
92.8,13.6,0,1,87.0,1,1,0,0,23.8,0
10.9,19.2,1,0,89.8,4,3,1,0,36.7,0
10.5,24.2,0,0,84.2,8,2,1,0,22.2,0
20.3,21.6,1,2,43.3,4,1,0,0,19.9,0
29.1,31.9,0,0,78.8,1,4,0,0,19.7,0
34.1,14.1,1,1,94.1,3,1,1,0,33.5,0
74.0,18.5,0,3,71.0,8,4,2,1,42.1,0
3.8,32.1,1,1,63.6,4,5,0,1,31.7,0
2.3,23.8,1,1,70.0,2,3,2,2,39.0,0
32.3,28.3,1,1,89.6,5,1,2,2,36.9,0
77.6,35.3,0,0,55.5,5,3,1,2,26.0,0
14.0,18.8,1,1,73.3,4,4,0,2,28.4,0
66.7,22.4,2,1,77.0,7,2,0,2,39.4,0
19.6,21.4,1,0,74.4,5,3,2,0,34.4,0
141.2,11.3,2,1,15.9,3,0,1,0,33.2,0
146.9,21.1,1,2,88.6,6,1,1,1,56.3,1
22.9,28.3,1,0,69.9,3,1,2,2,31.6,0
17.0,26.2,1,1,54.4,4,1,0,0,16.8,0
34.4,26.7,3,1,34.1,1,2,0,2,32.1,0
17.9,20.7,0,2,76.6,1,1,0,0,16.1,0
72.5,19.1,0,2,65.1,4,3,0,0,29.6,0
113.7,30.6,1,2,51.5,2,1,3,1,42.3,0
72.7,20.0,3,0,43.8,7,2,0,1,42.7,0
113.1,24.8,3,0,83.1,3,4,2,2,56.0,1
32.9,24.0,1,0,77.3,6,4,1,1,42.7,0
11.0,31.8,1,1,63.9,3,3,0,0,25.9,0
87.0,28.8,1,1,57.5,6,3,1,2,43.1,0
29.1,15.2,1,3,69.0,7,1,1,2,41.3,0
72.3,15.9,1,1,29.1,6,2,0,2,22.5,0
20.5,26.5,2,1,69.2,2,3,0,1,38.0,0
5.5,22.6,2,1,57.8,3,6,0,2,37.9,0
318.7,20.3,1,0,62.8,4,3,0,0,53.0,0
11.0,29.1,1,1,73.7,11,1,1,1,27.1,0
289.8,24.1,1,1,60.3,4,3,0,0,44.9,0
246.0,23.3,1,3,33.4,5,2,0,0,44.8,0
102.6,27.7,1,0,44.4,1,5,3,2,47.3,0
70.0,20.7,0,3,58.2,8,2,1,1,36.5,0
56.0,32.4,0,1,76.3,5,2,0,2,33.4,0
130.7,18.3,1,0,85.3,6,2,1,1,50.1,0
22.2,26.9,2,0,42.2,4,2,2,0,32.1,0
41.0,31.6,0,0,85.3,4,3,0,2,33.5,0
62.8,14.7,1,1,87.2,5,0,2,0,41.1,0
34.4,20.9,0,0,34.5,4,2,0,0,15.3,0
36.3,29.9,0,1,73.1,6,2,0,0,26.9,0
26.1,29.9,3,3,28.1,7,0,3,2,46.8,0
54.0,22.0,2,1,38.4,2,4,0,2,35.6,0
123.6,18.6,0,2,66.0,8,7,1,1,60.0,1
14.6,28.7,2,0,48.4,5,2,0,2,27.6,0
177.1,30.1,0,1,25.7,2,3,1,1,25.9,0
75.9,16.0,3,0,92.4,6,5,0,2,46.0,0
112.7,15.8,0,2,41.9,0,1,0,0,29.8,0
52.8,24.4,0,0,59.6,3,2,1,3,33.1,0
98.3,26.8,1,1,24.0,3,2,2,0,29.4,0
1.1,21.2,2,1,33.3,4,1,2,0,27.7,0
110.9,27.1,0,1,18.8,7,6,0,0,29.2,0
2.7,18.7,2,2,51.0,8,4,0,0,31.9,0
143.4,10.3,0,0,31.5,6,0,1,0,31.6,0
313.5,20.5,3,0,80.9,0,1,0,0,68.1,1
22.6,23.4,0,2,56.7,4,5,0,1,30.9,0
15.3,21.3,3,1,54.0,3,1,0,0,28.4,0
94.2,16.0,1,1,41.7,10,0,3,2,48.0,0
19.0,12.1,1,0,73.5,2,3,2,2,33.3,0
130.4,19.9,3,2,42.4,5,5,0,1,42.8,0
7.1,28.4,3,3,41.0,9,2,2,3,42.8,0
8.8,30.5,1,1,52.6,7,2,1,0,24.3,0
251.6,30.1,0,2,64.0,2,6,0,3,53.0,0
72.8,18.1,1,1,33.5,1,2,0,0,24.0,0
122.0,16.1,1,0,69.3,5,3,2,0,43.9,0
25.5,26.0,1,0,78.7,2,3,1,0,36.6,0
73.4,26.8,1,1,25.7,5,3,0,1,24.7,0
58.6,25.4,0,1,55.5,5,1,0,0,26.5,0
60.1,10.9,2,2,74.6,7,3,2,0,46.6,0
74.6,17.8,2,1,99.1,5,1,2,0,49.7,0
55.7,22.8,0,3,85.3,5,4,3,0,52.7,0
36.4,25.9,1,1,63.1,3,2,0,2,34.2,0
21.0,27.6,1,1,53.0,5,6,2,0,30.3,0
95.1,23.9,1,0,75.2,4,1,0,0,26.4,0
16.7,25.0,0,1,12.0,4,0,1,0,5.2,0
76.6,23.5,1,2,47.3,5,4,0,0,24.3,0
17.3,27.1,0,0,18.9,6,1,0,0,6.7,0
63.8,24.9,1,3,71.6,6,3,1,1,43.5,0
89.4,23.4,2,3,27.9,3,1,0,0,31.6,0
16.0,21.4,2,1,78.2,2,1,1,1,32.7,0
4.0,23.5,0,0,39.6,5,2,2,0,11.1,0
9.1,25.9,1,0,82.7,3,1,1,0,32.0,0
60.5,24.6,3,0,73.7,6,0,0,0,31.9,0
123.1,25.3,0,0,54.0,5,2,1,1,34.8,0
3.0,31.1,2,1,91.6,4,2,3,1,40.8,0
86.1,24.6,2,0,21.5,2,6,0,0,21.1,0
27.1,19.1,2,1,85.3,7,4,0,0,34.5,0
42.3,28.3,0,0,37.6,2,5,3,0,29.6,0
171.8,14.8,0,0,12.4,4,2,3,1,28.8,0
26.2,16.5,3,1,62.1,2,2,1,0,34.1,0
40.7,25.0,1,3,65.8,6,4,0,2,39.0,0
0.9,26.1,0,1,50.4,8,2,2,0,22.0,0
5.5,15.5,1,1,78.6,4,1,1,0,23.2,0
19.4,20.7,0,2,74.6,9,1,1,0,28.2,0
1.8,19.4,2,1,76.0,2,1,3,2,39.9,0
64.9,20.1,1,2,74.0,5,3,0,2,34.1,0
36.1,28.7,2,0,23.7,8,2,0,2,30.9,0
51.6,27.2,2,2,67.9,5,5,1,1,47.9,0
12.5,22.9,0,0,58.8,7,2,0,0,14.7,0
22.8,19.7,1,3,54.8,7,3,2,1,36.4,0
70.9,14.9,2,0,63.1,9,2,2,0,38.8,0
218.5,31.5,1,2,77.7,8,2,0,0,54.0,0
3.4,26.6,3,3,66.2,1,1,0,0,39.2,0
143.7,18.8,2,0,49.5,3,2,0,0,29.4,0
55.9,27.3,0,3,85.1,4,2,2,2,48.7,0
53.9,22.6,2,0,88.3,5,3,0,1,38.8,0
45.1,21.3,0,0,47.2,5,1,0,0,15.9,0
4.7,25.6,0,1,49.5,2,4,1,1,18.5,0
6.1,18.6,2,3,66.0,3,0,1,1,35.1,0
59.7,20.9,2,1,40.1,5,1,0,0,26.4,0
27.1,23.7,1,1,56.1,3,3,1,0,26.2,0
162.0,20.0,0,1,55.6,6,2,2,0,39.5,0
33.9,27.0,1,3,88.2,6,2,0,0,40.2,0
10.1,34.2,0,2,41.7,7,3,0,3,28.5,0
81.5,18.5,0,0,60.8,10,4,1,2,40.0,0
22.6,13.0,0,0,59.4,1,0,3,0,18.7,0
48.5,11.0,1,0,38.2,6,1,0,0,18.0,0
77.8,22.1,3,1,41.5,6,3,1,0,36.7,0
149.8,19.0,0,0,75.9,7,2,0,1,39.3,0
102.1,24.2,0,0,82.6,9,0,1,0,33.9,0
73.3,23.8,2,2,29.0,3,1,0,2,36.1,0
74.0,13.4,2,0,42.3,3,3,2,1,43.6,0
189.6,12.1,3,1,82.5,4,3,0,0,55.0,0
22.8,24.8,0,0,59.6,6,3,0,2,24.3,0
0.1,23.8,0,0,44.6,6,3,1,0,16.1,0
20.6,20.4,1,0,24.1,3,3,0,0,7.9,0
16.0,13.1,1,1,42.7,6,2,2,1,24.7,0
70.5,25.8,1,2,30.0,1,2,0,0,17.5,0
65.3,30.6,1,0,81.4,8,1,2,1,37.5,0
58.5,24.7,0,0,58.8,6,3,3,0,31.0,0
1.1,17.9,1,2,62.8,5,3,0,0,32.8,0
84.8,23.3,1,2,77.6,4,0,2,2,46.3,0
25.4,14.8,1,2,73.4,3,3,0,2,35.8,0
71.1,29.3,1,3,81.4,9,3,1,2,45.9,0
52.9,23.5,1,2,45.5,5,2,0,0,26.1,0
27.3,12.4,0,1,74.1,4,3,0,1,18.0,0
9.4,21.2,0,2,72.7,4,1,0,2,30.3,0
6.4,25.8,1,1,46.0,4,4,0,3,27.8,0
115.8,21.0,0,0,44.8,3,2,3,0,28.6,0
162.9,21.3,1,0,9.6,4,1,2,0,30.5,0
68.2,15.7,2,0,74.5,2,3,0,0,36.0,0
7.1,26.4,1,0,70.3,0,2,1,2,32.5,0
33.4,19.1,0,0,71.7,4,5,1,0,34.5,0
84.9,10.1,3,0,62.5,4,3,2,1,46.1,0
98.4,20.8,0,2,67.2,5,4,0,0,29.0,0
8.2,28.9,0,3,30.3,5,2,1,1,24.9,0
0.0,20.7,1,1,66.3,6,2,0,0,27.4,0
80.9,33.4,2,2,61.4,5,2,1,2,47.3,0
28.7,25.6,0,0,49.5,6,6,1,1,27.2,0
19.1,25.0,1,2,41.9,4,2,1,0,28.5,0
0.8,22.2,1,1,52.4,3,2,1,2,27.1,0
50.5,22.6,0,0,61.9,6,5,0,0,24.6,0
123.8,21.4,0,0,69.7,5,2,0,1,33.7,0
205.5,21.2,2,0,56.9,3,2,0,2,37.6,0
54.2,26.2,1,0,48.1,4,2,1,2,28.3,0
47.0,17.4,0,0,51.6,4,1,3,0,22.2,0
5.8,16.5,0,0,73.2,2,3,0,0,13.3,0
51.7,16.3,1,0,90.9,6,2,0,0,25.6,0
31.1,35.3,2,0,35.8,0,4,0,0,22.7,0
60.7,26.2,0,3,27.1,6,3,0,0,25.6,0
32.0,24.8,1,0,46.8,2,3,1,0,19.0,0
17.9,16.7,0,0,83.3,7,3,1,2,28.0,0
6.5,26.7,0,1,79.4,3,4,0,0,25.4,0
24.6,22.3,0,2,41.9,7,2,1,1,29.7,0
6.6,24.3,2,0,92.2,3,5,1,2,43.3,0
12.7,17.1,1,2,62.8,3,4,0,3,39.3,0
284.0,24.0,2,0,24.0,7,3,0,2,51.0,0
38.2,20.5,2,0,24.0,4,4,2,0,31.7,0
49.3,18.4,2,0,37.0,9,1,2,0,29.6,0
134.4,27.4,0,1,58.0,2,5,2,0,41.1,0
350.0,13.8,0,0,53.5,3,2,2,1,53.4,0
56.8,26.4,3,1,45.1,7,3,0,0,40.0,0
108.8,27.1,2,0,19.7,4,2,2,0,39.6,0
25.7,17.7,2,1,62.3,3,1,1,1,34.1,0
23.7,18.1,0,0,93.6,4,3,3,0,42.0,0
33.5,21.7,1,1,71.4,1,4,0,0,30.1,0
72.6,24.7,2,1,72.5,5,3,0,0,36.3,0
74.5,22.1,0,1,75.0,5,1,0,1,28.2,0
24.6,25.6,1,0,57.6,5,3,0,1,32.7,0
9.3,33.6,1,2,85.3,2,2,0,0,28.7,0
65.0,20.0,0,1,79.4,7,4,3,2,46.3,0
8.9,12.7,0,0,66.7,1,1,2,1,28.6,0
56.2,28.0,0,3,80.3,5,0,0,2,37.1,0
76.8,33.1,0,1,27.5,5,4,0,1,22.6,0
78.4,25.4,1,1,44.9,5,3,3,0,41.5,0
91.0,16.5,0,0,67.5,3,0,0,0,17.2,0
134.1,22.3,0,1,34.0,7,2,0,0,26.4,0
45.0,16.3,2,0,32.4,3,3,2,2,35.1,0
85.2,26.9,1,1,40.1,8,3,1,2,36.5,0
62.8,14.9,1,1,63.4,6,0,3,0,40.5,0
13.4,21.2,2,1,50.3,4,1,3,2,36.0,0
1.7,17.0,3,0,86.4,5,2,2,2,44.6,0
21.8,23.8,0,2,31.3,6,4,0,1,31.7,0
38.0,20.8,1,0,32.8,5,7,1,1,31.9,0
62.4,24.1,1,1,46.2,1,5,2,2,43.1,0
123.3,23.1,0,2,22.0,7,1,0,0,24.2,0
14.2,17.1,2,1,58.8,4,0,0,1,33.0,0
8.7,26.8,3,0,25.1,7,2,1,3,27.1,0
215.1,22.7,3,0,57.8,7,1,0,0,52.8,0
7.4,17.1,0,0,35.3,3,2,1,0,13.1,0
42.3,36.4,0,1,55.9,3,2,0,1,20.7,0
57.3,25.9,3,0,76.7,3,3,0,0,34.0,0
50.7,22.1,1,1,64.1,5,1,0,0,26.5,0
5.8,31.5,0,1,88.1,3,1,2,1,35.8,0
3.8,34.1,2,0,37.4,8,1,0,1,17.2,0
7.2,22.1,0,0,53.7,4,1,2,0,26.4,0
57.3,25.1,0,0,52.7,5,0,2,0,20.5,0
51.1,17.1,2,0,57.9,2,1,0,3,32.9,0
17.3,22.1,0,1,39.1,6,3,1,2,23.3,0
66.0,21.8,0,1,35.3,6,1,0,3,27.1,0
111.5,24.1,0,2,81.0,6,5,2,1,45.7,0
2.8,25.0,1,0,55.1,5,1,1,0,18.9,0
44.8,26.4,0,3,17.2,2,0,1,0,14.0,0
76.0,24.4,1,0,49.6,1,4,1,0,29.7,0
18.9,15.7,1,0,83.9,6,3,0,0,22.2,0
23.9,17.4,2,1,91.8,9,3,0,0,35.8,0
61.8,19.7,0,2,66.0,2,0,0,0,20.7,0
148.3,21.3,2,0,25.3,9,1,0,0,27.5,0
107.9,29.3,0,1,81.7,7,3,0,0,31.7,0
56.9,16.0,1,2,47.9,4,4,1,1,31.8,0
85.2,20.9,1,2,10.9,3,3,0,1,27.8,0
29.5,28.7,0,0,58.8,4,4,0,0,17.8,0
66.6,21.2,2,2,83.7,4,4,3,0,56.6,1
40.8,25.8,0,2,74.7,6,4,1,2,35.5,0
13.7,22.2,0,1,33.6,6,1,0,2,18.0,0
78.6,24.5,1,2,54.4,4,2,2,1,37.9,0
52.8,21.6,1,3,12.9,6,2,1,2,31.0,0
28.9,27.0,0,1,76.0,3,1,0,2,27.6,0
157.5,13.7,0,0,42.4,3,0,1,0,28.3,0
1.4,20.8,0,1,23.4,3,1,2,0,18.3,0
24.7,24.8,1,0,14.0,3,4,0,0,14.5,0
3.8,26.2,1,0,25.3,3,0,1,1,17.4,0
94.6,32.0,0,1,73.7,3,0,2,1,41.6,0
78.7,20.7,0,0,26.5,8,4,0,0,18.5,0
26.2,31.9,1,1,47.7,1,2,2,0,32.6,0
73.2,19.0,2,2,54.2,5,4,2,2,49.1,0
32.8,31.0,2,1,66.7,2,3,1,1,25.9,0
91.8,27.9,2,2,76.9,2,2,2,1,50.0,0
39.4,17.5,0,0,18.1,5,3,1,0,21.1,0
34.5,24.8,3,2,45.7,8,2,0,0,36.2,0
177.4,22.7,0,2,81.4,4,2,0,0,41.5,0
18.8,26.8,3,0,26.2,2,3,3,0,30.6,0
8.3,21.7,0,0,56.0,4,2,1,1,27.8,0
57.1,21.2,1,0,51.5,6,1,1,1,29.3,0
226.5,31.2,1,2,53.5,3,6,1,0,47.6,0
30.8,22.4,1,2,17.8,11,2,1,0,24.6,0
4.2,28.0,2,0,63.2,3,0,0,3,26.6,0
26.9,21.6,2,1,51.4,5,4,0,0,19.5,0
45.8,33.0,3,0,54.1,3,4,2,1,41.7,0
11.5,18.9,1,1,47.8,4,0,0,0,18.5,0
69.8,19.3,1,3,74.7,4,2,0,0,34.8,0
350.0,32.1,0,0,78.1,6,4,0,0,55.2,1
39.1,20.3,3,3,38.2,3,3,1,2,43.7,0
28.5,32.6,1,2,66.0,10,1,0,1,28.9,0
33.3,28.4,2,3,48.9,6,6,1,0,34.9,0
8.0,22.1,1,0,75.7,3,4,0,0,19.7,0
139.6,12.1,1,0,77.9,4,4,0,0,37.2,0
34.8,22.9,3,0,44.9,2,3,0,1,31.8,0
31.8,23.6,0,1,77.5,6,4,0,0,18.0,0
70.1,30.0,0,1,34.0,6,3,0,1,25.7,0
37.9,32.5,0,0,67.0,3,2,2,0,25.6,0
67.9,18.9,2,2,64.2,6,1,0,0,32.8,0
4.1,27.8,0,0,86.7,8,5,1,0,34.5,0
109.2,27.6,0,0,93.2,7,1,1,0,40.8,0
183.4,29.4,0,1,53.9,4,3,2,0,44.5,0
68.0,26.0,1,0,60.9,7,3,0,0,24.1,0
200.9,11.3,1,0,82.0,4,1,0,0,47.6,0
10.7,22.1,0,0,49.6,2,3,0,2,15.8,0
42.2,16.1,3,2,64.5,4,4,0,0,37.8,0
59.9,21.8,3,2,75.8,6,3,0,2,49.0,0
56.7,28.9,0,1,71.6,6,3,1,1,24.8,0
33.4,24.8,2,1,92.6,5,3,0,0,37.8,0
26.8,29.9,1,1,19.5,4,5,1,1,21.8,0
8.8,25.1,0,0,30.6,2,3,0,0,8.8,0
32.3,15.2,0,1,70.7,4,4,1,1,26.2,0
11.5,8.0,1,1,57.9,5,2,1,1,32.9,0
86.2,23.9,1,1,44.0,3,0,3,1,36.0,0
15.2,21.7,0,1,81.4,2,6,0,1,29.5,0
3.9,17.1,2,1,60.8,4,3,0,0,33.7,0
52.2,12.8,1,0,87.8,1,4,0,3,42.9,0
58.8,18.6,1,2,46.3,6,3,0,0,28.9,0
133.6,21.8,0,0,33.1,4,2,2,2,32.4,0
55.9,27.0,1,2,80.6,4,6,0,0,34.7,0
27.6,24.1,0,0,38.8,5,3,0,0,16.9,0
105.6,32.6,1,0,35.7,4,2,2,3,35.9,0
50.5,16.8,2,1,17.7,3,1,0,2,18.7,0
5.4,28.3,2,0,60.7,5,3,1,1,28.2,0
54.2,23.3,1,2,70.1,5,1,0,0,32.3,0
155.1,27.2,1,1,44.2,4,1,1,1,36.5,0
32.8,20.4,3,1,45.3,8,4,2,0,44.0,0
22.8,29.4,1,0,44.1,6,1,1,1,21.4,0
10.1,24.8,0,0,93.3,3,2,0,3,29.9,0
10.7,18.9,1,0,49.8,5,1,0,0,14.6,0
36.9,22.9,0,1,69.7,5,3,0,0,24.0,0
58.9,21.6,2,1,75.2,3,3,2,0,37.4,0
5.5,25.9,1,1,63.4,5,0,1,0,29.7,0
182.4,15.9,1,3,61.0,5,1,0,3,55.9,1
91.5,22.8,0,1,51.5,2,2,2,0,25.7,0
57.4,25.4,1,3,55.8,3,6,0,3,47.0,0
114.6,23.2,3,0,52.5,4,2,1,1,48.8,0
5.4,31.1,0,0,60.7,4,0,2,0,22.9,0
42.1,27.6,1,0,16.8,6,1,2,1,28.6,0
64.6,23.0,3,0,79.6,5,1,2,0,44.0,0
114.7,24.3,1,1,71.2,6,2,2,0,45.2,0
99.5,24.8,1,1,49.7,8,1,0,0,31.7,0
21.1,25.4,1,1,79.4,4,4,0,0,25.9,0
183.8,12.0,1,1,34.6,6,1,2,1,47.3,0
8.6,21.2,0,3,86.9,8,3,0,0,32.3,0
135.2,14.1,0,2,28.6,3,2,3,1,35.3,0
230.0,30.7,1,0,48.7,2,4,0,0,34.9,0
12.7,22.6,3,0,84.0,5,3,1,2,44.4,0
83.2,21.8,0,0,8.7,3,5,0,0,15.4,0
2.7,28.4,0,0,83.6,1,4,3,0,26.3,0
33.8,25.5,1,1,16.2,7,3,1,0,26.4,0
47.2,16.2,2,1,75.0,3,4,0,1,39.5,0
56.5,22.6,0,0,47.8,8,2,2,3,36.3,0
178.6,21.0,2,1,36.8,2,0,0,0,36.8,0
72.5,12.5,0,1,72.1,5,3,2,1,33.0,0
42.7,18.9,3,0,79.1,3,3,0,1,34.4,0
107.8,21.9,1,0,49.3,4,0,3,0,40.8,0
195.4,22.3,1,2,81.7,8,0,0,0,48.0,0
1.5,14.1,1,1,40.9,3,4,3,0,25.4,0
263.0,29.9,2,0,32.9,1,3,0,2,49.2,0
5.9,22.4,0,0,33.3,6,4,0,0,15.1,0
109.5,23.2,0,0,66.2,8,0,0,0,24.6,0
21.4,25.4,1,0,65.5,10,1,0,2,29.6,0
9.2,18.3,2,2,57.4,6,1,0,0,32.1,0
37.7,25.7,2,0,85.2,2,5,1,1,47.4,0
67.1,20.8,1,0,61.7,8,6,1,0,27.7,0
31.2,17.6,1,0,81.6,9,4,2,1,43.3,0
3.6,26.4,0,2,14.2,5,2,3,1,26.1,0
59.5,32.0,2,0,37.5,4,3,1,1,33.0,0
151.2,27.3,2,0,16.9,7,0,1,1,31.2,0
31.4,28.5,1,1,33.1,4,4,2,0,29.8,0
15.8,19.9,1,1,66.0,6,3,0,2,29.3,0
38.0,13.4,3,0,68.4,5,3,0,0,35.8,0
3.2,31.9,2,0,48.2,4,1,1,2,30.7,0
111.6,35.3,1,2,12.4,8,4,0,0,33.9,0
113.8,32.3,1,3,30.4,4,5,0,0,38.0,0
57.6,21.0,1,0,26.6,3,2,1,1,16.4,0
28.3,16.1,1,0,64.5,4,2,3,0,33.2,0
104.5,16.6,1,0,73.3,5,3,2,0,45.7,0
52.6,12.9,0,2,43.8,8,3,1,1,24.3,0
113.6,22.4,1,1,59.3,4,7,0,0,37.4,0
64.9,32.6,1,2,22.1,2,1,2,0,29.2,0
99.7,22.2,1,1,23.6,6,5,0,1,21.6,0
59.3,24.8,0,2,66.5,4,4,2,1,39.9,0
34.8,31.3,2,2,86.2,4,3,0,0,35.2,0
206.0,20.6,1,2,77.4,5,5,0,1,54.7,0
50.6,35.2,0,1,74.8,5,0,0,2,30.2,0
60.4,35.0,1,0,65.3,6,2,2,0,32.7,0
16.2,22.2,2,1,48.7,3,3,1,2,34.3,0
63.9,19.5,2,1,73.7,4,3,0,0,31.5,0
55.1,27.2,0,1,89.0,8,2,1,0,33.0,0
13.3,20.9,3,0,64.7,5,4,2,2,41.6,0
4.0,16.1,0,1,91.2,6,4,0,0,28.4,0
60.3,30.7,3,1,88.8,7,0,0,1,43.2,0
93.8,30.3,0,1,28.3,4,0,0,0,14.4,0
48.2,23.9,0,0,69.1,1,1,0,0,16.8,0
16.7,15.4,1,1,47.9,5,5,0,1,23.7,0
71.4,15.6,1,0,58.9,7,0,2,0,31.5,0
5.4,23.6,1,2,31.3,3,1,1,0,21.3,0
37.9,20.0,2,1,42.0,5,2,3,0,35.7,0
11.6,21.0,2,0,64.6,5,5,0,0,29.2,0
13.3,29.1,1,0,51.1,6,0,1,0,18.6,0
14.7,27.4,1,1,48.3,5,6,0,0,21.8,0
31.8,31.3,0,0,21.6,3,3,1,2,14.6,0
3.4,17.1,0,3,74.6,7,3,0,0,26.0,0
33.0,20.9,1,1,25.1,2,1,0,0,13.8,0
46.6,27.6,0,0,48.7,4,2,0,1,29.6,0
42.9,25.7,2,1,78.1,7,0,1,0,43.9,0
31.4,32.2,1,0,87.1,9,0,0,0,29.4,0
118.8,25.5,0,2,82.0,6,4,0,1,37.9,0
10.2,34.1,1,0,56.0,4,3,1,2,28.8,0
45.8,26.2,0,3,52.2,6,0,1,1,31.0,0
4.2,29.4,1,1,70.0,3,3,0,3,23.9,0
4.8,21.1,2,2,79.7,2,1,1,0,33.9,0
55.4,23.1,1,0,50.6,6,2,0,1,20.9,0
54.3,28.5,0,0,75.1,3,3,3,0,33.1,0
136.8,32.7,2,1,72.1,5,2,0,3,46.6,0
53.1,27.4,0,1,25.8,3,5,3,0,28.4,0
208.9,22.5,2,0,49.4,4,2,0,2,45.6,0
3.2,31.3,1,0,39.4,2,2,1,0,19.0,0
6.7,9.8,1,0,73.6,5,0,0,1,26.6,0
2.9,14.5,2,1,67.7,5,1,3,3,47.0,0
13.3,27.1,2,0,45.8,4,6,0,0,33.2,0
50.7,23.1,0,0,97.6,4,3,0,2,32.3,0
67.4,26.6,0,0,26.0,6,1,0,2,25.8,0
3.0,23.4,2,1,42.1,4,2,2,1,27.6,0
189.7,26.4,0,0,75.2,4,5,0,1,35.9,0
120.0,18.1,1,3,66.6,5,4,2,0,50.7,0
22.9,26.4,2,0,82.8,5,2,0,0,36.5,0
5.2,29.0,1,2,43.7,5,2,0,0,18.3,0
12.1,30.3,2,1,72.8,3,3,3,1,44.8,0
8.8,35.1,2,0,11.8,11,2,1,0,16.9,0
8.6,24.5,1,0,29.6,6,2,0,0,19.1,0
47.5,24.6,2,1,82.0,6,3,0,0,40.6,0
18.3,13.9,1,1,29.0,6,3,0,0,20.3,0
28.8,19.8,1,1,26.8,4,2,2,1,22.7,0
296.2,21.8,1,0,43.4,4,1,1,0,49.5,0
74.9,29.3,2,2,19.5,3,1,1,0,22.6,0
193.4,19.3,2,3,75.2,6,0,0,0,51.3,0
10.0,27.8,0,1,70.3,2,3,1,1,23.8,0
31.3,23.0,0,1,64.6,9,0,0,0,21.7,0
52.6,21.9,3,1,93.8,1,2,1,0,44.1,0
5.2,24.5,1,0,73.4,4,3,1,1,30.1,0
0.3,20.7,0,0,48.0,5,1,1,0,9.4,0
72.1,20.4,1,1,38.1,2,3,0,0,20.1,0
66.7,12.8,3,2,33.7,6,2,0,0,41.1,0
34.4,21.5,2,0,33.7,4,0,3,0,32.8,0
43.7,20.1,2,1,23.1,5,3,0,2,30.4,0
34.9,19.9,0,2,92.8,4,2,0,2,29.2,0
1.6,25.5,2,0,91.1,4,3,2,0,38.6,0
26.6,27.0,1,0,57.6,4,1,1,0,25.2,0
12.7,24.4,2,2,82.5,2,3,0,0,32.3,0
6.7,29.0,0,0,57.1,8,4,0,2,19.3,0
204.1,26.5,0,0,56.9,5,1,2,2,43.7,0
59.5,21.2,1,0,42.2,2,2,3,3,43.1,0
84.8,20.2,0,0,54.0,4,2,1,0,28.9,0
24.6,24.9,2,2,46.3,2,1,0,0,29.9,0
32.5,26.4,3,1,22.6,4,7,2,2,44.7,0
17.6,31.4,1,1,69.0,6,0,2,0,26.8,0
6.6,30.1,2,1,37.6,4,0,2,2,25.1,0
12.8,19.8,1,3,40.2,6,2,0,0,24.0,0
103.8,22.4,2,0,43.4,4,0,0,3,40.2,0
73.6,27.0,2,0,40.9,5,0,0,0,29.2,0
51.5,29.4,2,3,76.7,4,2,0,0,34.7,0
41.9,28.6,1,3,92.3,6,3,0,0,39.9,0
166.2,22.6,1,0,75.5,3,4,0,1,40.4,0
4.9,15.5,2,0,74.8,3,3,2,0,33.0,0
21.4,17.0,0,1,51.8,4,3,2,0,20.7,0
28.0,24.6,2,0,91.3,7,6,3,1,52.8,0
99.1,25.1,3,1,34.2,3,1,0,0,35.1,0
318.2,16.4,1,0,27.2,5,1,1,3,50.5,0
17.9,23.3,2,0,21.1,3,5,0,0,18.7,0
134.8,26.8,2,1,46.5,3,1,1,0,32.2,0
115.4,16.1,1,3,35.4,7,1,0,0,26.1,0
16.5,29.6,1,1,68.2,3,1,0,0,18.3,0
33.1,20.7,2,0,73.0,7,3,0,2,36.6,0
34.3,30.5,1,3,87.6,3,0,0,2,36.2,0
248.7,19.8,0,1,45.4,4,1,0,0,38.7,0
13.0,16.8,2,0,48.0,3,0,0,0,17.7,0
104.3,20.3,1,0,56.7,3,0,0,0,29.9,0
26.4,22.4,2,0,24.8,4,3,2,2,30.4,0
85.3,20.7,0,1,39.9,6,3,2,0,34.8,0
35.4,21.7,0,1,75.3,4,1,2,1,30.6,0
56.1,25.0,3,0,73.6,3,0,1,2,44.3,0
116.2,22.0,0,0,83.3,5,4,0,2,38.9,0
106.0,22.6,2,0,89.0,3,3,1,1,41.4,0
130.9,12.7,2,1,70.6,2,1,0,0,45.4,0
4.0,25.4,2,0,67.8,5,2,1,1,38.6,0
76.6,22.5,0,0,16.7,7,2,2,0,21.6,0
9.8,32.7,1,3,21.2,7,3,0,1,23.2,0
34.9,17.4,2,1,71.0,4,2,3,0,45.1,0
51.7,12.2,1,0,78.7,2,6,0,1,34.1,0
33.5,26.7,1,1,47.5,4,2,0,0,25.2,0
47.7,25.1,1,0,57.0,9,2,1,2,34.7,0
350.0,16.9,0,1,75.7,3,3,2,0,63.7,1
9.4,13.8,2,1,21.4,6,5,0,3,27.9,0
73.1,32.2,2,1,30.4,2,2,0,0,23.9,0
32.8,31.5,3,1,53.0,6,1,1,0,38.7,0
9.3,8.1,1,0,42.8,3,5,1,0,28.6,0
11.2,20.3,2,1,45.5,8,3,0,3,34.8,0
193.8,33.0,0,0,54.4,3,1,0,0,37.3,0
137.6,20.1,1,0,74.0,6,2,0,1,36.0,0
154.4,20.1,1,3,36.1,1,3,1,0,42.4,0
310.2,21.3,3,1,32.9,6,2,1,0,58.2,1
15.2,16.3,2,3,80.2,4,1,2,1,44.3,0
28.5,12.8,3,0,27.9,2,4,1,0,27.4,0
71.9,29.3,2,1,70.5,3,3,0,0,34.7,0
43.0,11.9,2,0,80.6,6,1,0,1,23.6,0
35.2,24.5,0,1,83.9,3,2,0,0,20.4,0
28.8,28.3,2,0,59.2,6,4,0,0,21.6,0
58.6,14.3,1,0,73.5,10,0,2,0,32.5,0
55.7,17.5,1,0,31.8,5,4,1,0,20.6,0
11.4,30.3,0,1,47.9,1,1,1,1,13.4,0
41.5,26.2,1,0,49.3,7,2,1,1,24.2,0
52.4,19.3,0,2,42.3,6,1,0,0,20.4,0
54.9,30.2,1,0,45.3,3,1,0,0,32.4,0
15.3,30.2,1,0,64.9,7,4,1,0,27.5,0
88.1,24.6,3,0,12.5,5,1,1,2,33.1,0
1.7,17.6,2,3,64.9,8,3,0,0,28.1,0
28.5,20.5,1,0,23.2,4,3,0,2,16.7,0
98.5,24.7,1,0,79.1,3,2,1,0,39.4,0
53.9,21.9,0,2,38.7,5,5,0,0,30.1,0
19.7,28.6,1,0,34.1,3,2,2,2,24.1,0
77.2,13.8,0,1,51.8,5,4,0,1,29.3,0
54.5,14.0,3,0,43.8,7,4,2,0,49.3,0
103.4,24.1,1,1,28.7,3,0,0,0,30.9,0
86.3,20.1,0,0,75.7,2,1,1,0,29.7,0
61.2,19.2,1,1,55.9,6,0,0,0,21.7,0
43.5,12.4,1,2,30.4,4,2,0,0,18.3,0
9.3,23.1,1,2,18.9,4,2,3,2,23.4,0
19.7,22.7,0,1,20.8,1,4,0,0,12.7,0
35.3,26.9,3,2,34.9,1,4,0,1,41.2,0
59.4,23.4,0,0,42.1,4,3,1,0,19.2,0
46.9,22.2,0,0,71.8,6,5,3,0,34.8,0
22.1,30.1,0,1,50.6,5,3,1,0,22.3,0
0.4,15.1,1,1,94.3,3,1,0,0,27.2,0
44.6,26.2,0,0,21.0,4,6,0,1,15.0,0
21.9,13.0,0,1,47.0,4,2,2,0,23.3,0
86.2,18.0,1,0,7.3,4,1,2,1,26.9,0
1.6,15.7,1,1,33.4,10,0,0,2,23.6,0
57.1,27.7,0,2,24.7,7,2,1,0,24.3,0
184.5,22.6,0,1,52.9,6,2,0,2,37.4,0
12.5,22.9,1,0,51.3,6,3,0,1,22.8,0
41.5,16.4,0,1,27.8,7,2,3,2,32.9,0
6.2,21.2,1,1,73.2,5,1,1,1,34.4,0
63.9,18.4,0,0,61.0,4,3,0,0,25.0,0
52.0,25.3,0,1,74.7,5,4,0,1,26.5,0
34.0,17.1,1,3,80.5,8,2,1,0,38.7,0
47.9,31.0,0,0,52.6,8,0,2,3,34.2,0
147.5,12.9,0,0,54.4,7,3,0,1,35.5,0
14.2,18.2,1,0,28.3,0,3,0,1,19.2,0
1.5,33.1,3,1,69.1,3,1,0,3,40.4,0
128.6,20.4,2,3,65.3,4,2,1,0,41.3,0
55.9,15.1,2,1,44.6,1,4,0,1,27.8,0
143.9,24.3,2,0,81.2,4,0,0,0,44.6,0
59.1,20.1,3,1,60.2,6,2,1,0,35.7,0
108.0,18.0,2,1,68.3,3,1,0,1,40.6,0
36.5,16.4,1,1,81.8,3,5,0,0,29.8,0
90.1,38.0,1,0,69.4,5,2,0,0,34.4,0
158.8,21.5,0,1,90.3,5,2,0,0,44.2,0
55.2,11.4,1,1,35.4,4,3,0,0,19.5,0
13.0,32.0,3,0,31.9,7,1,1,1,31.7,0
20.3,26.7,1,1,20.6,5,2,0,1,22.2,0
14.4,18.4,2,3,71.4,3,2,2,0,42.7,0
18.4,17.4,1,0,38.6,3,2,1,0,18.9,0
23.8,27.0,1,3,39.5,4,3,2,3,33.3,0
52.6,21.5,1,0,37.4,6,1,0,0,24.3,0
57.6,11.4,1,1,90.5,7,3,2,0,39.6,0
36.1,33.7,1,0,96.6,1,1,2,2,39.4,0
62.1,20.4,2,0,36.1,2,3,1,2,35.6,0
5.5,32.0,2,1,58.7,3,1,1,3,31.9,0
6.0,30.7,2,1,45.3,6,1,0,2,23.8,0
12.3,17.0,0,2,32.3,4,2,2,0,18.9,0
47.4,29.2,2,1,58.6,10,2,1,1,34.3,0
15.7,19.1,0,1,12.2,8,5,0,0,9.5,0
21.6,11.8,0,2,17.4,4,3,0,2,19.9,0
33.2,20.5,2,1,43.2,1,1,2,0,31.1,0
108.6,25.4,0,0,9.3,7,0,0,0,12.2,0
0.9,20.2,0,0,62.4,4,4,0,0,18.1,0
68.1,21.2,1,0,39.5,4,3,2,0,18.7,0
71.8,29.9,2,1,52.0,8,2,0,1,36.3,0
104.2,23.6,0,0,61.4,4,5,0,0,29.2,0
175.5,17.9,1,0,74.6,2,6,0,0,47.5,0
1.3,27.2,1,0,49.0,2,3,0,0,19.1,0
10.9,24.2,2,1,73.4,7,1,3,0,41.5,0
141.2,8.0,2,0,25.4,7,2,1,0,32.0,0
39.9,25.6,1,0,57.3,4,3,1,1,22.7,0
54.0,25.4,0,1,57.5,4,5,0,0,25.5,0
70.7,23.1,0,2,80.0,4,0,1,0,26.2,0
73.9,28.4,1,0,46.1,3,4,0,0,25.8,0
174.5,19.0,2,1,85.3,6,4,0,0,52.7,0
350.0,25.0,0,0,72.6,3,2,0,0,52.1,0
82.8,13.6,0,3,72.6,3,3,0,2,35.2,0
22.0,25.4,2,0,44.2,6,2,2,2,41.9,0
137.7,34.7,1,3,70.7,3,2,3,0,50.7,0
3.3,17.0,2,3,87.6,2,2,0,1,42.2,0
17.1,18.4,2,2,58.2,7,2,3,0,46.4,0
148.0,18.7,2,0,42.4,2,1,1,3,49.4,0
19.2,23.8,1,1,68.4,6,3,0,0,29.6,0
16.2,16.6,1,0,55.8,6,2,1,0,31.0,0
9.7,25.5,3,2,78.3,5,2,0,0,38.3,0
127.4,28.1,1,2,68.4,8,1,0,0,42.7,0
45.1,26.2,0,3,42.1,4,2,0,0,24.1,0
73.0,12.4,0,1,91.0,2,1,2,0,32.7,0
17.8,29.0,1,1,81.8,5,3,3,0,39.8,0
92.2,28.6,3,1,75.9,4,3,0,1,40.0,0
92.8,28.0,0,0,55.4,8,0,0,2,28.7,0
24.4,25.2,0,1,57.7,6,2,0,0,18.7,0
34.4,24.3,2,1,74.4,5,1,0,1,37.5,0
15.3,29.2,3,3,21.6,7,2,1,0,37.8,0
244.0,34.5,0,1,46.8,3,2,0,0,34.7,0
67.4,17.3,1,2,83.0,6,2,1,0,40.8,0
177.2,29.5,1,2,36.3,9,1,0,0,39.2,0
23.5,22.5,0,1,34.6,3,4,1,2,30.5,0
99.0,22.2,2,0,84.2,6,2,1,0,45.6,0
94.4,13.8,0,1,86.8,3,0,0,1,37.2,0
76.5,21.3,0,1,54.5,5,1,0,0,25.0,0
219.1,17.0,0,0,26.0,2,2,0,2,30.2,0
32.5,20.2,0,0,16.3,1,1,0,0,5.0,0
9.1,16.4,0,3,56.5,3,3,1,1,30.9,0
72.4,20.3,0,0,98.7,1,0,0,1,24.9,0
84.9,20.6,2,1,53.1,1,2,0,0,29.7,0
55.6,23.6,0,2,27.7,1,3,2,1,27.0,0
15.1,13.3,3,1,68.9,5,7,2,0,44.5,0
45.6,14.3,1,1,40.7,6,1,1,3,34.8,0
24.3,25.2,1,1,58.7,7,2,0,3,34.0,0
36.2,18.2,0,1,68.8,1,3,0,1,28.2,0
67.4,29.4,0,0,21.3,5,1,3,1,22.6,0
88.9,24.4,1,3,93.4,6,5,0,0,43.9,0
17.2,26.6,1,1,56.8,5,1,0,0,23.9,0
33.8,31.5,2,1,65.2,3,3,1,0,29.5,0
20.4,21.1,2,1,39.6,3,3,1,0,30.6,0
14.4,19.6,1,0,24.4,4,3,0,0,15.0,0
99.4,28.2,1,3,50.3,3,2,2,2,40.7,0
156.0,26.1,2,2,54.3,2,1,2,2,56.1,1
30.1,21.9,1,0,78.0,7,1,0,0,26.8,0
90.4,31.3,3,3,34.1,1,1,2,0,50.1,0
147.7,21.7,2,1,77.5,7,3,0,1,53.1,0
121.7,23.2,0,1,18.8,1,1,0,2,18.4,0
13.1,23.1,0,1,73.9,5,1,1,0,23.3,0
203.5,17.4,1,0,25.2,4,0,3,1,43.9,0
30.7,23.5,2,1,17.5,5,0,0,2,24.9,0
26.9,31.4,1,0,63.6,4,4,0,0,21.0,0
4.2,25.7,2,1,56.0,8,2,1,0,30.2,0
43.3,23.2,0,1,96.8,8,0,0,0,27.5,0
7.5,22.0,0,2,55.0,6,4,3,2,34.3,0
18.6,25.0,0,1,67.0,6,4,3,2,36.9,0
24.8,27.5,1,0,30.9,1,2,1,2,21.7,0
107.5,26.7,1,2,65.9,2,0,0,1,43.3,0
135.4,21.0,0,1,55.2,7,2,0,0,35.8,0
23.4,24.9,1,1,17.3,6,2,0,0,17.2,0
127.2,25.9,0,0,79.2,4,3,3,0,36.1,0
126.5,17.0,0,2,87.8,8,2,0,0,45.1,0
94.0,24.0,2,3,52.0,6,2,0,0,30.6,0
10.3,10.0,1,2,90.1,6,2,0,0,26.5,0
76.2,25.9,1,3,59.8,6,0,2,0,33.1,0
188.6,27.0,2,0,64.2,7,0,1,0,41.5,0
74.6,27.5,2,2,51.6,4,1,3,1,52.1,0
26.2,20.6,0,1,41.0,4,3,0,1,23.2,0
45.1,24.9,1,0,75.0,3,6,0,0,31.5,0
67.4,31.5,2,1,56.3,6,5,1,0,38.6,0
46.4,31.5,2,1,93.9,2,3,0,0,33.7,0
8.3,22.8,2,0,14.5,4,1,0,1,20.0,0
24.3,23.8,0,0,63.4,5,6,2,1,37.9,0
105.4,29.7,0,0,30.2,4,2,1,1,29.5,0
128.5,14.0,1,0,54.9,1,5,0,2,41.0,0
9.6,21.1,2,0,53.5,1,0,1,1,30.0,0
197.9,31.0,0,0,8.5,6,1,3,0,34.7,0
25.9,28.9,0,0,36.1,9,1,0,1,8.4,0
70.6,25.2,2,3,84.6,5,3,0,0,48.1,0
90.6,14.0,0,2,54.1,5,2,0,0,24.0,0
108.6,22.7,0,0,78.7,6,6,1,0,38.0,0
189.4,19.5,0,3,56.2,8,3,2,0,56.7,1
24.4,25.0,0,1,46.1,4,0,1,1,21.2,0
127.1,18.1,1,1,20.7,6,8,0,2,45.0,0
9.2,16.8,1,1,89.2,4,5,0,0,32.0,0
79.4,10.6,0,1,78.0,7,2,0,0,26.8,0
88.1,30.3,0,0,74.2,2,1,2,0,31.6,0
73.6,20.6,0,0,37.8,9,2,0,0,17.7,0
18.9,23.9,1,1,75.1,4,3,0,0,31.9,0
134.2,23.0,0,1,22.2,2,5,0,0,25.1,0
12.0,16.6,1,2,17.0,4,4,0,0,21.4,0
3.6,15.4,0,0,63.6,2,2,0,3,25.3,0
82.2,17.0,0,1,37.6,2,6,1,1,23.4,0
41.9,18.7,0,1,37.4,0,5,1,1,22.0,0
122.9,25.2,0,3,39.1,8,2,0,0,31.9,0
31.4,18.2,1,0,43.3,12,3,1,0,24.5,0
12.0,33.5,1,2,34.5,3,2,1,2,29.0,0
117.7,29.2,2,2,90.6,2,4,1,0,52.8,0
51.7,27.9,0,1,39.3,4,3,2,0,30.7,0
13.6,22.3,0,1,51.0,1,5,0,0,20.5,0
82.8,32.1,0,0,30.7,3,2,2,1,27.2,0
46.5,21.7,2,3,48.6,4,4,0,0,37.0,0
60.3,22.8,0,0,92.3,5,2,0,0,25.6,0
40.2,24.0,1,1,47.1,6,1,0,0,23.6,0
114.7,27.2,0,0,84.5,8,1,2,0,40.3,0
115.0,26.8,0,1,54.8,4,1,2,0,34.1,0
80.3,20.1,3,1,46.2,4,3,0,0,35.8,0
7.2,19.8,1,2,11.2,3,2,1,0,20.7,0
118.7,26.8,2,1,53.0,5,4,0,0,34.5,0
72.3,27.3,1,3,58.6,3,0,0,3,35.6,0
77.6,20.6,1,1,44.2,7,3,1,0,30.7,0
29.3,13.5,0,0,43.6,5,3,0,2,25.9,0
137.4,21.8,1,0,35.4,5,1,1,0,25.1,0
84.0,26.7,0,1,37.8,3,2,2,1,34.6,0
7.8,33.8,1,0,30.6,7,2,0,0,20.8,0
34.1,15.8,1,1,58.0,4,5,1,0,31.8,0
141.4,20.4,2,0,31.4,6,4,1,0,33.5,0
3.1,20.7,1,1,81.2,9,3,0,1,24.8,0
211.6,31.1,1,1,67.7,5,4,2,1,64.4,1
73.9,22.8,0,1,40.7,5,2,2,0,23.3,0
64.9,17.6,0,0,33.2,4,3,2,1,24.7,0
20.5,26.4,0,0,48.3,2,2,1,2,15.7,0
18.6,20.6,2,0,78.3,8,3,0,1,25.5,0
185.1,15.7,3,0,70.4,3,2,0,2,55.6,1
23.0,17.6,0,1,26.9,3,0,1,1,14.6,0
97.1,33.4,0,1,87.0,4,4,0,1,40.8,0
32.5,25.3,1,0,39.9,2,2,2,2,28.5,0
9.7,23.6,2,1,48.8,2,2,1,0,31.9,0
0.7,21.5,1,1,42.7,5,2,0,2,22.6,0
51.1,24.8,0,0,58.5,4,5,2,1,36.3,0
241.8,24.7,3,1,64.5,3,2,1,0,53.7,0
29.9,24.8,2,0,42.2,3,1,0,0,18.3,0
28.7,23.7,0,1,43.2,1,0,0,2,15.7,0
27.4,28.2,3,2,38.9,5,2,0,0,28.3,0
47.8,23.1,1,0,28.8,4,2,3,3,29.2,0
37.8,17.1,1,1,47.7,3,1,2,1,26.9,0
137.8,19.3,1,1,55.8,5,2,1,0,34.3,0
45.8,11.1,2,0,68.5,0,2,0,0,36.0,0
46.1,35.2,1,1,64.4,3,3,2,1,36.6,0
9.7,28.2,0,1,60.5,5,0,1,0,18.7,0
263.9,18.0,3,1,64.9,4,5,1,0,66.3,1
18.7,21.3,0,1,80.8,8,0,2,0,27.8,0
5.0,19.2,2,2,78.2,6,5,0,0,36.9,0
70.7,32.3,1,3,63.5,7,1,2,0,43.3,0
58.8,14.5,0,1,23.2,6,2,0,0,19.2,0
34.9,23.7,0,2,35.9,7,3,2,1,29.8,0
35.7,22.3,2,0,48.7,7,1,0,1,27.6,0
99.9,28.0,1,1,69.6,3,2,0,0,34.6,0
14.2,22.4,1,0,70.2,5,1,2,1,33.5,0
111.6,12.5,1,0,40.5,5,3,0,1,31.9,0
68.0,21.5,2,1,27.2,5,3,3,0,37.8,0
35.3,17.2,1,1,53.0,6,0,1,1,24.6,0
39.8,23.5,0,1,23.7,4,3,0,0,17.6,0
19.3,31.6,1,1,48.0,2,3,2,1,26.0,0
90.7,12.6,2,1,69.2,5,0,0,0,34.9,0
46.8,18.2,1,1,31.5,3,4,0,1,25.5,0
25.1,19.7,0,0,72.6,6,1,0,2,19.4,0
58.9,20.7,3,0,89.0,0,2,0,0,34.8,0
350.0,27.4,2,0,57.9,6,4,2,0,72.3,1
37.1,22.0,0,1,51.4,2,2,0,1,18.4,0
164.7,25.5,3,0,71.9,5,2,1,0,52.1,0
27.5,19.2,1,0,67.2,4,4,2,3,35.4,0
3.7,24.4,0,1,28.6,8,3,0,1,11.1,0
14.8,27.7,0,1,71.9,0,2,3,0,33.2,0
35.3,18.6,1,1,37.8,2,4,1,1,32.5,0
16.1,27.7,2,0,93.3,5,2,0,2,37.3,0
0.0,23.3,0,1,59.1,4,4,1,2,29.7,0
160.2,29.3,0,2,69.8,5,2,2,2,55.6,1
120.7,21.8,0,2,91.4,4,4,2,0,46.2,0
88.1,25.3,1,1,48.6,4,3,1,0,32.8,0
11.9,22.8,0,0,19.0,4,4,3,2,24.7,0
8.3,22.4,0,1,38.8,5,3,0,1,15.2,0
4.5,24.6,1,0,73.7,3,2,0,2,21.4,0
83.7,26.2,2,0,63.3,6,3,0,0,30.5,0
171.8,15.5,1,0,23.0,4,1,0,1,35.3,0
36.6,31.6,1,2,63.8,2,6,2,0,44.9,0
8.2,11.8,1,1,80.5,7,2,0,1,25.9,0
46.7,18.9,1,1,57.4,4,1,0,1,30.4,0
27.9,22.4,3,1,93.7,4,2,3,1,50.9,0
30.5,25.5,2,0,41.3,7,4,2,0,38.3,0
63.1,32.5,0,1,64.4,1,2,0,3,31.7,0
82.4,11.9,1,1,33.7,2,3,2,0,29.0,0
7.6,20.0,1,1,28.5,2,5,0,2,24.6,0
2.4,10.2,1,2,29.5,3,3,1,0,16.2,0
336.2,23.2,1,0,68.3,1,2,0,0,54.2,0
17.2,24.6,2,2,48.0,2,4,1,0,30.7,0
3.6,32.5,2,1,61.3,4,2,1,1,31.0,0
13.7,23.7,1,1,62.5,4,2,1,0,24.3,0
2.6,29.3,2,1,29.4,3,2,2,1,25.6,0
32.3,26.5,2,3,44.7,5,2,2,0,38.6,0
105.4,20.4,2,0,75.1,4,3,0,0,38.1,0
27.1,14.5,3,1,86.3,6,2,2,0,44.0,0
38.2,24.7,0,1,76.4,5,3,0,0,27.5,0
73.2,14.0,0,0,55.6,6,5,1,1,31.0,0
46.2,30.8,2,0,65.6,7,2,0,2,34.4,0
128.5,22.0,2,2,64.5,3,6,0,2,48.0,0
130.7,30.2,3,0,64.1,7,0,1,0,47.8,0
0.6,20.1,0,0,53.0,0,1,0,3,28.7,0
97.8,24.6,1,3,52.0,4,1,2,2,35.9,0
40.1,24.3,0,1,59.8,2,0,0,0,18.0,0
292.2,22.7,1,0,97.2,8,3,2,2,69.5,1
42.9,20.4,0,1,80.2,6,2,0,0,27.2,0
281.8,25.4,0,1,54.1,4,1,1,0,58.1,1
91.3,17.4,0,2,81.6,5,2,2,2,45.9,0
18.6,15.7,1,1,21.4,5,3,1,2,24.4,0
50.2,30.5,1,2,60.0,4,5,0,0,34.4,0
315.0,27.4,0,0,79.3,5,2,1,1,60.3,1
126.7,23.4,0,1,82.1,5,4,1,0,37.9,0
6.7,33.0,0,0,49.4,5,3,2,1,24.1,0
79.7,21.4,3,0,26.3,7,2,0,2,34.6,0
27.6,30.9,0,1,65.7,4,5,3,0,41.0,0
0.5,24.1,0,0,63.3,2,3,1,1,22.9,0
33.6,16.9,2,1,76.7,2,6,0,2,42.8,0
17.4,34.1,1,2,74.9,3,2,1,1,32.0,0
111.1,28.9,2,0,73.7,1,4,2,1,49.3,0
26.7,22.3,1,0,68.5,11,1,0,0,24.3,0
114.2,27.4,3,1,63.0,3,3,0,2,46.6,0
0.0,20.6,0,2,21.5,2,2,2,0,16.0,0
23.9,28.0,3,1,35.4,6,3,0,0,29.6,0
17.9,8.7,2,1,64.8,6,6,1,1,38.4,0
17.3,16.9,1,0,56.6,1,3,1,1,22.5,0
4.6,28.9,1,0,84.0,5,2,0,1,23.9,0
13.5,21.5,1,1,53.2,0,4,0,2,28.5,0
52.7,24.2,0,0,86.3,3,2,2,0,32.5,0
22.4,14.9,0,2,21.6,2,1,0,0,15.4,0
35.1,34.1,3,1,87.0,7,5,0,2,48.3,0
30.7,30.1,1,1,36.7,3,3,2,1,25.7,0
135.6,21.8,1,2,16.9,2,3,0,0,31.5,0
153.2,20.6,2,2,21.9,6,5,0,0,35.8,0
44.1,29.2,1,1,92.7,5,1,1,2,44.7,0
26.0,34.9,0,3,45.5,4,2,3,0,35.8,0
7.3,28.7,2,3,56.8,7,5,0,2,37.3,0
199.3,36.0,2,3,45.1,4,3,1,1,50.9,0
4.0,17.5,0,2,60.9,5,2,2,0,22.7,0
23.0,18.1,3,1,86.1,5,2,1,1,38.3,0
23.0,15.9,0,1,65.5,8,1,3,0,37.8,0
25.1,25.7,1,0,83.4,6,3,1,0,28.2,0
11.7,24.1,0,0,70.7,6,3,0,1,21.3,0
99.4,22.1,1,0,36.0,5,3,0,0,35.7,0
8.5,27.9,1,0,55.0,5,4,3,0,36.1,0
65.5,30.4,1,1,31.4,6,0,2,1,34.5,0
8.6,13.8,2,0,50.5,7,5,2,0,35.5,0
4.8,19.4,0,2,67.3,3,2,0,0,25.7,0
156.1,27.9,2,2,53.7,5,3,0,0,34.2,0
13.7,20.2,1,0,51.2,3,0,0,0,16.1,0
111.9,18.2,3,0,83.2,3,5,1,0,46.4,0
51.1,29.1,1,2,46.1,5,2,0,0,20.3,0
5.3,15.3,0,2,65.0,4,4,0,0,17.6,0
202.2,21.2,0,3,49.0,7,1,0,1,42.3,0
18.4,25.0,2,3,83.5,4,2,2,1,40.5,0
127.6,19.6,2,3,29.7,2,1,0,0,34.4,0
12.0,27.7,0,1,89.0,4,1,2,0,28.5,0
125.0,19.6,1,0,38.7,3,1,1,0,36.0,0
0.9,31.5,1,2,37.1,9,1,0,0,22.7,0
46.6,22.2,3,0,87.5,5,4,3,0,53.2,0
95.4,27.0,3,2,52.4,7,3,0,0,37.6,0
177.5,27.5,3,1,86.5,3,1,0,0,56.5,1
155.9,19.2,2,2,31.8,6,2,0,0,40.9,0
111.3,10.7,3,0,25.3,5,2,2,0,38.1,0
142.4,25.2,0,1,42.1,6,5,0,0,26.1,0
14.4,23.4,2,1,18.3,1,1,2,0,25.0,0
21.7,26.3,2,3,49.8,8,3,0,1,34.1,0
22.2,21.6,3,0,91.8,1,0,3,2,45.5,0
30.8,20.4,1,3,70.0,4,4,2,2,46.3,0
32.5,35.1,0,2,52.5,5,1,0,1,22.2,0
51.1,14.2,1,1,57.9,1,5,0,0,27.9,0
11.3,27.4,1,2,42.5,6,6,0,0,21.3,0
76.4,19.6,0,1,65.6,1,2,0,0,19.2,0
11.9,21.0,1,0,34.1,9,0,1,0,24.0,0
24.1,21.1,1,0,66.8,2,1,0,0,16.6,0
45.5,18.2,1,2,66.0,7,3,0,0,27.0,0
103.5,26.4,1,1,19.3,3,4,0,2,28.4,0
87.4,31.3,0,0,66.7,4,4,1,0,34.1,0
67.4,25.8,3,1,48.6,3,0,0,0,29.1,0
11.0,23.6,2,1,18.6,3,0,1,0,18.8,0
51.5,17.1,0,0,65.6,4,1,2,0,23.6,0
5.9,26.1,2,1,82.4,1,3,1,1,41.3,0
30.8,35.9,2,0,54.4,5,1,0,1,18.8,0
34.7,20.7,0,0,23.5,1,2,0,0,11.4,0
2.6,20.7,1,1,24.7,1,3,0,1,25.2,0
20.8,19.6,1,1,29.5,2,4,2,2,29.8,0
202.5,20.1,1,0,40.0,9,2,0,0,33.4,0
199.6,8.0,2,1,88.3,5,1,0,0,41.9,0
28.2,25.4,1,0,64.8,6,3,3,0,36.1,0
2.9,17.9,0,0,59.9,6,1,2,0,25.5,0
12.8,13.3,3,0,39.7,3,4,0,2,36.0,0
32.4,27.5,0,0,60.7,4,2,0,0,24.6,0
191.9,16.5,2,0,78.3,3,1,0,0,47.9,0
9.9,21.0,0,2,73.9,4,5,1,2,28.9,0
93.7,31.8,0,1,57.4,9,0,0,0,30.9,0
7.5,14.5,1,0,42.8,9,2,0,0,14.8,0
258.5,13.8,0,0,61.1,3,1,2,1,47.7,0
31.2,24.6,1,0,51.6,2,0,0,1,23.6,0
97.0,29.9,0,2,41.3,7,2,0,1,30.9,0
27.3,13.6,1,0,60.0,4,3,2,0,26.3,0
64.2,25.4,1,0,69.4,2,2,1,2,37.1,0
13.9,26.5,0,1,71.0,5,3,2,1,21.0,0
10.3,10.6,2,1,44.5,4,4,3,2,44.4,0
180.8,27.8,0,0,34.9,4,3,2,0,34.1,0
162.3,28.3,0,1,60.2,4,0,0,0,39.8,0
142.0,21.1,1,0,57.7,7,2,0,0,32.6,0
63.8,30.5,1,0,23.1,4,2,0,0,23.2,0
107.4,29.8,1,1,37.5,3,1,0,0,30.2,0
4.6,23.6,0,1,62.9,6,5,2,0,32.1,0
26.5,20.3,2,1,13.4,7,2,0,2,28.4,0
24.5,17.2,1,0,72.2,4,3,2,2,39.2,0
65.6,22.8,0,1,56.9,2,1,1,0,27.8,0
28.6,26.4,1,0,48.8,3,1,0,0,21.5,0
10.4,21.1,2,1,42.7,3,3,0,0,22.8,0
59.0,9.8,1,1,66.3,6,0,2,1,34.2,0
109.5,30.6,0,0,47.7,4,2,0,1,24.5,0
31.3,24.1,1,1,53.3,4,1,1,1,27.2,0
9.2,20.7,0,1,54.6,4,7,0,2,28.6,0
14.2,28.1,1,0,87.5,3,0,2,2,38.9,0
17.6,32.1,2,2,30.7,5,4,0,3,34.5,0
23.2,8.0,1,2,50.2,3,3,0,0,28.8,0
66.9,25.6,1,0,51.7,4,4,0,2,31.7,0
59.7,14.4,3,2,65.6,8,2,1,1,55.0,1
77.4,26.0,1,1,83.5,1,3,0,0,34.4,0
29.3,23.8,1,1,49.7,4,4,2,1,33.6,0
112.9,26.8,0,2,25.8,4,2,0,0,21.7,0
14.8,20.0,1,1,61.3,2,1,0,0,26.2,0
41.1,11.8,1,0,38.8,4,7,0,0,28.4,0
104.9,20.3,1,2,55.0,4,2,2,1,49.1,0
12.9,25.4,3,0,33.6,7,1,0,0,28.5,0
7.6,29.1,2,0,32.3,4,1,0,1,20.4,0
139.8,16.0,2,0,32.2,5,2,0,2,32.7,0
27.3,29.2,1,2,72.7,7,2,1,1,36.9,0
74.9,19.1,1,3,25.2,5,2,0,3,39.3,0
1.7,25.2,0,0,66.8,4,6,1,0,23.8,0
76.1,19.9,0,2,63.5,3,5,2,2,41.2,0
24.7,24.1,2,0,73.5,5,1,0,3,34.6,0
3.7,28.4,1,3,47.5,4,3,2,0,36.9,0
61.2,15.6,2,1,58.0,4,1,0,0,28.9,0
17.9,18.9,0,0,52.7,4,3,0,0,19.4,0
31.8,24.1,1,0,30.2,6,5,0,0,23.8,0
5.5,37.4,1,0,17.1,4,2,1,1,19.6,0
10.3,17.8,1,0,52.7,7,2,0,0,17.3,0
23.0,35.2,2,2,82.0,5,4,0,1,38.5,0
6.1,35.0,3,0,49.1,4,1,0,1,21.0,0
157.1,22.4,0,3,76.4,3,6,0,0,43.4,0
0.4,21.2,0,1,69.6,3,1,0,2,16.7,0
43.0,18.8,0,1,39.6,5,0,2,1,29.6,0
8.5,22.6,1,0,92.6,0,3,1,1,27.2,0
23.9,14.6,1,2,85.4,7,0,0,0,26.1,0
169.3,22.5,2,1,24.5,6,3,0,0,35.9,0
11.5,32.0,1,2,68.3,3,1,0,0,23.3,0
219.5,19.3,1,3,69.0,4,5,0,0,60.8,1
15.0,21.6,2,0,26.8,5,2,1,3,34.5,0
88.0,12.8,1,0,60.9,6,1,0,1,29.6,0
51.4,25.2,1,2,85.2,4,0,1,0,41.7,0
140.3,24.6,0,2,54.7,6,0,0,1,36.0,0
52.5,23.4,1,1,73.2,6,1,0,2,34.4,0
49.7,21.7,1,0,15.1,4,1,0,0,10.6,0
14.1,21.2,1,1,45.7,8,2,0,0,19.0,0
11.8,26.0,3,0,28.2,6,1,0,2,35.8,0
161.4,22.8,3,0,75.0,4,4,1,0,53.6,0
25.8,24.9,2,1,80.3,5,3,0,1,35.3,0
30.2,24.3,1,0,57.8,2,3,2,0,29.2,0
92.7,29.7,2,1,10.9,3,2,2,3,40.0,0
26.9,27.1,1,3,80.7,6,3,0,0,34.5,0
197.5,24.2,0,2,86.6,2,1,0,3,41.5,0
87.0,32.1,0,3,75.8,5,2,1,0,41.2,0
59.1,25.5,0,2,59.8,4,3,0,0,34.0,0
138.3,30.8,0,0,97.2,4,1,0,0,36.7,0
3.3,26.6,1,2,92.7,5,3,0,0,33.9,0
19.3,11.9,3,2,78.5,5,4,1,3,47.9,0
40.7,30.8,0,3,68.0,9,2,2,3,42.7,0
16.7,23.8,3,1,58.8,3,1,0,0,31.3,0
88.5,22.7,0,0,88.8,4,4,0,0,32.6,0
163.5,24.7,0,0,26.1,9,4,3,0,37.8,0
35.8,20.9,1,0,50.1,4,1,0,0,24.1,0
27.2,24.4,1,3,54.8,7,2,0,1,32.3,0
211.8,19.4,0,1,58.7,1,5,1,2,51.5,0
38.3,30.6,0,2,53.8,6,2,0,1,23.7,0
43.6,22.3,1,1,61.9,4,4,0,0,31.8,0
28.2,20.7,0,1,85.7,8,1,3,2,37.0,0
156.2,17.5,2,0,50.8,3,1,1,2,44.4,0
54.7,24.6,1,0,34.1,3,4,0,1,25.4,0
93.4,24.1,0,1,44.2,4,3,2,0,29.8,0
108.6,25.3,2,1,60.5,2,2,0,0,36.1,0
27.2,16.8,0,0,28.4,9,1,2,1,24.3,0
37.0,13.4,2,2,49.9,3,3,2,2,45.1,0
122.7,26.8,2,0,54.7,4,5,0,2,42.7,0
29.3,31.9,3,2,27.7,3,4,0,1,31.1,0
102.7,16.8,1,0,82.1,5,1,2,0,41.6,0
184.0,32.5,1,1,78.3,5,1,3,0,61.4,1
63.4,24.7,0,0,53.7,6,4,0,1,28.0,0
88.0,23.0,1,2,88.9,6,2,3,1,58.6,1
106.3,20.6,1,1,31.2,7,1,0,2,32.7,0
121.2,14.7,1,1,34.8,5,6,2,1,43.6,0
32.7,28.9,2,3,61.1,2,2,0,3,32.1,0
3.4,18.3,0,0,39.3,0,1,1,0,11.9,0
33.4,18.3,2,0,74.3,4,4,1,2,44.1,0
72.8,29.0,2,2,67.4,8,0,3,3,55.1,1
38.9,11.7,1,1,28.4,5,5,1,2,30.8,0
89.8,13.9,1,0,51.5,0,7,0,0,30.5,0
28.7,22.9,1,1,68.2,2,2,1,2,41.1,0
65.5,24.8,3,0,67.0,3,4,0,1,37.1,0
13.4,25.9,0,0,72.3,6,3,0,0,24.8,0
89.9,21.2,1,1,60.5,5,5,0,0,40.5,0
51.3,38.0,1,2,32.8,9,2,1,0,31.3,0
14.8,21.6,3,1,18.1,5,3,1,0,23.8,0
22.4,21.6,2,1,79.9,4,1,1,0,36.7,0
89.7,18.2,1,2,76.8,4,3,0,1,42.1,0
42.8,23.7,0,0,68.9,10,5,3,1,45.1,0
15.8,26.7,1,1,36.6,3,2,0,2,22.9,0
222.3,30.2,0,2,65.0,6,8,0,1,43.9,0
81.6,14.1,2,0,49.7,2,3,0,1,28.5,0
204.7,21.5,2,0,76.3,8,3,1,2,57.2,1
36.2,25.7,2,3,36.3,5,1,2,0,35.2,0
41.9,26.5,1,3,53.7,1,1,0,2,35.8,0
148.4,23.0,1,0,47.4,7,2,2,0,38.8,0
48.4,26.3,0,0,61.1,4,4,0,0,20.2,0
79.9,18.1,0,0,55.8,3,1,0,0,17.9,0
18.9,32.3,0,0,41.4,9,3,0,0,15.4,0
38.5,29.0,2,1,69.1,3,3,2,3,47.3,0
8.6,14.9,0,1,52.0,2,2,0,0,17.3,0
15.0,16.5,2,2,49.3,4,2,0,0,30.0,0
0.1,16.7,1,0,21.9,6,1,2,2,24.5,0
2.6,27.1,1,2,24.3,3,3,0,0,11.7,0
246.0,15.3,0,0,70.5,7,0,3,1,48.3,0
18.0,21.0,0,0,35.1,3,3,0,0,11.2,0
70.8,25.7,0,1,50.4,2,2,1,0,24.0,0
118.8,22.6,2,0,14.5,2,0,0,2,34.5,0
52.0,24.6,0,0,73.1,3,3,0,0,20.3,0
10.8,16.6,2,2,52.6,7,2,2,2,42.7,0
84.7,26.6,2,0,82.5,3,3,2,0,50.0,0
59.6,19.3,0,1,21.0,4,1,2,0,24.2,0
85.4,21.1,2,0,37.2,9,0,2,1,40.1,0
95.5,24.4,1,0,28.3,5,4,1,0,34.0,0
240.9,23.6,2,1,85.6,5,0,0,1,57.6,1
55.4,23.1,0,2,20.6,4,1,0,1,22.6,0
27.2,18.5,0,1,63.2,7,1,0,3,29.3,0
68.0,21.2,0,1,64.0,6,3,0,0,34.4,0
4.6,23.0,1,2,44.3,4,4,3,2,40.1,0
148.0,14.7,2,2,53.3,3,2,0,1,40.9,0
8.3,20.2,2,0,72.4,6,3,0,0,24.9,0
25.8,25.3,3,1,11.1,6,1,2,1,29.4,0
109.9,15.3,0,1,68.8,6,0,0,1,25.5,0
59.1,29.9,0,1,31.8,4,4,1,3,37.1,0
32.5,30.6,1,1,70.2,5,0,1,0,34.5,0
41.7,15.5,0,0,85.5,2,1,0,1,29.3,0
125.3,31.1,0,1,49.1,4,1,3,1,39.9,0
27.0,22.1,1,1,57.7,3,4,0,1,24.1,0
132.4,25.5,0,1,46.8,11,1,0,1,29.9,0
6.0,20.0,1,2,35.0,4,2,1,0,24.9,0
97.5,28.5,0,2,36.0,3,5,0,1,28.7,0
122.3,25.4,1,1,40.2,5,2,0,0,30.2,0
13.0,18.1,2,1,70.0,4,6,3,0,37.8,0
36.6,16.0,0,1,42.8,2,2,0,2,18.6,0
11.8,14.2,3,1,57.5,1,2,1,2,35.8,0
79.7,24.1,1,3,73.5,1,2,1,1,46.4,0
49.8,26.4,3,1,38.1,5,3,0,0,32.4,0
65.6,26.9,0,0,37.4,5,1,0,1,16.3,0
14.2,22.3,1,1,71.7,4,2,1,0,27.3,0
15.5,16.1,1,1,80.6,4,4,0,1,37.5,0
2.8,18.9,2,1,52.3,6,1,0,0,26.9,0
25.3,29.9,1,1,46.5,5,6,0,0,21.8,0
53.3,20.1,1,0,21.1,5,2,1,0,21.1,0
126.8,23.9,3,0,18.8,6,1,0,2,37.3,0
71.5,16.5,1,0,93.6,5,3,1,0,40.9,0
37.2,25.0,0,1,93.2,3,3,0,0,24.1,0
198.9,20.3,1,0,86.5,4,2,1,0,46.0,0
82.6,29.3,1,2,38.9,6,3,0,1,36.4,0
173.0,27.6,1,0,23.1,4,3,2,0,40.0,0
48.7,20.0,1,2,68.6,1,2,2,0,33.9,0
19.5,22.2,3,0,89.4,3,2,1,1,42.7,0
3.5,19.7,2,0,64.8,10,3,0,0,25.7,0
84.2,14.5,0,1,56.8,6,2,2,1,36.9,0
8.4,17.9,0,0,69.7,7,3,1,0,26.5,0
23.4,24.2,3,3,62.9,3,4,2,0,42.7,0
49.4,25.0,2,0,61.8,6,4,0,1,32.4,0
54.0,23.9,3,1,66.1,5,3,0,0,38.0,0
59.7,21.2,0,2,43.2,5,2,1,0,24.2,0
11.8,28.6,2,0,89.0,6,0,0,3,34.5,0
31.0,23.4,2,0,10.0,3,1,0,0,16.5,0
62.4,27.2,0,0,58.5,3,5,2,2,40.2,0
227.5,12.4,1,1,59.1,7,4,0,1,47.5,0
84.5,8.0,1,0,86.6,4,3,1,2,39.7,0
166.3,24.7,1,1,63.0,2,5,2,2,49.9,0
93.4,14.5,2,2,89.7,6,6,1,1,53.5,0
58.2,21.7,2,2,93.4,2,3,0,0,46.2,0
13.9,21.2,2,0,80.5,3,3,0,3,35.8,0
71.4,32.5,2,0,59.6,7,1,1,2,44.3,0
63.5,25.4,1,0,15.9,9,0,1,3,25.8,0
60.0,24.0,1,1,82.3,5,1,1,3,37.5,0
43.7,28.0,2,0,88.9,2,3,3,0,50.6,0
48.9,25.2,1,2,89.7,5,2,0,0,34.5,0
26.5,20.3,0,1,58.9,7,3,1,0,29.1,0
47.6,29.4,1,0,81.3,5,2,0,0,31.9,0
14.3,16.3,0,1,45.6,11,1,0,0,20.0,0
106.3,24.9,1,0,49.2,5,1,0,0,26.2,0
13.4,13.7,0,0,35.6,7,0,1,1,18.4,0
5.8,24.2,0,0,49.1,2,5,3,0,25.1,0
37.3,24.2,3,0,63.9,3,3,1,2,35.6,0
69.8,33.1,2,1,56.3,3,3,2,0,37.7,0
37.4,13.6,2,1,78.7,6,4,2,1,48.3,0
21.1,19.4,1,0,69.5,7,3,2,0,36.2,0
53.1,27.9,2,3,77.8,3,4,2,1,54.4,0
27.7,25.0,2,1,64.8,6,4,1,0,35.3,0
175.6,24.1,1,0,62.8,5,2,0,1,45.5,0
166.4,17.3,3,0,69.7,3,3,0,2,48.0,0
45.4,19.5,0,1,38.7,5,4,0,1,33.5,0
25.8,30.5,3,3,64.2,6,4,1,1,46.2,0
86.8,22.7,1,1,88.7,3,2,0,1,38.8,0
2.4,25.3,1,3,84.9,3,1,0,1,28.0,0
41.9,22.3,0,1,68.7,8,0,0,0,20.9,0
26.6,15.9,1,1,60.6,6,1,0,2,32.2,0
164.6,28.6,1,1,33.3,4,4,0,1,39.5,0
0.8,26.0,3,1,69.2,5,2,1,1,32.1,0
52.3,36.8,3,0,57.6,4,1,1,0,35.6,0
87.7,16.9,3,2,52.8,2,1,0,3,39.0,0
43.1,27.9,0,0,37.6,3,1,0,0,18.7,0
5.8,15.1,3,1,22.8,4,0,0,0,25.7,0
233.5,23.9,1,1,56.2,4,4,0,0,42.1,0
47.4,28.9,2,1,70.6,4,2,3,0,43.3,0
61.9,10.6,0,0,70.1,3,5,1,0,23.9,0
17.5,21.8,1,1,90.2,7,3,0,2,34.9,0
42.9,19.6,3,1,59.3,3,3,2,1,44.8,0
36.4,18.8,3,1,60.3,2,2,1,0,36.4,0
5.1,25.3,1,2,57.8,3,4,2,2,38.9,0
7.3,29.7,2,1,68.8,4,3,1,0,33.2,0
118.1,22.2,0,0,79.9,8,1,0,0,32.8,0
17.8,24.2,2,3,33.3,1,2,2,0,29.9,0
14.1,23.7,1,2,81.0,4,3,1,0,33.2,0
45.7,23.0,0,0,71.5,6,1,1,0,25.3,0
95.2,16.5,0,0,37.1,1,2,0,0,18.5,0
4.2,29.7,0,0,76.8,4,2,2,1,39.2,0
55.9,24.8,2,1,34.6,3,1,1,0,28.5,0
8.3,25.4,0,2,51.3,3,2,2,0,19.9,0
2.4,18.2,1,2,26.3,6,5,0,1,19.4,0
3.5,20.2,1,2,48.2,8,2,2,3,38.9,0
116.8,21.9,1,0,12.6,4,4,2,3,37.7,0
8.2,13.8,2,1,23.1,4,2,0,3,26.3,0
3.0,12.9,1,0,73.9,3,2,2,0,22.5,0
37.4,19.4,1,0,82.7,8,4,1,0,28.7,0
120.8,26.1,1,1,56.3,6,1,0,1,30.8,0
19.8,19.1,1,0,29.6,4,1,0,1,12.9,0
35.6,16.9,2,1,50.2,9,3,0,3,32.5,0
2.6,18.1,0,1,51.0,2,1,0,0,17.2,0
38.8,20.3,0,2,45.4,4,3,2,3,37.3,0
56.0,20.9,2,0,39.8,3,3,0,0,28.9,0
55.0,36.0,1,2,32.6,8,2,1,0,33.9,0
26.3,29.3,2,3,65.7,7,4,2,1,47.3,0
24.6,29.1,0,2,63.7,8,2,1,1,27.3,0
7.3,30.0,2,2,45.9,7,4,3,0,42.0,0
29.7,17.0,0,1,62.0,5,4,1,0,21.3,0
6.8,15.7,1,1,86.8,3,2,0,0,25.1,0
94.6,16.4,0,1,81.2,7,3,0,3,40.4,0
220.3,31.0,2,1,72.3,6,1,0,0,50.5,0
228.1,19.7,3,1,10.2,8,3,1,2,58.1,1
130.2,15.5,1,2,87.7,7,8,0,0,45.9,0
59.7,20.4,2,1,46.5,3,3,0,0,24.2,0
78.4,21.6,1,0,42.9,7,3,0,0,31.8,0
21.8,24.6,3,1,60.6,2,2,0,1,38.0,0
64.8,24.5,2,0,15.5,3,1,1,2,40.2,0
39.5,18.0,0,0,63.5,10,0,0,0,13.7,0
42.8,27.1,2,0,53.0,3,2,2,0,33.1,0
92.2,19.2,1,0,89.1,5,2,1,0,32.1,0
21.5,22.1,0,2,87.1,6,3,1,0,39.1,0
24.9,27.1,0,1,54.7,7,0,0,1,13.2,0
168.1,19.1,3,0,64.7,9,3,2,1,53.1,0
3.8,19.6,3,1,83.4,6,4,0,0,38.5,0
43.2,26.6,2,0,76.6,7,2,0,2,37.8,0
158.6,17.9,3,1,24.1,5,4,2,0,47.1,0
61.3,20.7,2,1,88.6,3,1,0,0,38.0,0
51.4,26.3,0,3,70.0,2,0,1,2,39.7,0
18.7,35.3,0,0,66.6,6,4,1,0,26.1,0
27.3,26.6,0,1,82.8,1,1,2,1,30.7,0
124.2,25.8,0,2,66.4,4,3,0,1,34.0,0
53.2,26.2,0,3,47.7,4,1,0,0,25.3,0
47.0,16.6,1,0,35.3,4,2,0,0,20.8,0
6.8,23.7,2,1,33.1,6,5,3,1,39.6,0
1.1,22.8,2,0,15.3,2,3,1,1,19.6,0
215.5,24.9,1,1,23.9,7,3,0,1,33.7,0
30.8,23.7,3,0,59.1,9,2,0,0,34.3,0
60.1,25.3,1,2,47.2,2,1,0,0,23.7,0
5.4,21.1,2,0,51.3,2,2,3,0,32.0,0
74.7,23.4,1,1,75.5,7,0,1,0,34.8,0
175.3,15.6,0,1,91.8,3,3,1,2,45.5,0
55.7,21.1,3,3,61.1,3,2,0,2,45.0,0
8.8,31.3,1,1,92.3,2,2,1,0,33.0,0
56.7,24.9,1,0,76.7,4,2,0,0,31.5,0
94.5,22.9,0,0,45.9,8,1,2,0,21.3,0
33.9,34.4,1,0,51.7,6,5,2,0,25.1,0
137.7,14.8,3,2,86.8,4,6,0,0,52.8,0
68.0,16.3,0,1,55.0,3,4,2,0,30.5,0
149.2,33.3,2,1,83.0,2,5,0,1,43.5,0
63.5,23.3,0,0,13.3,4,1,2,1,18.0,0
9.1,21.5,1,2,21.0,5,4,0,0,14.2,0
24.1,15.8,0,1,3.8,6,2,0,0,4.8,0
14.7,25.7,2,3,84.1,8,5,1,0,44.3,0
155.7,26.3,0,1,91.7,6,1,0,2,42.2,0
92.9,16.4,1,0,69.2,4,4,0,2,32.9,0
73.3,22.2,0,0,38.6,6,0,1,1,26.0,0
23.3,21.0,0,0,38.8,4,4,1,0,15.6,0
13.2,24.5,2,1,64.8,4,4,3,0,45.3,0
91.8,16.3,0,1,13.2,5,0,0,1,11.1,0
41.8,30.5,0,0,59.8,4,1,0,0,21.0,0
16.6,28.5,0,0,82.0,3,3,0,0,21.9,0
62.3,20.8,1,0,73.5,11,4,0,0,31.2,0
2.7,21.7,1,2,55.5,4,1,2,2,33.4,0
25.7,22.2,0,0,80.0,3,2,3,0,31.3,0
41.1,18.3,0,0,24.8,4,3,0,1,16.6,0
10.4,20.3,1,0,64.8,4,5,1,3,40.7,0
271.5,21.4,0,1,60.4,8,4,0,1,50.2,0
15.2,32.7,2,1,62.2,2,2,2,0,38.5,0
9.1,28.7,2,2,47.5,4,4,2,0,33.8,0
14.8,28.6,1,0,70.0,4,1,0,0,22.1,0
95.3,25.2,0,1,79.1,5,4,2,1,41.7,0
36.0,16.3,2,0,75.4,10,2,3,1,37.6,0
54.2,22.8,2,3,79.7,3,1,1,0,38.4,0
1.4,28.8,1,0,30.4,5,1,1,0,22.4,0
2.3,15.5,2,0,81.2,5,2,0,1,27.3,0
38.4,26.8,2,1,81.6,0,1,2,1,44.0,0
110.3,36.9,1,0,32.7,6,2,2,0,23.5,0
140.7,29.4,0,0,55.0,3,4,0,0,28.4,0
5.9,31.5,2,1,76.8,5,1,0,0,30.6,0
50.2,24.3,0,1,80.6,6,3,0,1,30.8,0
158.9,28.8,2,1,36.6,5,1,2,0,44.3,0
31.9,18.7,2,1,27.4,4,3,0,0,13.3,0
115.0,27.8,2,1,59.6,5,2,0,0,33.2,0
9.3,26.9,1,1,49.8,5,1,2,0,24.0,0
178.1,24.7,0,1,84.9,3,4,1,1,44.0,0
90.5,30.9,0,1,61.1,2,3,0,0,26.7,0
184.3,19.8,2,0,32.0,2,2,2,2,40.2,0
73.4,21.9,2,0,67.6,2,0,0,2,33.5,0
29.4,23.6,1,1,42.0,2,3,0,0,29.1,0
180.9,16.8,0,1,78.1,10,0,1,1,43.8,0
21.0,24.4,3,2,85.1,7,1,0,0,32.5,0
26.2,12.7,3,0,44.8,3,4,0,1,35.2,0
78.4,29.3,1,0,68.2,8,5,0,0,30.6,0
94.2,23.3,1,0,12.4,4,5,1,1,22.0,0
172.3,19.9,2,0,81.1,5,2,0,0,44.2,0
14.9,18.0,2,1,41.0,7,2,2,0,28.7,0
104.0,21.6,3,1,64.1,6,3,0,0,42.9,0
87.2,27.1,0,1,50.5,4,0,2,1,31.9,0
4.3,26.3,1,1,37.1,2,1,0,0,17.9,0
31.8,18.8,1,2,61.8,4,2,1,3,39.4,0
21.6,17.9,2,3,18.0,4,6,3,0,47.1,0
23.6,26.9,2,1,39.0,9,3,0,0,23.6,0
264.6,18.7,3,2,53.7,2,3,0,1,54.7,0
66.9,23.4,1,1,42.0,9,4,1,0,27.9,0
82.2,23.7,2,3,55.6,5,1,0,0,41.4,0
244.1,24.9,1,2,88.0,7,2,1,0,51.5,0
30.8,28.1,1,3,29.2,4,2,0,1,29.6,0
105.2,15.4,0,1,35.4,5,4,0,1,36.7,0
37.1,11.5,2,2,30.3,5,2,1,2,40.2,0
132.4,19.6,3,1,86.6,8,2,0,0,47.7,0
13.0,33.8,0,0,55.3,3,5,1,0,24.3,0
191.8,35.1,0,0,21.0,3,1,0,1,31.5,0
16.0,34.0,2,2,55.5,4,2,3,0,36.9,0
25.7,21.8,1,0,49.6,6,4,0,0,18.0,0
91.7,12.3,3,1,17.0,5,2,2,2,42.2,0
32.5,8.9,0,0,83.9,2,5,0,1,31.8,0
60.9,19.3,0,0,35.9,3,1,1,2,29.2,0
38.2,21.8,1,2,84.9,3,3,3,1,46.5,0
88.2,30.8,0,2,24.8,5,2,2,0,27.8,0
16.8,28.2,0,1,73.7,3,1,0,0,20.2,0
3.9,24.4,0,0,50.2,1,1,2,0,26.1,0
23.2,17.7,0,1,67.0,5,2,0,0,22.4,0
41.8,17.2,0,1,68.5,6,4,0,1,31.7,0
12.0,24.5,3,0,82.7,5,4,0,1,42.6,0
28.5,27.2,0,0,59.8,5,4,0,0,19.4,0
33.2,25.4,1,1,76.0,2,4,0,2,32.3,0
3.8,16.8,2,0,24.0,4,0,0,2,20.6,0
56.9,26.9,1,1,59.5,3,0,3,0,31.8,0
140.2,25.6,1,0,62.7,3,4,2,0,40.1,0
10.7,16.6,2,1,73.5,3,3,1,0,25.1,0
59.2,18.3,2,0,46.5,5,3,0,0,31.9,0
71.0,27.1,2,3,94.9,3,3,0,1,44.2,0
35.3,21.6,1,1,72.8,9,4,0,2,41.5,0
78.5,32.5,2,0,67.9,4,2,1,0,32.2,0
34.4,26.0,1,1,54.4,2,2,1,0,21.2,0
45.7,20.1,0,2,70.1,7,1,0,0,19.5,0
0.5,22.9,2,2,41.6,5,5,2,1,28.1,0
76.5,23.4,1,1,82.8,1,3,1,1,46.1,0
70.4,18.6,3,0,42.7,2,1,2,0,39.0,0
2.5,17.5,0,1,26.7,3,3,2,1,21.9,0
29.9,27.2,1,2,61.4,2,2,0,0,32.1,0
251.2,28.1,3,1,87.0,5,4,1,0,62.2,1
35.5,26.6,0,2,92.8,7,6,3,0,41.0,0
45.3,32.1,3,0,76.8,3,4,1,0,40.8,0
156.5,19.7,3,0,29.5,4,4,0,2,41.9,0
82.1,33.0,2,2,91.6,5,4,1,2,58.4,1
56.7,17.6,1,1,61.8,0,0,0,0,36.7,0
103.9,16.9,1,0,45.0,1,1,0,2,34.4,0
129.9,12.4,2,0,91.3,4,3,0,0,44.8,0
39.7,20.3,2,2,49.8,9,2,0,1,34.4,0
41.9,20.0,1,0,43.4,4,6,0,0,30.8,0
31.7,26.2,3,0,19.0,3,3,0,1,25.9,0
221.2,24.5,1,0,10.1,3,1,2,0,39.0,0
77.6,15.8,3,2,66.3,5,6,0,0,41.3,0
5.6,20.6,0,2,49.2,4,1,0,0,15.3,0
129.2,20.8,0,1,49.7,6,3,2,0,38.8,0
42.6,12.3,1,1,26.3,7,1,1,0,27.2,0
4.6,17.1,1,0,46.9,5,2,2,1,26.0,0
51.9,18.4,2,0,63.5,6,2,1,1,37.7,0
35.1,31.6,0,2,30.9,7,6,0,0,18.5,0
136.6,24.1,3,0,92.4,3,2,0,0,48.8,0
14.8,27.0,0,1,64.7,6,1,2,1,33.4,0
113.8,14.0,1,1,35.6,7,3,0,0,30.3,0
53.0,30.2,0,0,32.6,2,1,1,0,16.2,0
3.7,30.8,1,1,88.1,1,2,1,2,33.5,0
232.1,11.0,0,1,97.6,4,2,0,1,49.2,0
46.7,18.8,0,1,50.0,1,1,3,0,33.7,0
22.3,26.0,2,0,47.9,2,0,0,0,18.3,0
41.2,26.9,0,0,68.8,5,2,2,0,28.0,0
126.8,18.9,0,1,90.0,7,1,0,0,32.5,0
23.6,21.2,2,3,69.6,8,3,3,3,54.7,0
13.9,19.4,0,0,49.3,2,3,0,1,21.6,0
9.0,23.7,1,3,80.1,6,2,1,0,30.7,0
23.0,30.2,0,1,34.4,4,1,0,1,12.6,0
98.4,18.4,0,2,31.8,8,5,2,1,43.8,0
41.5,29.0,1,0,25.6,3,1,1,2,21.8,0
16.8,18.3,0,0,42.9,4,0,1,0,18.3,0
11.8,17.9,2,0,36.4,3,0,0,2,20.8,0
26.3,27.9,3,0,96.4,2,1,3,2,47.9,0
182.8,28.5,0,3,23.0,9,0,0,0,41.8,0
27.3,28.1,3,0,29.5,4,2,0,2,28.5,0
288.2,15.1,0,1,35.8,9,2,0,0,45.9,0
43.2,20.2,0,0,87.0,8,1,0,0,24.8,0
12.8,27.9,0,1,24.4,2,3,0,0,11.4,0
144.2,23.2,1,0,67.6,5,3,0,2,46.9,0
40.1,16.6,1,0,31.2,5,1,0,0,15.4,0
80.4,25.7,0,0,35.1,5,1,0,0,13.8,0
267.6,18.7,2,2,71.8,4,3,0,0,57.0,1
3.3,33.8,2,0,50.9,5,2,1,0,25.7,0
6.6,32.3,1,0,85.7,3,3,1,0,27.2,0
82.8,26.6,2,0,31.3,2,1,0,0,21.6,0
21.5,31.2,3,3,85.3,5,2,1,0,40.1,0
13.2,23.4,0,1,23.3,4,2,0,0,9.5,0
2.6,27.6,0,1,30.4,5,2,0,0,6.5,0
1.4,31.9,1,1,49.2,4,4,1,0,21.1,0
96.8,24.5,1,0,54.5,4,1,2,1,39.3,0
9.4,21.5,1,1,39.3,7,1,0,0,22.6,0
41.0,12.8,0,0,69.3,1,1,2,0,26.1,0
60.5,22.5,1,1,75.7,1,3,1,1,30.8,0
36.4,27.9,1,1,64.6,7,3,2,1,35.5,0
1.8,28.7,1,1,31.7,3,3,1,1,27.4,0
99.5,26.0,0,0,53.2,4,3,2,2,38.7,0
0.7,19.8,1,0,67.9,3,4,0,0,17.9,0
93.3,11.1,1,2,75.5,4,0,3,0,47.6,0
145.5,20.0,1,1,80.7,6,1,2,1,47.8,0
36.9,21.2,3,0,92.0,5,1,0,0,34.2,0
49.8,21.1,1,0,84.3,6,3,0,0,32.1,0
42.1,26.7,0,2,68.3,3,4,1,0,30.5,0
32.0,34.9,1,2,64.9,9,2,2,1,46.1,0
142.0,23.7,2,3,43.8,4,4,0,1,48.7,0
145.8,21.7,2,0,81.5,4,1,0,0,40.9,0
26.6,21.4,1,1,15.2,5,3,2,1,28.5,0
62.1,23.7,0,0,45.4,5,2,0,0,15.3,0
170.0,18.0,1,1,89.8,5,2,2,1,60.5,1
212.7,23.7,1,0,55.6,2,1,0,1,42.2,0
46.2,25.7,3,0,61.3,7,3,2,0,49.9,0
39.2,24.3,1,0,61.0,2,0,0,0,17.8,0
21.2,25.7,1,1,58.2,5,3,0,1,19.1,0
207.4,25.6,1,1,18.5,5,1,3,0,42.5,0
10.0,12.4,1,1,35.3,5,2,0,2,14.7,0
56.4,26.8,2,2,41.7,5,2,1,1,45.5,0
21.6,19.0,1,1,82.7,4,3,2,1,38.4,0
21.3,16.4,3,1,24.7,5,1,1,1,24.8,0
33.7,16.4,1,3,45.4,5,3,0,0,25.7,0
350.0,25.6,0,1,46.5,6,4,2,0,52.7,0
3.7,21.7,1,0,44.8,2,2,0,1,14.9,0
56.2,12.9,0,3,29.7,5,1,1,3,39.1,0
5.6,25.9,0,0,56.0,8,1,0,1,20.0,0
10.9,14.4,1,1,65.5,6,3,0,0,27.8,0
37.6,23.8,2,0,51.5,3,1,0,2,30.6,0
46.4,24.4,1,1,63.1,6,8,0,1,36.3,0
19.5,28.3,0,1,56.7,3,1,2,1,21.1,0
24.7,33.7,1,0,74.2,3,3,0,0,26.4,0
5.9,14.8,1,1,51.5,7,5,0,1,36.5,0
23.5,22.7,3,2,51.5,7,7,0,3,50.4,0
220.9,21.3,1,0,48.8,7,4,2,0,50.3,0
188.2,25.6,2,0,70.5,5,3,1,1,50.6,0
26.5,24.3,0,0,69.2,1,1,0,2,20.1,0
55.0,20.9,2,2,24.3,3,3,0,2,45.9,0
156.2,20.4,2,1,38.6,6,4,3,2,58.1,1
0.4,16.3,3,2,67.6,3,3,2,1,43.7,0
108.2,28.9,0,0,56.9,6,4,0,2,32.6,0
192.6,25.8,1,0,29.0,7,3,0,0,30.8,0
6.2,28.5,1,0,78.4,5,4,0,0,32.1,0
11.4,21.1,0,0,37.5,4,4,0,0,14.9,0
210.5,19.1,1,1,46.4,3,4,1,0,47.3,0
50.1,16.5,3,3,58.3,3,4,0,1,38.5,0
0.9,25.2,1,0,93.1,6,0,2,0,33.4,0
19.4,16.8,3,3,58.4,6,1,1,2,44.1,0
38.9,34.1,0,0,72.6,3,4,0,0,24.9,0
76.7,15.2,2,2,60.8,7,0,0,2,38.9,0
85.9,24.6,1,0,53.8,4,2,0,1,28.9,0
350.0,32.4,1,2,43.7,2,3,0,0,58.1,1
22.0,26.6,3,0,82.8,7,1,0,0,30.2,0
50.2,24.1,0,3,83.4,3,4,0,1,32.4,0
49.5,17.2,2,0,40.7,2,4,0,2,24.0,0
33.8,14.7,1,0,77.6,4,1,2,1,35.1,0
12.0,27.6,0,1,62.9,2,3,0,2,26.8,0
246.5,32.0,3,0,52.8,4,2,0,1,49.2,0
124.8,20.4,1,1,67.7,9,2,0,0,32.1,0
44.8,16.2,2,3,52.4,5,3,1,1,40.2,0
60.1,8.3,1,1,15.2,3,3,0,1,24.6,0
16.8,17.1,2,1,80.6,8,4,1,1,34.0,0
51.0,22.3,1,0,58.2,3,2,0,0,21.8,0
77.2,32.6,0,1,42.8,5,1,1,1,31.7,0
47.1,27.0,1,1,66.8,6,1,2,2,36.2,0
301.2,24.8,0,2,51.3,6,3,0,3,55.6,1
61.4,20.6,1,0,44.7,6,3,3,0,36.8,0
30.1,19.5,0,1,59.1,8,2,1,1,27.0,0
96.1,31.4,0,0,47.8,3,4,3,2,41.1,0
12.1,24.2,0,0,69.0,6,0,0,1,23.0,0
31.5,10.4,1,0,77.0,2,1,3,0,40.1,0
27.7,19.0,1,0,82.9,1,1,0,1,31.8,0
36.7,17.9,1,0,84.7,5,2,0,3,43.6,0
98.9,19.7,0,0,46.4,1,1,1,1,34.3,0
43.0,26.4,1,2,78.5,6,1,1,1,40.1,0
102.7,22.4,2,0,46.1,2,1,2,0,36.4,0
55.8,22.5,1,2,69.3,5,4,0,1,35.4,0
27.2,30.9,2,0,54.1,5,3,1,0,26.7,0
107.9,18.8,1,0,79.4,2,2,3,2,41.7,0
17.7,34.2,2,1,74.6,9,1,2,0,35.6,0
16.5,19.0,0,1,85.3,4,6,2,0,39.6,0
45.6,23.5,0,1,71.8,6,2,2,0,28.7,0
19.6,21.3,2,1,36.2,9,4,2,0,38.7,0
0.6,23.7,2,0,69.5,5,3,0,0,26.4,0
67.9,25.7,0,1,73.1,3,4,0,0,33.1,0
46.5,25.6,1,1,52.4,4,5,3,0,42.0,0
38.3,18.5,1,0,94.8,10,2,2,1,38.7,0
221.7,16.3,1,2,68.0,3,4,0,0,56.4,1
55.0,38.0,2,1,60.2,1,3,1,0,42.1,0
129.4,20.1,0,0,52.5,8,6,0,0,34.3,0
9.8,27.2,1,2,73.2,4,3,0,2,25.0,0
54.7,13.4,0,2,91.7,4,2,1,0,31.7,0
131.6,21.3,1,1,24.3,7,4,0,0,24.5,0
56.9,22.2,0,0,55.6,3,4,3,1,33.8,0
82.3,25.8,2,2,59.8,7,3,3,0,45.6,0
30.2,8.0,1,0,59.2,2,1,2,2,34.3,0
6.3,24.0,2,0,62.7,2,4,0,0,20.8,0
39.8,16.1,0,0,82.8,0,1,0,0,12.1,0
32.6,24.9,0,1,82.5,4,2,1,0,32.6,0
131.2,16.8,0,2,92.1,3,2,2,1,52.7,0
18.2,17.9,1,1,45.2,4,1,0,0,10.2,0
221.2,21.4,2,3,91.2,1,3,1,1,62.5,1
206.3,16.7,1,0,38.3,3,1,1,0,35.9,0
18.5,20.1,0,0,41.5,7,2,0,1,14.7,0
27.8,15.8,0,1,71.5,4,4,0,0,29.8,0
146.8,12.0,0,3,50.5,2,4,3,0,47.0,0
221.0,29.1,2,1,54.0,3,0,0,1,39.8,0
38.1,15.2,1,0,57.5,5,5,0,0,28.8,0
25.2,21.9,2,0,76.7,3,1,0,0,28.3,0
48.5,27.5,1,0,74.1,5,2,0,0,27.5,0
75.7,19.3,0,0,29.9,4,0,0,1,20.1,0
20.8,18.0,0,0,84.4,5,4,1,1,22.8,0
86.7,24.4,2,2,56.6,9,4,1,2,48.1,0
3.4,29.7,2,1,56.8,4,1,0,1,29.0,0
3.3,16.0,1,1,75.2,6,3,1,0,27.6,0
31.7,22.1,0,0,93.6,9,2,0,0,24.9,0
28.3,12.6,0,0,61.1,4,2,2,0,23.2,0
24.7,20.6,0,1,20.8,4,4,2,0,24.4,0
43.9,23.2,0,2,34.2,3,2,0,0,14.5,0
25.1,17.9,0,1,77.8,1,2,0,0,21.9,0
13.9,20.3,1,2,19.0,5,1,0,0,14.5,0
24.1,14.6,0,2,60.5,3,5,2,1,40.2,0
239.5,23.5,0,0,18.0,3,1,0,1,32.7,0
34.4,29.3,2,0,85.5,2,2,1,2,39.8,0
38.2,16.4,1,1,80.0,4,2,0,2,26.4,0
55.9,19.3,3,1,79.4,1,2,0,0,32.7,0
266.2,26.0,0,0,77.1,3,0,0,1,48.6,0
18.0,30.3,1,1,69.2,0,3,1,0,27.5,0
74.3,14.0,0,1,62.2,10,7,3,1,47.5,0
81.8,22.0,1,2,49.1,4,1,2,1,41.5,0
60.8,24.7,0,0,29.6,5,3,3,0,31.4,0
6.0,22.4,0,0,91.3,6,4,1,0,23.6,0
73.4,8.1,3,1,61.6,5,2,0,0,44.6,0
4.3,26.0,1,1,75.4,8,4,1,0,33.1,0
58.9,32.1,3,1,69.0,1,0,1,0,39.4,0
87.5,23.7,0,3,69.1,2,2,0,0,24.9,0
15.4,16.8,0,2,56.9,5,3,0,1,27.3,0
119.8,19.9,1,1,91.8,4,1,0,1,38.3,0
2.0,33.6,2,0,68.6,9,4,0,0,29.3,0
120.7,28.5,1,1,38.5,5,4,0,0,39.1,0
40.1,26.8,3,1,36.2,4,3,0,1,34.1,0
15.9,25.1,0,2,23.5,4,2,2,1,24.4,0
9.3,19.0,2,3,34.5,7,0,0,2,32.0,0
199.2,21.8,0,1,84.9,9,5,0,0,44.1,0
4.9,22.5,0,1,76.6,5,5,0,0,18.5,0
14.4,26.3,1,0,63.5,3,0,0,1,24.2,0
27.8,32.1,1,0,31.8,4,1,0,0,15.9,0
62.9,29.7,0,0,44.7,1,5,1,0,29.1,0
51.2,14.5,0,0,56.6,3,2,0,0,15.7,0
8.7,24.3,1,1,53.7,2,5,1,3,29.8,0
22.2,27.4,1,0,60.2,4,1,0,0,23.4,0
17.7,26.7,0,1,73.1,2,5,0,0,21.7,0
15.6,19.2,0,1,47.3,5,4,0,2,18.1,0
34.4,38.0,0,1,22.0,6,2,0,2,17.1,0
79.1,15.3,3,1,42.4,7,3,0,1,34.5,0
15.9,16.5,3,0,39.8,3,2,0,0,18.4,0
29.7,24.4,1,3,78.1,5,2,0,2,40.2,0
32.2,35.7,3,0,55.6,3,1,0,1,33.3,0
243.7,18.0,1,3,46.9,4,1,0,0,45.8,0
201.1,21.4,0,0,60.8,6,0,0,2,46.9,0
104.7,29.5,0,1,29.7,2,2,0,1,23.1,0
18.0,22.9,3,0,70.2,6,1,1,0,36.7,0
4.6,21.0,1,0,82.2,3,3,0,0,18.7,0
24.8,26.4,2,1,90.9,2,4,0,1,33.7,0
20.2,24.6,2,1,71.9,7,3,3,2,51.6,0
45.8,29.2,1,0,66.6,2,1,2,3,42.9,0
97.8,30.7,0,1,72.6,2,4,0,0,30.4,0
127.0,24.8,0,0,59.4,4,1,1,2,38.0,0
121.1,24.8,0,0,38.4,5,2,1,0,28.0,0
29.0,24.3,0,2,49.7,6,2,0,1,26.3,0
75.5,25.9,1,2,56.2,8,6,0,0,32.0,0
24.4,23.3,0,1,76.8,7,6,1,1,44.7,0
4.1,23.0,0,0,30.5,3,1,1,0,24.8,0
78.6,30.2,1,0,55.0,4,1,1,2,31.3,0
0.6,32.1,0,3,46.4,2,2,1,0,21.8,0
34.2,14.0,1,0,55.2,0,2,1,1,29.6,0
26.0,23.1,1,2,49.3,5,4,1,2,39.2,0
76.8,18.9,1,0,53.5,2,3,3,0,34.0,0
94.5,21.1,3,3,40.0,5,4,1,0,48.3,0
23.6,25.4,0,0,83.1,6,2,0,0,22.2,0
108.5,27.0,0,0,22.1,2,2,1,0,16.7,0
22.6,22.3,2,1,32.8,0,4,1,0,25.2,0
38.4,11.5,1,3,66.6,3,3,0,0,33.3,0
84.4,17.2,2,3,65.2,0,2,0,0,40.1,0
76.7,28.4,0,1,28.2,4,1,2,0,21.3,0
284.2,8.0,2,2,74.5,4,4,1,0,63.5,1
16.6,30.1,3,1,35.5,5,0,0,0,28.0,0
70.6,26.1,1,2,25.5,7,1,0,1,29.1,0
61.2,30.9,0,2,40.7,6,3,1,3,35.1,0
160.3,21.8,2,1,49.2,4,2,0,0,39.2,0
11.1,10.6,2,1,10.5,12,3,2,1,34.5,0
90.6,25.6,2,1,76.8,6,2,0,0,43.4,0
54.6,30.6,0,1,30.0,7,1,0,2,20.6,0
20.9,28.5,2,2,65.3,6,2,0,0,20.1,0
41.8,19.0,0,0,85.7,7,4,0,0,20.9,0
26.4,23.5,0,0,13.1,5,3,2,0,10.6,0
56.3,19.8,1,1,79.1,6,2,0,3,39.2,0
142.9,18.1,0,0,53.0,3,2,0,0,30.2,0
54.8,28.7,1,1,34.7,4,2,1,0,28.3,0
64.9,15.8,1,2,84.7,4,2,0,1,34.4,0
47.5,17.6,0,1,74.8,5,1,3,2,37.7,0
3.4,16.4,1,2,90.6,1,0,0,2,32.3,0
17.2,14.1,3,0,47.7,5,1,0,2,30.7,0
44.0,23.9,0,2,73.2,8,3,2,0,34.0,0
24.1,30.0,1,1,44.8,9,2,3,0,42.8,0
13.0,21.9,0,0,57.2,7,2,3,1,30.9,0
45.6,14.0,1,1,68.0,4,1,0,0,22.4,0
25.3,28.0,0,3,86.0,6,2,1,0,34.0,0
19.4,33.1,1,0,51.0,5,2,3,0,28.0,0
40.5,19.1,0,1,74.7,3,0,3,0,31.2,0
9.3,20.1,3,2,18.0,4,6,0,2,30.3,0
170.8,26.1,1,0,45.9,5,3,0,1,34.2,0
131.5,32.7,1,1,67.4,1,1,1,0,29.9,0
79.9,19.9,1,1,40.1,5,2,1,1,31.0,0
7.3,15.0,1,0,75.7,3,3,1,0,27.3,0
97.2,26.8,1,1,80.0,5,5,0,0,36.3,0
107.3,27.8,1,0,55.2,4,3,2,3,48.3,0
94.9,23.0,1,2,22.9,10,6,0,0,31.8,0
7.9,19.7,0,0,45.8,4,2,0,1,16.1,0
67.1,29.0,0,0,63.4,9,2,1,0,28.6,0
116.9,26.2,1,1,60.7,5,1,2,0,39.3,0
56.0,18.4,2,0,32.4,5,1,3,1,35.6,0
67.6,23.3,0,0,69.1,4,4,0,2,25.6,0
39.9,14.9,0,2,59.0,3,0,0,3,33.9,0
48.9,27.1,0,3,74.8,0,2,0,2,28.8,0
2.3,21.4,3,2,96.8,4,7,0,2,53.5,0
66.2,20.4,2,1,63.5,5,3,0,0,35.6,0
5.5,22.8,1,2,44.4,4,2,0,2,24.5,0
37.1,23.2,3,2,49.8,6,1,0,2,40.2,0
22.5,28.4,1,1,66.1,7,1,0,0,23.9,0
51.2,26.5,3,0,54.6,6,2,0,0,35.9,0
9.3,22.1,0,0,53.6,5,2,2,0,19.0,0
76.5,27.6,0,1,67.3,7,1,2,1,36.0,0
103.0,25.4,1,3,29.6,3,4,1,0,32.5,0
11.6,20.4,1,1,73.4,1,0,0,1,21.3,0
7.2,22.3,1,1,84.2,5,0,0,2,30.4,0
10.2,22.1,0,0,33.8,7,3,0,0,18.6,0
136.3,26.0,1,0,45.3,2,4,3,0,43.3,0
48.8,20.8,0,1,66.6,2,2,0,0,22.6,0
40.9,20.7,0,3,67.1,5,1,0,2,32.0,0
7.3,34.8,3,0,36.2,0,0,0,0,13.6,0
68.2,28.6,2,2,88.7,3,13,2,2,59.8,1
131.6,18.4,3,0,98.3,7,6,1,0,53.3,0
114.5,26.4,2,1,47.6,7,2,3,0,46.2,0
63.9,23.7,1,1,18.6,2,4,0,0,25.0,0
5.1,25.3,1,2,41.6,7,2,3,0,31.1,0
7.7,23.8,0,0,62.9,5,2,1,0,21.1,0
3.3,30.1,0,0,59.3,8,4,2,0,25.6,0
19.4,25.1,0,0,86.1,5,5,2,1,35.7,0
9.5,22.6,2,3,32.0,6,2,3,0,36.3,0
19.6,29.3,0,0,39.9,2,4,0,0,16.1,0
31.6,24.4,3,0,64.2,6,1,1,1,34.1,0
186.2,23.7,1,1,92.7,6,2,3,1,63.6,1
61.3,24.9,2,1,56.2,1,4,0,0,27.8,0
117.1,22.4,0,2,87.3,9,3,2,0,40.1,0
80.5,23.1,0,3,85.5,5,5,2,0,46.2,0
7.8,19.5,3,1,88.1,6,0,0,2,39.7,0
86.5,18.5,0,2,57.0,4,1,0,0,25.7,0
20.9,17.0,0,1,51.9,5,2,2,1,26.2,0
66.2,14.6,0,0,22.4,6,2,1,1,23.7,0
27.1,17.7,0,2,52.0,6,2,0,0,18.3,0
350.0,22.0,0,1,37.8,6,3,0,0,45.8,0
19.9,23.6,1,1,26.0,8,2,1,2,28.8,0
21.3,21.4,1,1,70.0,5,1,0,0,28.3,0
173.5,8.9,1,1,34.7,2,2,0,0,30.1,0
1.6,32.4,0,0,31.0,0,3,2,1,23.8,0
77.5,29.5,2,1,34.4,5,2,2,2,39.5,0
84.0,25.7,2,2,47.6,1,4,0,1,36.1,0
117.7,34.4,0,1,26.5,0,3,1,0,26.5,0
238.3,17.1,1,0,84.2,2,6,3,3,69.6,1
241.4,34.3,0,3,61.1,4,5,0,0,52.9,0
4.4,17.2,2,0,66.6,3,2,0,0,34.2,0
112.1,24.4,2,0,52.0,5,3,0,0,30.1,0
67.6,15.4,3,0,54.7,3,2,0,0,31.2,0
67.7,23.1,0,0,11.6,7,2,2,0,18.6,0
8.9,25.3,1,1,51.2,7,5,2,1,41.8,0
68.3,22.1,0,1,32.7,4,0,1,0,13.6,0
262.9,27.3,1,2,95.9,10,0,3,0,66.7,1
157.8,23.6,1,3,23.1,3,3,0,1,40.1,0
37.6,19.9,0,2,54.0,5,0,0,1,27.8,0
2.6,19.6,2,1,38.1,5,8,2,2,38.5,0
29.2,27.9,1,1,78.7,6,4,2,0,42.7,0
113.8,19.1,2,2,97.6,7,2,0,0,44.5,0
78.6,28.5,0,1,60.1,2,2,1,0,26.3,0
40.0,30.3,3,2,82.3,6,4,1,0,39.3,0
3.7,13.0,3,1,28.7,3,4,0,0,28.7,0
36.2,29.8,3,0,69.0,1,2,0,2,33.5,0
41.1,35.4,2,1,55.7,5,2,0,0,28.4,0
171.5,24.5,2,1,79.8,5,0,0,2,56.2,1
66.6,26.6,1,1,70.5,3,1,0,1,27.8,0
24.3,29.2,0,0,29.7,9,4,1,0,23.3,0
48.4,21.3,1,1,21.7,6,2,0,0,23.6,0
4.4,24.1,2,2,90.7,4,4,0,0,36.1,0
233.7,15.1,3,3,75.4,5,2,0,0,60.8,1
29.0,23.8,1,0,57.3,3,1,3,1,30.6,0
42.2,26.0,0,0,79.7,6,3,2,0,31.4,0
28.5,26.1,1,1,47.7,5,4,1,0,25.1,0
74.6,29.4,3,1,38.9,7,4,0,1,45.0,0
70.6,18.4,0,0,32.9,1,1,0,1,18.2,0
81.7,19.8,0,0,25.6,4,3,0,2,27.0,0
20.3,34.4,1,2,79.2,6,2,1,0,31.0,0
24.7,22.1,0,2,23.0,1,5,1,0,25.8,0
8.7,24.2,0,1,75.6,2,3,0,0,25.5,0
69.3,22.6,0,1,84.9,2,2,0,0,30.8,0
2.6,18.1,2,1,74.5,5,4,0,2,38.9,0
59.2,32.7,0,0,58.0,4,4,0,0,23.0,0
132.5,19.8,1,1,34.5,9,3,0,0,35.3,0
144.0,16.2,2,0,48.1,4,1,0,2,42.7,0
38.7,20.3,3,1,48.9,6,3,1,0,38.6,0
40.0,11.0,3,0,7.6,2,7,2,0,34.3,0
5.2,19.1,1,1,58.3,4,3,0,0,23.6,0
72.2,17.2,3,1,12.5,6,1,0,2,26.2,0
111.9,26.7,0,0,61.8,4,1,0,2,30.6,0
18.2,19.0,2,0,60.4,7,1,1,0,25.3,0
35.6,28.3,1,0,60.0,3,5,2,1,29.5,0
118.6,31.4,0,1,44.4,5,6,2,3,46.9,0
136.3,27.7,1,0,39.3,1,2,2,0,41.1,0
18.1,21.7,0,0,55.3,5,2,0,1,10.1,0
52.0,23.8,2,1,47.1,7,1,0,0,24.5,0
13.9,13.9,1,2,50.6,4,2,0,1,26.0,0
7.0,22.2,1,0,53.1,3,4,1,0,25.6,0
157.3,17.8,0,1,87.9,4,2,1,1,43.7,0
111.6,27.2,0,3,48.5,1,3,0,1,36.0,0
92.8,38.0,3,3,73.6,5,4,0,1,56.2,1
3.2,26.0,2,0,86.5,7,2,1,2,39.6,0
120.7,11.1,3,2,53.7,5,1,0,0,43.7,0
37.5,20.8,0,1,72.2,1,5,2,0,26.2,0
27.2,23.7,0,3,32.7,2,3,0,0,10.9,0
51.4,23.5,1,1,23.3,4,0,1,0,18.4,0
6.2,18.6,1,2,46.7,4,4,1,0,27.5,0
91.9,24.5,0,2,40.0,6,2,2,0,33.4,0
56.8,15.5,2,1,58.1,1,2,2,3,45.5,0
13.4,17.3,1,2,69.1,5,4,0,1,29.8,0
13.6,26.9,0,0,56.0,4,3,1,0,21.6,0
13.2,16.9,0,0,86.6,7,3,1,0,27.0,0
3.8,26.2,1,1,35.2,6,4,1,2,28.8,0
57.6,14.8,2,3,54.4,6,4,3,0,48.2,0
119.3,33.6,1,1,49.6,4,3,0,0,30.2,0
1.1,18.4,1,1,61.8,10,3,1,1,29.4,0
3.3,21.7,0,1,19.3,3,3,1,0,21.5,0
55.3,25.0,3,0,87.3,4,0,0,2,44.7,0
111.3,19.6,3,0,16.6,10,1,1,0,33.0,0
25.7,23.9,1,1,73.3,8,3,0,0,29.6,0
28.0,26.5,0,3,48.8,4,0,2,3,34.2,0
59.0,28.8,1,0,69.2,6,2,2,0,35.0,0
20.8,27.7,1,1,33.9,7,2,0,2,25.5,0
1.8,22.0,3,0,74.6,6,3,2,2,41.5,0
86.4,22.1,3,0,44.8,6,3,2,0,42.7,0
63.9,37.1,2,0,41.8,5,1,1,2,34.8,0
56.5,28.7,0,1,92.1,3,1,2,0,32.8,0
88.0,17.5,3,0,95.5,3,3,0,0,47.1,0
73.1,23.6,1,0,80.8,4,6,2,2,44.2,0
15.0,21.0,2,2,24.2,5,3,3,0,29.7,0
28.2,22.2,1,3,54.5,3,1,0,1,32.6,0
8.8,15.6,0,0,72.1,3,2,0,0,14.5,0
9.0,20.5,1,1,73.6,2,1,1,1,31.8,0
73.3,33.9,0,0,55.0,4,1,0,2,33.1,0
127.2,26.5,1,2,19.6,8,4,3,1,48.9,0
213.8,8.1,2,1,6.0,1,2,0,3,41.2,0
64.3,30.3,0,2,51.9,4,5,0,1,27.8,0
13.2,29.5,0,0,54.4,2,1,2,0,24.3,0
7.3,20.8,0,1,65.4,7,1,0,0,20.3,0
108.9,27.3,1,1,39.6,5,3,3,1,35.9,0
56.2,17.8,3,0,83.3,4,2,1,0,43.5,0
62.6,20.2,0,0,49.1,4,4,0,0,20.5,0
98.9,32.0,0,1,76.7,4,2,1,0,34.6,0
79.0,21.4,3,1,23.2,8,4,1,1,40.2,0
116.9,11.8,2,0,86.1,6,0,0,0,40.1,0
3.8,22.6,0,1,32.9,8,2,0,2,27.7,0
89.5,22.5,2,0,66.0,5,2,2,2,52.0,0
123.7,30.2,1,0,64.9,3,4,2,1,37.8,0
21.9,23.1,2,1,40.5,4,1,3,1,37.5,0
66.5,20.5,1,0,80.7,7,5,0,0,27.8,0
24.5,29.3,3,1,56.3,8,4,1,0,43.3,0
206.0,23.7,0,0,77.4,6,7,3,0,59.5,1
2.2,18.5,0,1,64.8,12,1,0,0,17.5,0
56.4,29.9,1,1,58.9,6,3,2,2,40.1,0
11.8,24.2,1,3,49.4,3,1,3,0,37.5,0
81.0,23.0,3,0,42.4,7,4,0,0,34.1,0
12.6,24.1,1,1,59.5,6,3,1,0,25.5,0
17.4,16.6,0,0,65.1,5,4,1,0,23.9,0
44.3,19.8,1,1,77.5,3,1,0,1,36.5,0
160.1,23.0,1,1,51.5,5,3,3,0,41.1,0
15.5,21.8,3,0,59.2,4,2,2,0,31.9,0
10.1,30.6,1,1,51.8,4,2,3,1,31.3,0
92.5,24.3,1,0,69.0,4,3,1,1,44.8,0
45.1,28.1,2,0,87.6,3,4,0,0,40.4,0
157.8,23.1,2,0,11.7,4,1,0,0,24.8,0
10.3,29.3,1,1,51.1,6,2,2,2,33.1,0
67.5,25.4,0,2,81.4,8,3,0,0,36.8,0
17.2,23.1,2,0,62.8,4,2,0,2,34.2,0
11.1,22.9,2,1,7.8,2,3,2,1,26.5,0
74.8,17.3,2,0,79.2,4,2,0,2,40.1,0
58.5,26.0,3,0,45.0,4,7,0,2,48.4,0
91.4,22.8,2,2,87.4,1,4,1,0,46.4,0
24.1,20.0,2,1,40.5,2,1,1,0,19.5,0
38.6,29.6,3,0,36.0,3,9,0,0,33.7,0
33.8,15.5,0,0,57.1,7,1,0,0,19.2,0
269.2,20.5,1,2,17.9,7,3,0,0,44.0,0
22.5,29.2,1,0,46.7,3,6,0,1,20.2,0
22.7,24.9,0,0,38.1,3,0,0,1,15.0,0
28.5,22.7,2,1,36.5,2,3,3,1,32.9,0
54.0,24.5,2,1,49.4,5,0,3,0,37.2,0
18.9,24.1,2,1,47.0,2,2,0,0,22.4,0
160.5,13.9,3,2,67.8,4,0,2,0,58.2,1
20.1,20.9,0,0,44.2,4,0,0,0,5.9,0
147.0,32.7,2,1,31.2,7,3,0,0,31.9,0
7.1,19.0,1,0,35.1,3,2,0,1,17.6,0
69.5,21.1,0,1,75.3,4,1,2,2,38.6,0
154.4,19.8,0,2,26.3,3,4,0,0,29.4,0
12.0,22.5,2,1,79.3,4,3,0,0,33.1,0
224.4,19.5,1,1,49.4,5,3,3,1,56.7,1
39.2,25.9,2,2,33.2,2,1,3,0,38.4,0
189.4,24.2,1,0,44.8,3,4,0,0,37.5,0
73.4,27.6,0,1,47.5,1,3,0,1,32.1,0
23.3,16.7,0,2,88.7,7,3,0,0,25.6,0
13.6,21.0,1,1,61.1,4,6,0,1,36.3,0
23.5,21.6,3,0,57.2,2,0,0,0,26.5,0
6.3,25.7,0,0,8.5,7,0,2,0,3.9,0
10.1,18.2,3,0,41.3,1,5,1,2,25.6,0
7.2,28.5,3,0,22.6,6,3,0,1,22.6,0
35.7,30.1,3,1,46.8,7,2,2,0,40.9,0
103.2,17.1,1,0,35.8,7,2,1,3,40.7,0
9.9,20.1,3,0,31.9,4,2,3,0,29.1,0
9.1,19.8,1,1,82.8,4,1,0,0,23.6,0
67.0,38.0,0,1,73.4,5,5,2,3,49.8,0
14.3,20.4,0,1,23.6,4,5,2,2,20.4,0
6.7,33.1,3,1,52.0,0,6,2,0,34.9,0
11.9,15.4,0,0,63.8,12,4,2,1,33.8,0
167.3,17.1,1,0,19.6,7,3,2,0,33.5,0
112.0,18.9,0,0,93.2,8,2,2,0,42.4,0
28.4,17.9,0,1,40.1,6,2,2,1,25.3,0
69.3,21.4,0,0,39.6,6,2,0,0,16.4,0
50.1,18.7,2,1,83.0,1,4,0,1,35.0,0
73.5,18.1,1,0,71.6,3,1,0,0,25.5,0
74.6,30.0,3,3,64.4,4,0,0,0,49.8,0
64.4,30.3,1,1,88.5,4,2,2,0,37.9,0
20.1,28.7,3,1,71.1,4,1,3,2,49.0,0
2.6,26.1,1,2,60.5,6,5,0,1,32.4,0
39.5,23.6,1,1,50.5,1,5,0,2,41.8,0
144.1,20.0,1,1,69.5,8,2,0,2,50.7,0
54.8,17.3,1,3,38.9,3,2,1,0,23.8,0
116.1,25.2,2,1,71.9,5,3,0,0,43.3,0
310.9,16.0,1,2,40.0,4,4,1,0,59.5,1
11.6,17.0,2,0,73.3,2,3,0,0,32.5,0
76.5,29.9,2,2,28.7,2,4,0,0,24.7,0
72.9,34.4,0,0,46.1,4,3,0,2,25.9,0
254.1,25.4,1,0,57.4,6,3,0,2,49.7,0
275.6,29.6,0,1,94.0,3,0,2,0,58.0,1
75.4,21.5,1,0,56.3,6,1,1,0,27.4,0
18.1,15.0,1,0,80.1,8,4,1,3,38.3,0
104.1,26.7,3,0,70.4,8,4,0,1,40.1,0
7.4,26.4,0,1,74.3,2,1,0,0,22.6,0
98.6,23.4,0,2,57.3,2,1,0,0,27.0,0
156.7,21.5,0,1,77.7,4,1,2,0,41.3,0
31.4,28.8,1,2,56.2,3,1,0,0,23.8,0
64.7,17.1,2,1,69.9,6,2,0,2,38.4,0
36.6,18.4,2,0,19.5,3,5,1,0,28.5,0
37.4,17.0,2,0,22.5,1,1,1,0,22.9,0
24.2,23.5,2,1,43.0,5,2,1,0,20.2,0
93.3,16.5,0,0,61.4,3,3,0,0,19.6,0
178.9,18.9,0,0,86.3,5,2,2,1,40.7,0
183.7,18.8,0,1,71.4,3,0,3,0,36.2,0
12.5,21.4,2,1,59.3,5,2,2,0,38.3,0
135.0,14.1,2,0,88.2,3,3,0,0,45.9,0
86.9,23.5,1,2,50.2,6,4,2,0,46.2,0
18.9,30.5,0,1,97.4,5,4,0,0,27.9,0
4.5,23.8,1,1,17.9,6,3,0,1,21.7,0
20.3,32.2,3,3,34.6,6,3,0,2,40.3,0
158.1,31.0,0,0,27.4,6,3,0,1,21.0,0
65.2,27.7,2,1,53.7,4,2,2,0,42.0,0
83.0,23.4,0,2,61.9,9,1,2,1,36.7,0
19.3,23.1,0,1,93.1,3,2,0,0,27.6,0
82.6,27.6,2,2,34.7,3,2,1,0,32.2,0
1.9,20.6,0,1,12.3,2,1,0,3,8.5,0
30.6,11.7,2,1,73.1,1,2,0,3,39.6,0
64.1,26.0,2,0,57.8,5,2,1,2,44.7,0
10.3,16.2,1,3,10.1,8,3,0,0,14.7,0
112.6,17.2,2,2,17.7,4,1,0,1,33.3,0
17.4,23.0,1,2,84.4,4,2,0,0,35.6,0
68.7,22.4,0,1,81.6,3,1,0,2,22.7,0
33.8,14.5,2,0,42.8,4,2,0,0,19.2,0
58.9,24.0,1,0,45.7,6,2,0,1,25.6,0
7.4,28.8,0,2,59.7,3,2,0,0,18.5,0
1.1,16.2,3,0,82.6,5,3,0,0,30.7,0
156.2,30.6,1,0,49.4,3,2,3,0,37.5,0
20.4,13.6,2,1,81.2,6,1,2,0,38.5,0
111.3,35.7,2,1,42.0,1,1,0,2,32.9,0
350.0,20.5,1,1,57.3,1,4,3,2,67.4,1
15.4,23.9,1,1,61.2,4,1,0,0,17.6,0
20.0,11.6,1,1,67.3,4,3,0,0,31.0,0
70.7,22.6,1,2,31.0,0,4,0,0,22.7,0
218.7,24.4,2,0,15.4,6,3,0,0,39.7,0
160.9,22.5,2,0,32.1,5,1,1,1,36.7,0
45.4,19.6,0,1,60.1,1,1,1,0,16.9,0
103.0,17.3,1,3,16.8,4,5,3,0,37.8,0
9.5,29.8,3,0,33.4,5,5,2,0,30.6,0
246.4,23.2,1,0,57.6,10,3,0,2,51.9,0
216.7,32.2,2,1,64.1,1,2,0,3,55.7,1
11.6,19.8,2,1,19.7,3,3,0,0,14.5,0
23.1,20.4,1,3,15.7,1,2,0,1,26.9,0
6.9,27.9,1,2,15.5,7,2,0,2,27.7,0
20.6,13.3,2,1,58.5,5,4,2,0,36.5,0
110.0,15.7,1,1,24.3,4,4,0,0,28.7,0
30.9,29.6,1,0,47.1,3,1,1,0,18.4,0
6.0,16.0,2,1,67.2,1,2,1,0,23.8,0
27.2,12.1,2,1,48.3,9,6,0,0,31.4,0
258.9,34.2,0,0,20.4,5,4,0,0,34.0,0
64.6,14.6,0,0,85.4,6,3,0,2,40.2,0
35.0,24.1,0,2,30.4,5,2,2,2,39.5,0
11.8,23.4,1,1,44.3,8,3,1,2,27.3,0
278.3,8.0,0,1,78.2,4,2,2,1,58.9,1
111.8,21.4,1,0,63.4,6,4,0,1,39.8,0
21.5,25.7,0,1,87.3,5,2,0,1,30.0,0
4.7,25.1,1,2,79.1,3,2,0,2,34.8,0
3.8,28.4,1,0,80.7,3,3,0,0,29.6,0
8.3,20.7,1,1,72.0,4,2,0,1,33.1,0
56.5,27.3,1,0,53.5,8,0,2,2,36.3,0
171.7,18.9,0,1,82.2,8,0,2,1,56.8,1
44.6,14.5,3,2,43.1,1,2,2,2,47.5,0
120.3,15.2,0,1,50.9,5,1,0,0,24.3,0
38.4,14.2,1,2,46.5,2,3,1,0,32.7,0
80.1,29.1,3,2,51.0,2,1,0,1,36.3,0
85.6,13.9,1,3,33.1,5,0,2,0,35.0,0
12.4,24.6,2,2,33.1,6,1,0,0,26.8,0
29.1,21.4,0,0,50.7,2,2,0,3,21.2,0
65.9,22.4,1,3,93.4,4,6,3,1,59.4,1
4.8,31.2,1,0,13.7,4,2,0,0,11.4,0
29.2,20.4,0,0,31.0,3,1,0,0,6.4,0
49.7,26.7,1,0,69.8,7,0,1,0,21.4,0
350.0,23.2,1,0,62.3,6,0,0,3,54.4,0
41.8,22.1,1,1,52.2,5,3,0,3,32.3,0
110.1,36.8,3,1,39.5,3,0,1,0,35.1,0
36.8,14.4,0,0,33.6,4,3,0,0,21.4,0
103.5,30.7,0,1,19.0,2,4,0,1,23.0,0
58.8,26.9,1,1,38.1,3,2,1,1,26.2,0
141.5,20.1,1,2,35.4,1,4,1,0,38.3,0
34.4,32.8,2,0,47.5,7,3,0,0,26.5,0
60.3,11.9,1,0,82.3,4,3,2,2,40.5,0
64.6,19.9,0,0,46.4,1,3,1,0,22.5,0
35.1,15.7,2,0,59.3,4,3,0,0,26.6,0
10.1,25.5,2,1,72.1,5,0,2,2,37.4,0
6.4,16.3,1,1,64.2,5,4,0,1,26.1,0
1.1,25.6,1,0,61.2,2,2,3,1,33.8,0
134.4,21.9,0,0,75.0,5,3,2,1,39.9,0
17.5,20.1,0,0,62.4,4,2,0,0,11.6,0
15.4,25.3,0,3,61.9,3,1,1,2,31.0,0
86.6,21.4,1,0,38.2,2,1,1,0,24.9,0
25.1,16.5,3,2,64.5,3,5,2,0,41.9,0
45.8,38.0,1,1,83.2,3,1,2,0,45.9,0
11.5,20.1,0,0,56.8,6,3,1,0,23.8,0
208.8,9.7,0,3,85.7,4,5,1,0,53.8,0
124.0,17.9,1,2,50.8,2,1,0,0,29.9,0
129.6,15.4,1,1,88.9,3,3,2,0,42.5,0
33.9,28.0,1,1,44.0,1,3,1,1,23.1,0
93.4,24.9,1,1,74.2,5,2,0,0,33.0,0
10.1,25.4,1,0,25.7,8,4,1,2,28.7,0
0.6,20.8,0,0,48.7,3,2,0,1,18.9,0
1.3,21.3,0,2,55.9,3,3,0,2,26.5,0
57.4,20.8,0,2,17.4,5,1,3,2,34.6,0
39.5,22.5,0,0,53.6,4,3,2,0,26.6,0
47.4,28.0,0,2,89.1,8,2,1,2,42.8,0
0.5,25.0,0,1,27.5,6,4,1,0,16.9,0
35.7,26.0,2,0,82.8,4,2,0,0,28.5,0
82.3,26.0,2,1,55.8,3,2,0,0,32.4,0
38.0,28.3,1,1,62.7,7,0,0,0,22.5,0
85.6,24.7,2,2,82.9,5,2,0,0,42.6,0
17.2,25.2,0,2,79.1,6,1,0,3,28.9,0
109.0,30.1,2,0,13.0,4,3,0,1,28.5,0
57.7,19.0,1,1,57.9,4,5,2,0,43.1,0
15.4,17.9,1,2,95.8,5,5,2,0,50.7,0
17.6,15.9,1,2,12.6,1,1,1,0,21.4,0
64.3,24.1,0,0,56.8,1,5,0,1,30.7,0
115.2,11.9,3,1,49.8,5,1,2,0,41.6,0
34.9,25.8,0,2,41.6,6,2,0,2,23.4,0
19.4,22.3,0,0,65.8,10,3,0,0,23.0,0
131.1,29.8,0,1,88.1,5,5,3,0,57.6,1
71.9,19.0,0,2,64.9,8,3,3,0,46.4,0
38.6,21.8,0,0,72.2,6,4,1,3,31.6,0
43.5,29.7,0,2,64.3,2,2,0,1,28.0,0
14.9,31.3,0,0,13.7,3,3,2,0,18.4,0
64.1,18.9,2,0,86.5,3,5,1,1,49.3,0
28.9,24.1,0,0,79.1,2,1,2,1,28.7,0
350.0,24.8,0,0,48.6,2,1,1,2,54.6,0
42.5,25.2,1,0,22.0,4,6,2,0,27.7,0
43.2,21.4,3,1,53.5,3,2,0,0,27.8,0
54.2,30.7,0,0,72.5,4,1,0,0,21.8,0
161.6,11.7,0,3,96.4,7,2,1,0,52.6,0
104.9,20.5,3,1,54.5,6,0,0,0,36.2,0
39.0,25.7,0,1,14.4,4,4,0,0,21.5,0
82.4,25.7,1,1,38.9,7,4,3,1,43.3,0
57.4,31.1,0,1,63.1,3,4,2,2,32.1,0
44.1,30.2,3,1,81.4,6,3,0,0,37.7,0
13.9,21.3,3,0,65.8,4,3,2,0,29.8,0
40.5,30.8,2,2,74.7,4,4,1,3,47.6,0
18.3,18.7,0,1,29.1,5,4,1,0,15.1,0
160.1,28.6,1,0,63.2,5,0,0,0,34.4,0
26.6,33.9,0,1,79.2,7,1,0,0,23.2,0
197.7,30.3,2,1,66.5,3,3,0,0,49.0,0
49.5,23.6,3,0,30.4,7,4,1,1,40.9,0
64.9,21.0,1,2,63.6,4,6,0,2,45.6,0
50.9,13.8,1,1,92.0,7,1,0,0,39.6,0
9.0,24.9,0,1,58.1,4,1,2,0,23.4,0
30.6,16.3,1,1,17.7,11,4,0,1,22.0,0
6.8,18.2,1,3,33.8,6,4,0,2,26.6,0
63.4,15.9,1,0,65.2,1,5,0,1,28.9,0
38.5,20.2,1,1,56.8,9,1,1,1,33.1,0
97.8,22.8,0,0,40.4,5,3,0,1,19.9,0
16.2,24.6,2,1,52.0,5,3,0,0,25.5,0
11.7,19.4,2,0,57.3,5,4,0,0,21.1,0
33.9,29.4,3,0,87.1,5,2,0,0,36.5,0
169.8,21.8,2,2,86.5,2,2,0,0,45.5,0
80.6,18.3,1,1,36.4,3,4,1,0,24.4,0
35.3,24.4,0,0,39.5,5,3,1,0,18.9,0
47.3,34.8,3,1,45.5,6,2,2,1,35.2,0
5.7,25.0,1,1,19.8,3,1,1,0,17.2,0
271.2,20.8,1,0,48.5,4,5,1,2,53.7,0
71.4,13.8,1,0,51.9,5,4,0,1,30.2,0
21.8,21.7,2,3,62.2,2,0,2,2,34.8,0
57.3,24.4,0,1,50.9,2,2,0,0,26.2,0
7.5,20.7,0,0,86.0,2,2,3,1,28.6,0
219.5,13.0,1,2,53.4,6,2,2,0,59.0,1
12.5,17.9,2,1,59.1,6,2,0,0,25.6,0
67.9,31.7,1,0,62.3,6,4,3,1,47.0,0
18.3,31.6,1,0,72.2,6,3,0,1,31.7,0
82.2,17.7,1,0,73.9,5,3,2,0,36.5,0
97.5,27.0,2,2,67.9,5,0,3,0,50.4,0
72.7,15.9,2,0,79.1,2,8,0,0,38.5,0
62.0,31.4,1,0,49.4,9,2,1,1,30.0,0
144.9,24.5,0,2,74.4,2,3,1,0,44.0,0
5.3,28.7,3,0,77.5,7,4,1,2,36.7,0
26.1,12.7,1,1,80.5,3,2,0,0,25.6,0
18.6,27.1,2,0,58.2,0,5,0,2,33.7,0
287.6,23.0,0,1,77.6,7,1,0,1,56.1,1
32.1,28.1,0,0,22.5,4,4,0,3,21.7,0
85.7,28.5,2,0,40.2,4,4,0,0,27.2,0
75.0,23.4,0,1,61.9,5,4,0,1,32.4,0
15.5,19.4,1,1,27.1,4,0,0,0,13.3,0
17.8,27.7,1,1,35.6,6,3,0,0,29.0,0
21.5,22.6,2,1,63.4,6,2,0,0,29.8,0
34.4,17.8,0,1,36.3,3,2,1,0,12.7,0
17.4,17.5,0,1,50.1,3,4,2,1,26.4,0
1.3,14.1,3,1,55.1,4,2,0,2,30.5,0
137.5,19.9,1,1,72.1,2,4,2,0,40.3,0
219.0,29.6,0,1,42.8,4,4,1,2,42.0,0
27.2,24.1,0,1,20.9,4,4,0,0,13.8,0
26.9,19.8,3,0,72.0,3,1,2,0,34.4,0
0.5,27.8,0,0,64.8,4,1,2,0,23.0,0
74.1,18.0,1,0,49.6,7,3,3,3,45.7,0
113.5,23.6,1,2,56.4,5,0,3,0,42.0,0
10.3,21.9,2,2,45.1,2,1,1,0,27.5,0
11.3,27.7,2,1,26.6,6,0,2,1,35.3,0
101.5,13.5,1,0,59.2,5,2,0,1,38.3,0
62.3,17.9,0,0,82.0,3,1,0,0,25.3,0
3.0,13.2,2,2,19.3,5,4,0,2,28.5,0
63.3,21.4,1,2,27.8,3,2,2,0,32.2,0
24.0,30.3,3,0,74.7,8,2,0,0,35.5,0
29.9,20.0,1,2,51.0,11,5,2,0,38.7,0
95.5,19.9,1,1,43.6,6,2,1,0,25.6,0
108.3,28.2,0,0,60.9,5,3,2,3,42.5,0
33.2,29.4,2,1,78.2,6,1,0,0,35.2,0
191.1,22.5,0,1,60.7,4,1,1,1,41.0,0
33.9,27.1,1,2,82.9,5,2,0,3,36.8,0
96.0,16.5,0,0,57.5,3,2,0,2,28.9,0
43.0,31.3,0,0,24.1,5,2,3,0,23.0,0
148.1,35.9,0,0,94.5,8,1,0,0,31.7,0
154.9,26.1,0,0,40.0,4,4,0,1,29.2,0
5.9,10.5,2,1,39.6,5,4,2,0,34.0,0
179.2,19.7,1,0,49.1,3,0,0,0,34.3,0
113.5,26.7,2,1,69.1,4,2,2,2,51.9,0
101.8,20.5,0,0,23.5,1,2,1,1,29.4,0
14.6,30.6,1,1,75.7,6,4,0,2,34.8,0
106.3,26.5,1,1,71.3,2,2,1,3,45.8,0
123.4,18.8,3,1,58.3,6,0,1,0,48.3,0
22.2,23.2,2,0,48.3,2,2,1,1,28.5,0
197.7,17.6,1,0,72.7,7,2,0,1,47.2,0
3.3,21.9,2,0,15.4,8,4,0,0,10.7,0
10.6,19.7,0,0,54.2,5,2,3,1,30.2,0
50.1,30.0,1,0,22.0,7,4,0,0,18.3,0
55.7,35.7,0,0,72.4,3,2,1,2,31.4,0
67.3,14.4,0,1,45.0,4,1,2,2,38.3,0
1.1,11.5,0,3,53.4,6,2,0,0,23.2,0
209.8,21.5,2,0,78.7,3,2,0,1,52.0,0
3.0,13.9,1,2,77.3,5,0,1,1,30.1,0
10.0,23.3,2,0,67.6,9,1,1,0,29.0,0
0.9,27.5,1,1,41.9,4,0,0,0,21.5,0
54.4,32.0,0,1,70.6,4,3,0,2,33.3,0
175.0,24.2,2,2,41.1,4,3,1,0,52.7,0
71.3,21.8,2,0,81.5,10,2,1,1,39.1,0
112.4,11.1,3,0,88.4,2,2,1,1,43.5,0
0.9,23.2,1,0,42.1,1,0,0,1,14.6,0
50.8,23.4,2,1,72.6,5,5,0,0,40.4,0
40.0,26.8,2,2,69.3,9,2,1,2,45.0,0
44.9,18.7,0,2,81.1,8,4,0,0,26.9,0
4.9,20.4,0,1,18.1,2,7,0,3,20.1,0
75.0,14.1,0,1,27.0,3,3,2,0,28.3,0
45.5,9.3,0,2,63.5,5,4,0,0,31.4,0
94.2,16.3,1,1,73.4,5,1,0,0,30.2,0
43.2,13.6,3,0,37.9,8,2,1,0,37.0,0
10.5,25.0,1,2,50.1,2,3,2,2,38.2,0
